purchase_month,category_l1,category_cn,order_type,order_cnt,gmv,delivered_cnt,cancel_cnt,shipped_cnt,ship_overdue_cnt,late_cnt,delivery_days_sum,delivery_days_cnt,review_cnt,bad_cnt,score_sum,qc_cnt,qc_fake_cnt,qc_defect_cnt,qc_mismatch_cnt,qc_missing_cnt,qc_package_cnt,fc_not_received_cnt
2017-01,图书文娱,乐器,单件,1,339.74,1,0,1,0,0,12.63,1,1,0,4,0,0,0,0,0,0,0
2017-01,其他,保险服务,单件,1,183.29,1,0,1,0,0,19.22,1,1,0,4,0,0,0,0,0,0,0
2017-01,服饰鞋包,内衣泳装,单件,2,137.25,2,0,2,2,0,26.54,2,2,1,6,0,0,0,0,0,0,0
2017-01,其他,农业工商,单件,1,21.99,1,0,1,0,0,8.80,1,1,0,5,0,0,0,0,0,0,0
2017-01,其他,农业工商,同SKU多件,1,43.98,1,0,1,0,0,8.17,1,1,0,4,0,0,0,0,0,0,0
2017-01,家居家纺,办公家具,单件,5,799.55,5,0,5,0,0,67.50,5,5,4,11,2,0,2,1,1,1,0
2017-01,家居家纺,办公家具,同SKU多件,2,644.80,1,0,1,0,0,13.98,1,2,1,6,0,0,0,0,0,0,1
2017-01,家居家纺,卧室家具,单件,8,73.20,8,0,8,7,0,88.66,8,8,0,40,0,0,0,0,0,0,0
2017-01,家居家纺,厨房餐厅庭院家具,单件,1,110.00,1,0,1,0,0,11.39,1,1,0,5,0,0,0,0,0,0,0
2017-01,汽配工具,园艺工具,单件,36,6662.09,32,0,32,4,0,347.16,32,36,13,121,7,0,5,1,1,0,4
2017-01,汽配工具,园艺工具,同SKU多件,4,1490.66,4,0,4,1,0,56.40,4,4,1,16,1,0,0,0,1,0,1
2017-01,3C数码,固定电话,单件,16,543.16,16,0,16,4,0,156.02,16,14,0,64,1,0,0,0,0,1,0
2017-01,3C数码,固定电话,同SKU多件,3,133.96,3,0,3,0,0,29.51,3,3,1,11,0,0,0,0,0,0,0
2017-01,图书文娱,大众图书,单件,2,234.89,2,0,2,0,0,17.05,2,2,0,10,0,0,0,0,0,0,0
2017-01,服饰鞋包,女装,单件,2,77.30,2,0,2,2,0,34.24,2,2,0,8,1,0,0,1,0,0,0
2017-01,母婴玩具,婴童用品,单件,28,6010.27,27,0,27,7,1,344.31,27,27,1,122,0,0,0,0,0,0,0
2017-01,母婴玩具,婴童用品,单商家多SKU,1,95.00,1,0,1,0,0,6.19,1,1,0,5,0,0,0,0,0,0,0
2017-01,母婴玩具,婴童用品,同SKU多件,3,292.60,3,0,3,0,0,30.38,3,3,0,14,0,0,0,0,0,0,0
2017-01,宠物,宠物用品,单件,11,648.63,10,0,11,6,0,135.31,10,11,0,51,0,0,0,0,0,0,0
2017-01,宠物,宠物用品,单商家多SKU,1,139.00,1,0,1,0,0,19.74,1,1,0,5,0,0,0,0,0,0,0
2017-01,宠物,宠物用品,多商家,1,179.49,1,0,1,0,0,7.83,1,1,1,1,0,0,0,0,0,0,1
2017-01,家居家纺,客厅家具,单件,6,825.94,6,0,6,3,0,63.63,6,6,0,28,0,0,0,0,0,0,0
2017-01,家居家纺,客厅家具,同SKU多件,2,415.96,2,0,2,1,0,17.33,2,2,0,10,0,0,0,0,0,0,0
2017-01,家居家纺,家具软装,单件,112,8931.15,107,0,111,21,4,1399.75,107,112,16,450,4,0,3,1,0,0,3
2017-01,家居家纺,家具软装,单商家多SKU,8,1622.40,8,0,8,0,0,84.60,8,8,3,27,3,0,1,1,1,0,0
2017-01,家居家纺,家具软装,同SKU多件,16,3083.71,16,0,16,1,2,305.64,16,16,4,59,2,0,0,1,1,0,2
2017-01,家居家纺,家具软装,多商家,1,188.65,1,0,1,0,0,,0,1,0,4,0,0,0,0,0,0,0
2017-01,家居家纺,家庭日用,单件,16,1987.12,16,0,16,3,1,204.38,16,16,1,72,0,0,0,0,0,0,0
2017-01,家居家纺,家庭日用,单商家多SKU,2,332.80,2,0,2,1,0,14.07,2,2,0,9,0,0,0,0,0,0,0
2017-01,家居家纺,家庭日用,同SKU多件,3,507.66,3,0,3,1,0,42.20,3,3,1,10,1,0,0,0,1,0,0
2017-01,家用电器,家用电器2,单件,6,2094.70,5,0,6,1,0,73.85,5,5,0,23,0,0,0,0,0,0,0
2017-01,家用电器,家用电器2,同SKU多件,1,31.98,1,0,1,1,0,14.82,1,1,0,5,0,0,0,0,0,0,0
2017-01,家用电器,小家电,单件,6,1660.79,6,0,6,2,1,88.60,6,6,0,28,0,0,0,0,0,0,0
2017-01,家居家纺,居家舒适2,单件,2,72.80,2,0,2,1,0,15.67,2,2,0,9,0,0,0,0,0,0,0
2017-01,其他,平台综合,单件,6,447.04,5,0,5,0,0,47.25,5,6,1,22,0,0,0,0,0,0,1
2017-01,家居家纺,床品布艺卫浴,单件,40,3396.76,38,0,40,5,2,503.18,38,40,5,168,1,0,0,1,0,0,0
2017-01,家居家纺,床品布艺卫浴,同SKU多件,2,258.80,2,0,2,1,0,40.13,2,2,0,8,0,0,0,0,0,0,0
2017-01,汽配工具,建筑工具,单件,1,310.00,0,0,0,0,0,,0,1,1,1,0,0,0,0,0,0,1
2017-01,图书文娱,影视光碟,单商家多SKU,1,29.80,1,0,1,0,0,14.02,1,1,0,5,0,0,0,0,0,0,0
2017-01,3C数码,手机通讯,单件,16,2558.03,12,0,13,3,0,121.05,12,16,3,62,0,0,0,0,0,0,1
2017-01,3C数码,手机通讯,单商家多SKU,2,76.87,2,0,2,0,0,22.30,2,2,0,8,0,0,0,0,0,0,0
2017-01,3C数码,手机通讯,同SKU多件,3,310.96,3,0,3,1,0,34.88,3,3,0,13,0,0,0,0,0,0,0
2017-01,图书文娱,文具,单件,5,845.50,5,0,5,2,0,72.76,5,5,0,22,0,0,0,0,0,0,0
2017-01,图书文娱,文具,同SKU多件,2,716.49,2,0,2,2,0,36.71,2,2,0,10,0,0,0,0,0,0,0
2017-01,服饰鞋包,旅行箱包,单件,3,382.70,3,0,3,0,1,57.55,3,3,0,14,0,0,0,0,0,0,0
2017-01,服饰鞋包,旅行箱包,单商家多SKU,1,109.80,1,0,1,0,0,7.50,1,1,0,5,0,0,0,0,0,0,0
2017-01,未知,无商品明细,无商品明细,11,0.00,0,11,0,0,0,,0,11,6,26,0,0,0,0,0,0,1
2017-01,未知,未知品类,单件,9,1625.58,8,0,9,3,0,78.58,8,9,3,31,0,0,0,0,0,0,1
2017-01,未知,未知品类,同SKU多件,2,77.06,2,0,2,0,0,25.84,2,2,0,8,0,0,0,0,0,0,0
2017-01,汽配工具,汽车用品,单件,28,3927.13,25,1,25,3,0,268.61,25,28,8,98,2,0,1,1,0,0,3
2017-01,汽配工具,汽车用品,单商家多SKU,1,831.60,1,0,1,0,0,7.11,1,1,0,5,0,0,0,0,0,0,0
2017-01,汽配工具,汽车用品,同SKU多件,1,459.80,1,0,1,0,0,4.91,1,1,1,1,1,0,0,0,1,0,0
2017-01,3C数码,游戏主机,单件,19,5628.22,17,0,17,4,2,255.00,17,18,4,72,0,0,0,0,0,0,3
2017-01,3C数码,游戏主机,同SKU多件,2,325.98,2,0,2,1,0,38.08,2,2,0,10,0,0,0,0,0,0,0
2017-01,钟表与潮流好物,潮流好物,单件,27,5202.31,26,0,26,5,0,301.22,26,27,4,110,1,0,1,0,0,0,2
2017-01,钟表与潮流好物,潮流好物,单商家多SKU,1,713.60,1,0,1,0,0,10.08,1,1,0,3,0,0,0,0,0,0,0
2017-01,钟表与潮流好物,潮流好物,同SKU多件,4,1868.96,3,0,4,2,0,32.37,3,4,2,11,2,0,0,0,2,0,1
2017-01,母婴玩具,玩具,单件,43,4814.09,41,1,41,2,0,418.67,41,43,4,183,1,0,0,1,0,0,0
2017-01,3C数码,电子产品,单件,11,617.00,11,0,11,5,1,194.47,11,11,2,42,1,1,1,0,0,0,0
2017-01,3C数码,电脑整机,单件,1,2199.99,1,0,1,0,0,21.95,1,1,0,4,0,0,0,0,0,0,0
2017-01,3C数码,电脑配件,单件,20,2855.58,20,0,20,3,1,202.03,20,20,3,84,0,0,0,0,0,0,0
2017-01,3C数码,电脑配件,同SKU多件,4,1068.56,4,0,4,0,0,53.65,4,4,0,18,0,0,0,0,0,0,0
2017-01,服饰鞋包,男装,单件,1,126.90,1,0,1,0,0,18.56,1,1,0,5,0,0,0,0,0,0,0
2017-01,家用电器,空调冷暖,单件,2,363.90,2,0,2,0,0,24.62,2,2,1,4,0,0,0,0,0,0,1
2017-01,家用电器,空调冷暖,同SKU多件,1,299.80,1,0,1,0,0,2.72,1,1,0,5,0,0,0,0,0,0,0
2017-01,服饰鞋包,箱包配饰,单件,25,1244.87,25,0,25,12,1,364.11,25,25,3,106,0,0,0,0,0,0,0
2017-01,服饰鞋包,箱包配饰,单商家多SKU,4,374.20,4,0,4,0,0,60.34,4,3,0,14,0,0,0,0,0,0,0
2017-01,服饰鞋包,箱包配饰,多商家,1,52.90,1,0,1,0,0,6.73,1,1,0,5,0,0,0,0,0,0,0
2017-01,美妆个护,美妆健康,单件,79,12193.92,76,0,77,23,1,934.25,76,77,9,318,1,0,1,1,0,0,2
2017-01,美妆个护,美妆健康,同SKU多件,3,367.40,3,0,3,1,0,27.29,3,3,1,9,0,0,0,0,0,0,0
2017-01,运动户外,运动休闲,单件,55,6952.35,51,0,54,10,3,745.16,51,54,9,225,2,0,1,0,1,0,5
2017-01,运动户外,运动休闲,单商家多SKU,1,168.00,1,0,1,1,0,19.93,1,1,0,3,1,0,0,0,1,0,0
2017-01,运动户外,运动休闲,同SKU多件,5,2442.55,4,0,5,2,0,45.80,4,5,2,16,1,0,0,0,1,0,0
2017-01,运动户外,运动休闲,多商家,1,154.72,1,0,1,1,0,10.86,1,1,0,5,0,0,0,0,0,0,0
2017-01,钟表与潮流好物,钟表礼品,单件,11,8086.52,11,0,11,2,1,148.22,11,11,2,44,0,0,0,0,0,0,0
2017-01,服饰鞋包,鞋靴,单件,1,34.90,1,0,1,0,0,7.35,1,1,0,5,0,0,0,0,0,0,0
2017-01,图书文娱,音乐,单件,2,19.80,2,0,2,2,0,23.26,2,2,0,10,0,0,0,0,0,0,0
2017-01,食品酒水,食品,单件,2,42.82,2,0,2,0,0,23.96,2,2,0,10,0,0,0,0,0,0,0
2017-01,美妆个护,香水香氛,单件,27,4944.30,27,0,27,5,0,337.65,27,26,1,124,0,0,0,0,0,0,0
2017-01,美妆个护,香水香氛,单商家多SKU,1,48.80,1,0,1,1,0,16.03,1,1,0,5,0,0,0,0,0,0,0
2017-01,美妆个护,香水香氛,同SKU多件,1,119.50,1,0,1,0,0,14.42,1,1,0,5,0,0,0,0,0,0,0
2017-02,图书文娱,专业图书,单件,1,159.00,1,0,1,1,0,7.89,1,1,0,4,0,0,0,0,0,0,0
2017-02,图书文娱,乐器,单件,6,1957.38,6,0,6,1,0,84.43,6,6,0,27,0,0,0,0,0,0,0
2017-02,图书文娱,乐器,同SKU多件,1,239.00,1,0,1,0,0,9.64,1,1,0,4,0,0,0,0,0,0,0
2017-02,服饰鞋包,内衣泳装,单件,4,200.99,4,0,4,1,0,47.93,4,4,0,20,0,0,0,0,0,0,0
2017-02,服饰鞋包,内衣泳装,单商家多SKU,1,146.00,1,0,1,0,0,9.91,1,1,0,5,0,0,0,0,0,0,0
2017-02,服饰鞋包,内衣泳装,同SKU多件,1,49.98,1,0,1,1,1,34.62,1,1,1,1,0,0,0,0,0,0,0
2017-02,其他,农业工商,单件,7,224.84,7,0,7,2,0,92.35,7,7,0,27,0,0,0,0,0,0,0
2017-02,家居家纺,办公家具,单件,44,8537.32,43,0,43,32,1,760.13,43,44,11,155,5,0,4,2,1,0,1
2017-02,家居家纺,办公家具,单商家多SKU,3,816.94,3,0,3,1,0,40.72,3,3,1,10,0,0,0,0,0,0,0
2017-02,家居家纺,办公家具,同SKU多件,6,2451.72,6,0,6,4,0,84.96,6,6,1,23,1,0,1,0,0,0,0
2017-02,家居家纺,卧室家具,单件,1,450.00,1,0,1,0,0,7.33,1,1,0,5,0,0,0,0,0,0,0
2017-02,家居家纺,厨房餐厅庭院家具,单件,2,139.90,2,0,2,0,0,39.22,2,2,0,8,1,0,1,0,0,0,0
2017-02,汽配工具,园林建材,同SKU多件,1,579.98,1,0,1,0,0,9.87,1,1,0,5,0,0,0,0,0,0,0
2017-02,汽配工具,园艺工具,单件,56,11623.62,53,1,54,11,1,711.82,53,56,9,218,3,0,3,0,0,0,1
2017-02,汽配工具,园艺工具,同SKU多件,5,1189.10,5,0,5,0,0,55.72,5,5,0,23,0,0,0,0,0,0,0
2017-02,汽配工具,园艺工具,多商家,1,281.99,1,0,1,1,0,,0,1,0,4,0,0,0,0,0,0,0
2017-02,3C数码,固定电话,单件,17,559.28,17,0,17,1,0,224.45,17,17,2,71,1,0,0,0,1,0,0
2017-02,3C数码,固定电话,同SKU多件,1,199.95,1,0,1,0,0,15.65,1,1,0,4,0,0,0,0,0,0,0
2017-02,图书文娱,大众图书,单件,8,772.71,8,0,8,3,1,149.85,8,8,1,35,0,0,0,0,0,0,0
2017-02,服饰鞋包,女装,单件,4,457.80,3,0,3,1,0,47.65,3,4,2,12,0,0,0,0,0,0,0
2017-02,母婴玩具,婴童用品,单件,30,2851.68,28,0,29,3,1,290.07,28,29,3,123,2,0,1,2,0,0,0
2017-02,母婴玩具,婴童用品,同SKU多件,1,100.00,1,0,1,0,0,17.78,1,1,0,3,0,0,0,0,0,0,0
2017-02,母婴玩具,婴童用品,多商家,1,157.90,1,0,1,0,0,4.19,1,1,0,3,1,0,0,0,1,0,1
2017-02,汽配工具,安防工具,单件,1,379.00,1,0,1,1,0,11.89,1,1,0,5,0,0,0,0,0,0,0
2017-02,宠物,宠物用品,单件,35,3480.27,34,0,34,3,0,437.13,34,35,3,151,1,0,0,1,0,0,2
2017-02,宠物,宠物用品,同SKU多件,1,180.00,1,0,1,0,0,6.00,1,1,0,5,0,0,0,0,0,0,0
2017-02,宠物,宠物用品,多商家,1,108.60,1,0,1,1,0,,0,1,1,2,0,0,0,0,0,0,0
2017-02,家居家纺,客厅家具,单件,10,1747.75,7,2,8,2,1,129.49,7,9,1,36,0,0,0,0,0,0,0
2017-02,家居家纺,客厅家具,单商家多SKU,1,207.98,1,0,1,0,0,2.82,1,1,0,3,1,0,0,0,1,0,0
2017-02,家居家纺,客厅家具,同SKU多件,4,1835.90,4,0,4,2,0,49.48,4,4,1,14,0,0,0,0,0,0,0
2017-02,家居家纺,家具软装,单件,185,16393.49,178,1,178,30,8,2432.85,178,183,30,724,7,0,2,4,2,0,10
2017-02,家居家纺,家具软装,单商家多SKU,6,1179.60,6,0,6,1,0,81.82,6,6,2,20,0,0,0,0,0,0,1
2017-02,家居家纺,家具软装,同SKU多件,23,2332.74,22,0,23,5,2,294.77,22,23,5,84,3,0,2,0,1,0,0
2017-02,家居家纺,家具软装,多商家,6,1284.57,6,0,6,1,0,87.49,6,6,2,21,1,0,0,0,1,0,0
2017-02,家居家纺,家庭日用,单件,58,11459.67,53,2,55,10,2,788.70,53,58,11,236,2,0,1,1,1,0,3
2017-02,家居家纺,家庭日用,单商家多SKU,1,194.80,1,0,1,0,0,9.51,1,1,0,5,0,0,0,0,0,0,0
2017-02,家居家纺,家庭日用,同SKU多件,7,916.40,5,0,5,1,0,63.64,5,7,3,21,0,0,0,0,0,0,2
2017-02,家用电器,家用电器,单件,7,740.90,7,0,7,2,0,129.83,7,7,1,29,1,0,1,0,0,0,0
2017-02,家用电器,家用电器2,单件,1,15.99,1,0,1,0,0,5.44,1,1,0,5,0,0,0,0,0,0,0
2017-02,汽配工具,家装建材,单件,2,321.80,2,0,2,1,0,23.82,2,2,0,10,0,0,0,0,0,0,0
2017-02,汽配工具,家装建材,同SKU多件,1,373.80,1,0,1,0,0,16.16,1,1,0,5,0,0,0,0,0,0,0
2017-02,家用电器,小家电,单件,22,6595.82,22,0,22,5,0,243.63,22,22,1,101,1,0,1,0,0,0,0
2017-02,家用电器,小家电,同SKU多件,3,655.76,3,0,3,0,0,30.80,3,3,0,15,0,0,0,0,0,0,0
2017-02,家居家纺,居家舒适,单件,3,414.66,3,0,3,0,0,35.40,3,3,1,9,0,0,0,0,0,0,0
2017-02,其他,工商业用品,单件,1,119.00,1,0,1,0,0,11.06,1,1,0,5,0,0,0,0,0,0,0
2017-02,其他,平台综合,单件,16,1104.26,14,1,14,3,0,198.89,14,16,5,58,1,0,0,1,0,0,0
2017-02,其他,平台综合,同SKU多件,3,583.96,3,0,3,0,0,26.91,3,3,0,14,0,0,0,0,0,0,0
2017-02,3C数码,平板打印,单件,8,792.00,8,0,8,2,0,102.03,8,8,1,34,0,0,0,0,0,0,0
2017-02,家居家纺,床品布艺卫浴,单件,128,12246.71,124,2,125,21,3,1662.77,124,127,11,549,1,0,0,1,0,0,6
2017-02,家居家纺,床品布艺卫浴,单商家多SKU,4,1188.38,3,0,4,1,0,50.94,3,4,1,13,0,0,0,0,0,0,1
2017-02,家居家纺,床品布艺卫浴,同SKU多件,12,2684.04,11,0,11,1,0,171.33,11,12,2,49,1,0,0,0,1,0,0
2017-02,汽配工具,建筑工具,单件,3,336.79,3,0,3,2,0,46.36,3,3,0,15,0,0,0,0,0,0,0
2017-02,图书文娱,影视光碟,单件,1,14.90,1,0,1,0,0,7.97,1,1,0,4,0,0,0,0,0,0,0
2017-02,3C数码,影音设备,单件,5,163.80,5,0,5,1,0,72.80,5,5,1,17,1,0,0,0,1,1,0
2017-02,3C数码,手机通讯,单件,92,5583.71,87,2,89,14,7,1289.51,87,90,16,367,2,0,1,1,0,0,7
2017-02,3C数码,手机通讯,同SKU多件,7,1286.40,7,0,7,1,0,92.06,7,7,1,29,0,0,0,0,0,0,0
2017-02,3C数码,手机通讯,多商家,1,28.98,1,0,1,0,0,7.16,1,1,0,3,0,0,0,0,0,0,0
2017-02,3C数码,摄影摄像,单件,1,59.00,1,0,1,0,0,20.81,1,1,0,5,0,0,0,0,0,0,0
2017-02,图书文娱,文具,单件,19,2341.40,19,0,19,1,1,297.63,19,19,1,86,1,0,1,0,0,0,0
2017-02,服饰鞋包,旅行箱包,单件,19,1434.38,18,0,18,0,0,192.34,18,19,1,83,0,0,0,0,0,0,1
2017-02,服饰鞋包,旅行箱包,同SKU多件,1,259.80,1,0,1,0,0,6.73,1,1,0,4,0,0,0,0,0,0,0
2017-02,未知,无商品明细,无商品明细,47,0.00,0,47,0,0,0,,0,46,39,72,0,0,0,0,0,0,16
2017-02,未知,未知品类,单件,50,8881.10,48,0,49,11,1,491.04,48,50,6,208,3,0,3,0,1,0,1
2017-02,未知,未知品类,同SKU多件,2,153.00,2,0,2,1,1,47.20,2,2,1,6,0,0,0,0,0,0,0
2017-02,汽配工具,汽车用品,单件,67,10115.38,66,1,66,13,3,1085.94,66,66,8,282,5,0,3,3,1,1,1
2017-02,汽配工具,汽车用品,单商家多SKU,5,1803.60,4,0,4,0,0,46.02,4,5,1,17,1,0,0,1,0,0,1
2017-02,汽配工具,汽车用品,同SKU多件,4,1208.52,4,0,4,0,1,64.88,4,4,0,20,0,0,0,0,0,0,0
2017-02,3C数码,游戏主机,单件,18,4294.77,18,0,18,1,0,251.01,18,18,3,74,1,0,0,0,0,1,0
2017-02,钟表与潮流好物,潮流好物,单件,68,13193.80,67,0,68,5,0,802.32,67,68,6,291,1,0,1,0,0,0,0
2017-02,钟表与潮流好物,潮流好物,同SKU多件,1,129.80,1,0,1,0,0,7.71,1,1,0,5,0,0,0,0,0,0,0
2017-02,母婴玩具,玩具,单件,57,8810.30,56,1,56,4,1,656.23,56,57,5,245,0,0,0,0,0,0,1
2017-02,母婴玩具,玩具,单商家多SKU,2,346.64,2,0,2,0,0,13.51,2,2,0,10,0,0,0,0,0,0,0
2017-02,母婴玩具,玩具,同SKU多件,3,283.30,3,0,3,0,0,30.96,3,3,1,11,1,0,0,0,1,0,0
2017-02,3C数码,电子产品,单件,11,767.85,11,0,11,3,0,138.72,11,11,2,44,1,0,1,0,0,0,0
2017-02,3C数码,电子产品,同SKU多件,3,451.00,3,0,3,2,0,43.15,3,3,0,13,0,0,0,0,0,0,0
2017-02,3C数码,电脑整机,单件,1,3549.00,1,0,1,0,0,7.92,1,1,0,5,0,0,0,0,0,0,0
2017-02,3C数码,电脑配件,单件,91,11104.56,87,0,88,16,5,1151.07,87,90,14,352,2,2,0,0,0,0,5
2017-02,3C数码,电脑配件,单商家多SKU,1,95.76,1,0,1,0,0,14.52,1,1,0,3,0,0,0,0,0,0,0
2017-02,3C数码,电脑配件,同SKU多件,5,772.27,4,0,4,1,0,55.76,4,5,1,20,0,0,0,0,0,0,0
2017-02,服饰鞋包,男装,单件,7,642.85,6,0,6,0,0,73.66,6,7,1,29,0,0,0,0,0,0,0
2017-02,家用电器,空调冷暖,单件,12,3095.30,11,0,12,2,0,154.18,11,11,5,30,3,0,0,3,0,0,1
2017-02,服饰鞋包,箱包配饰,单件,31,2049.91,28,0,30,7,0,368.36,28,31,5,130,0,0,0,0,0,0,1
2017-02,服饰鞋包,箱包配饰,单商家多SKU,4,384.00,4,0,4,0,0,39.06,4,4,0,16,1,0,0,0,1,0,0
2017-02,美妆个护,美妆健康,单件,145,21387.60,133,0,136,27,3,1623.05,133,144,25,584,4,0,3,1,0,0,8
2017-02,美妆个护,美妆健康,单商家多SKU,3,444.63,3,0,3,0,0,36.33,3,3,0,14,0,0,0,0,0,0,0
2017-02,美妆个护,美妆健康,同SKU多件,5,891.78,5,0,5,2,0,58.86,5,5,1,21,0,0,0,0,0,0,0
2017-02,美妆个护,美妆健康,多商家,1,74.98,1,0,1,0,0,4.53,1,1,0,3,0,0,0,0,0,0,0
2017-02,运动户外,运动休闲,单件,124,13902.35,121,1,122,11,2,1410.75,121,124,15,512,4,0,1,0,3,0,8
2017-02,运动户外,运动休闲,单商家多SKU,3,345.20,3,0,3,0,0,25.60,3,3,0,14,0,0,0,0,0,0,0
2017-02,运动户外,运动休闲,同SKU多件,11,1887.14,9,0,9,1,0,118.88,9,11,2,47,0,0,0,0,0,0,0
2017-02,运动户外,运动休闲,多商家,1,237.47,1,0,1,0,0,3.89,1,1,1,1,1,0,0,0,1,0,1
2017-02,图书文娱,进口图书,单件,1,99.00,0,0,0,0,0,,0,1,1,1,0,0,0,0,0,0,1
2017-02,钟表与潮流好物,钟表礼品,单件,33,11420.29,31,0,31,1,0,306.48,31,33,4,140,2,0,1,1,0,0,0
2017-02,钟表与潮流好物,钟表礼品,单商家多SKU,1,86.00,1,0,1,0,0,11.63,1,1,0,3,0,0,0,0,0,0,0
2017-02,钟表与潮流好物,钟表礼品,同SKU多件,1,249.92,0,0,0,0,0,,0,1,1,1,0,0,0,0,0,0,1
2017-02,服饰鞋包,鞋靴,单件,1,37.25,1,0,1,0,0,8.72,1,1,0,5,0,0,0,0,0,0,0
2017-02,服饰鞋包,鞋靴,单商家多SKU,1,69.80,1,0,1,0,0,9.89,1,1,0,4,0,0,0,0,0,0,0
2017-02,食品酒水,食品,单件,9,715.63,8,0,8,2,1,119.15,8,9,2,35,0,0,0,0,0,0,1
2017-02,美妆个护,香水香氛,单件,47,7887.58,45,1,46,11,2,561.91,45,47,3,198,0,0,0,0,0,0,2
2017-02,美妆个护,香水香氛,同SKU多件,2,239.60,2,0,2,1,0,31.20,2,2,0,9,0,0,0,0,0,0,0
2017-03,图书文娱,专业图书,单件,2,75.00,2,0,2,0,0,16.01,2,2,0,10,0,0,0,0,0,0,0
2017-03,图书文娱,乐器,单件,8,1613.53,8,0,8,0,2,306.46,8,8,4,25,2,0,0,2,0,0,1
2017-03,服饰鞋包,内衣泳装,单件,6,394.14,6,0,6,2,0,63.87,6,6,1,23,0,0,0,0,0,0,0
2017-03,其他,农业工商,单件,2,81.99,2,0,2,0,0,18.60,2,2,1,4,1,0,0,0,1,0,0
2017-03,家居家纺,办公家具,单件,48,7923.82,47,0,48,10,4,1193.41,47,48,13,169,5,0,4,0,1,1,2
2017-03,家居家纺,办公家具,同SKU多件,12,3859.69,11,0,11,2,0,149.74,11,11,4,33,1,0,1,0,1,0,1
2017-03,家居家纺,厨房餐厅庭院家具,单件,3,113.98,3,0,3,0,0,24.56,3,3,0,12,0,0,0,0,0,0,0
2017-03,汽配工具,园艺工具,单件,97,18790.95,94,1,95,1,2,1100.11,94,96,17,385,4,0,4,0,0,0,4
2017-03,汽配工具,园艺工具,单商家多SKU,2,272.50,2,0,2,0,0,11.86,2,2,0,8,0,0,0,0,0,0,0
2017-03,汽配工具,园艺工具,同SKU多件,21,4624.70,21,0,21,0,0,246.21,21,20,3,77,3,0,2,0,1,0,0
2017-03,3C数码,固定电话,单件,11,624.45,10,1,10,1,0,83.46,10,11,2,42,2,0,1,1,0,0,0
2017-03,3C数码,固定电话,同SKU多件,4,967.90,4,0,4,0,0,46.32,4,4,2,10,2,0,1,0,2,0,0
2017-03,图书文娱,大众图书,单件,17,1680.36,16,1,16,1,1,200.78,16,17,3,70,0,0,0,0,0,0,0
2017-03,图书文娱,大众图书,同SKU多件,3,968.60,3,0,3,0,0,25.22,3,3,0,14,0,0,0,0,0,0,0
2017-03,服饰鞋包,女装,单件,1,19.90,1,0,1,1,0,13.00,1,1,0,3,1,0,0,1,0,0,0
2017-03,母婴玩具,婴童用品,单件,41,3669.20,39,0,40,2,2,382.43,39,41,3,175,3,0,0,3,0,0,0
2017-03,母婴玩具,婴童用品,单商家多SKU,1,65.80,1,0,1,0,0,13.03,1,1,0,4,0,0,0,0,0,0,0
2017-03,母婴玩具,婴童用品,同SKU多件,1,21.98,1,0,1,0,0,7.81,1,1,0,4,0,0,0,0,0,0,0
2017-03,汽配工具,安防工具,单件,2,380.00,0,0,0,0,0,,0,2,2,2,0,0,0,0,0,0,1
2017-03,宠物,宠物用品,单件,38,7390.96,37,0,38,1,0,362.32,37,38,2,170,1,0,1,0,0,0,1
2017-03,宠物,宠物用品,同SKU多件,3,979.00,3,0,3,1,1,48.26,3,3,0,11,0,0,0,0,0,0,0
2017-03,家居家纺,客厅家具,单件,15,2388.27,15,0,15,1,1,196.04,15,14,1,59,0,0,0,0,0,0,1
2017-03,家居家纺,客厅家具,同SKU多件,2,935.73,2,0,2,0,0,26.60,2,2,0,8,0,0,0,0,0,0,0
2017-03,家居家纺,家具软装,单件,216,17334.25,207,1,212,28,11,2849.89,207,214,36,854,11,0,6,4,2,0,8
2017-03,家居家纺,家具软装,单商家多SKU,15,2533.91,13,0,14,6,3,361.32,13,15,3,59,0,0,0,0,0,0,2
2017-03,家居家纺,家具软装,同SKU多件,30,3267.60,29,0,29,7,2,370.64,29,30,6,115,5,0,1,1,3,0,2
2017-03,家居家纺,家具软装,多商家,4,758.67,4,0,4,2,0,33.87,3,4,1,14,1,0,0,0,1,0,0
2017-03,家居家纺,家庭日用,单件,162,11099.18,154,2,158,18,11,2067.03,154,161,19,662,5,0,3,0,1,1,8
2017-03,家居家纺,家庭日用,单商家多SKU,3,312.40,3,0,3,0,0,17.72,3,3,0,13,0,0,0,0,0,0,0
2017-03,家居家纺,家庭日用,同SKU多件,12,2076.23,12,0,12,2,0,153.24,12,12,2,48,2,0,1,0,1,0,1
2017-03,家用电器,家用电器,单件,8,265.30,8,0,8,2,0,70.42,8,8,0,32,1,0,0,1,0,0,0
2017-03,家用电器,家用电器,同SKU多件,1,48.00,1,0,1,0,0,8.92,1,1,0,5,0,0,0,0,0,0,0
2017-03,家用电器,家用电器2,单件,2,500.90,2,0,2,0,1,194.45,2,2,0,8,0,0,0,0,0,0,0
2017-03,汽配工具,家装建材,单件,4,500.88,4,0,4,0,0,73.23,4,4,1,13,0,0,0,0,0,0,0
2017-03,汽配工具,家装建材,同SKU多件,1,91.08,1,0,1,1,0,9.81,1,1,0,5,0,0,0,0,0,0,0
2017-03,家用电器,小家电,单件,31,11171.06,31,0,31,0,1,376.43,31,30,0,141,0,0,0,0,0,0,0
2017-03,家居家纺,居家舒适,单件,9,1445.60,9,0,9,0,2,333.43,9,9,1,36,1,0,0,1,0,0,1
2017-03,家居家纺,居家舒适,单商家多SKU,1,498.00,1,0,1,0,0,9.74,1,1,0,4,0,0,0,0,0,0,0
2017-03,家居家纺,居家舒适2,单件,3,342.88,3,0,3,0,0,31.51,3,3,0,14,0,0,0,0,0,0,0
2017-03,其他,工商业用品,单件,2,238.00,2,0,2,0,0,18.49,2,2,0,8,1,0,1,0,0,0,0
2017-03,其他,平台综合,单件,17,1808.59,17,0,17,1,1,186.16,17,17,1,75,0,0,0,0,0,0,0
2017-03,3C数码,平板打印,单件,5,495.00,5,0,5,0,1,94.32,5,5,1,16,0,0,0,0,0,0,1
2017-03,家居家纺,床品布艺卫浴,单件,214,19799.54,204,0,214,5,6,2614.25,204,214,30,857,8,0,3,3,3,0,6
2017-03,家居家纺,床品布艺卫浴,单商家多SKU,15,2864.26,15,0,15,1,3,291.06,15,14,4,50,1,0,0,0,1,0,2
2017-03,家居家纺,床品布艺卫浴,同SKU多件,17,2869.15,17,0,17,1,0,184.10,17,16,4,62,2,0,1,0,1,0,1
2017-03,汽配工具,建筑工具,单件,4,773.40,1,1,1,0,0,11.20,1,4,3,7,0,0,0,0,0,0,1
2017-03,图书文娱,影视光碟,单件,3,1843.90,2,1,2,1,0,21.17,2,3,2,6,0,0,0,0,0,0,1
2017-03,图书文娱,影视光碟,单商家多SKU,1,29.80,1,0,1,0,0,22.02,1,1,0,5,0,0,0,0,0,0,0
2017-03,3C数码,影音设备,单件,11,911.77,11,0,11,1,1,165.40,11,11,2,45,1,1,0,0,0,0,1
2017-03,3C数码,影音设备,单商家多SKU,1,110.00,1,0,1,0,0,4.08,1,1,1,1,0,0,0,0,0,0,1
2017-03,3C数码,影音设备,同SKU多件,1,158.00,1,0,1,0,0,12.20,1,1,0,4,0,0,0,0,0,0,0
2017-03,3C数码,手机通讯,单件,146,7193.83,141,1,144,4,4,1663.43,141,146,26,585,11,1,3,4,3,0,3
2017-03,3C数码,手机通讯,单商家多SKU,5,195.72,4,1,4,0,0,46.36,4,5,4,7,3,0,0,0,3,0,2
2017-03,3C数码,手机通讯,同SKU多件,8,731.50,8,0,8,0,1,95.67,8,8,2,28,2,0,1,0,1,0,1
2017-03,图书文娱,文具,单件,56,5902.62,56,0,56,1,0,615.14,56,55,1,253,0,0,0,0,0,0,0
2017-03,服饰鞋包,旅行箱包,单件,32,5494.61,32,0,32,1,1,368.24,32,32,0,148,0,0,0,0,0,0,0
2017-03,服饰鞋包,旅行箱包,单商家多SKU,1,189.80,1,0,1,0,0,3.17,1,1,0,5,0,0,0,0,0,0,0
2017-03,服饰鞋包,旅行箱包,同SKU多件,2,239.60,2,0,2,0,0,9.95,2,2,0,8,0,0,0,0,0,0,0
2017-03,未知,无商品明细,无商品明细,41,0.00,0,41,0,0,0,,0,40,30,72,0,0,0,0,0,0,8
2017-03,未知,未知品类,单件,47,5696.69,45,1,45,4,3,568.61,45,47,8,189,2,0,1,1,0,0,4
2017-03,未知,未知品类,单商家多SKU,1,589.96,1,0,1,0,0,4.72,1,1,0,5,0,0,0,0,0,0,0
2017-03,未知,未知品类,同SKU多件,5,385.60,5,0,5,1,1,64.28,5,4,1,14,0,0,0,0,0,0,1
2017-03,未知,未知品类,多商家,1,151.79,1,0,1,1,0,15.99,1,1,1,1,0,0,0,0,0,0,0
2017-03,汽配工具,标识安防,单件,1,75.00,1,0,1,0,0,13.88,1,1,1,1,0,0,0,0,0,0,0
2017-03,汽配工具,汽车用品,单件,67,11614.61,58,5,59,2,6,905.59,58,67,11,263,1,0,1,0,0,0,3
2017-03,汽配工具,汽车用品,单商家多SKU,5,1687.70,5,0,5,0,0,38.49,5,5,0,25,0,0,0,0,0,0,0
2017-03,汽配工具,汽车用品,同SKU多件,4,1179.76,4,0,4,0,1,68.04,4,4,1,16,1,0,0,0,1,0,0
2017-03,3C数码,游戏主机,单件,46,10686.28,43,1,43,5,4,789.26,43,45,9,177,1,0,1,0,1,0,3
2017-03,3C数码,游戏主机,单商家多SKU,1,17.98,1,0,1,0,0,4.85,1,1,0,5,0,0,0,0,0,0,0
2017-03,3C数码,游戏主机,同SKU多件,1,64.58,1,0,1,0,0,6.31,1,1,1,1,0,0,0,0,0,0,0
2017-03,钟表与潮流好物,潮流好物,单件,117,20003.81,112,1,115,4,6,1327.01,112,117,8,522,0,0,0,0,0,0,2
2017-03,钟表与潮流好物,潮流好物,单商家多SKU,3,1186.60,3,0,3,0,0,31.84,3,3,1,8,1,0,0,0,1,0,0
2017-03,钟表与潮流好物,潮流好物,同SKU多件,1,39.80,1,0,1,1,0,8.95,1,1,0,5,0,0,0,0,0,0,0
2017-03,母婴玩具,玩具,单件,97,12034.99,96,0,97,2,3,1088.07,96,97,5,425,1,0,0,0,0,1,1
2017-03,母婴玩具,玩具,单商家多SKU,2,264.68,2,0,2,0,0,42.43,2,2,0,10,0,0,0,0,0,0,0
2017-03,母婴玩具,玩具,同SKU多件,1,129.80,1,0,1,0,0,8.86,1,1,0,5,0,0,0,0,0,0,0
2017-03,3C数码,电子产品,单件,28,3076.90,28,0,28,2,2,367.70,28,28,2,121,0,0,0,0,0,0,0
2017-03,3C数码,电子产品,同SKU多件,4,909.10,4,0,4,0,0,50.37,4,4,0,18,0,0,0,0,0,0,0
2017-03,3C数码,电脑配件,单件,134,24465.78,131,1,132,8,4,1557.80,131,133,17,548,5,0,2,1,1,1,3
2017-03,3C数码,电脑配件,同SKU多件,16,4158.82,16,0,16,0,2,215.58,16,16,7,47,3,1,0,0,2,0,3
2017-03,服饰鞋包,男装,单件,5,418.10,5,0,5,0,0,52.33,5,5,2,18,0,0,0,0,0,0,0
2017-03,服饰鞋包,男装,单商家多SKU,2,162.70,2,0,2,1,0,23.76,2,2,0,9,0,0,0,0,0,0,0
2017-03,家用电器,空调冷暖,单件,15,3984.01,15,0,15,0,0,112.79,15,15,1,65,1,0,1,0,0,0,0
2017-03,家用电器,空调冷暖,同SKU多件,1,119.80,1,0,1,0,0,8.46,1,1,0,5,0,0,0,0,0,0,0
2017-03,服饰鞋包,箱包配饰,单件,56,3938.07,54,0,56,1,2,587.43,54,55,2,252,0,0,0,0,0,0,1
2017-03,服饰鞋包,箱包配饰,单商家多SKU,3,436.89,3,0,3,0,0,30.41,3,3,1,11,1,0,0,0,1,0,0
2017-03,服饰鞋包,箱包配饰,同SKU多件,3,486.20,3,0,3,0,0,41.17,3,3,1,8,0,0,0,0,0,0,0
2017-03,美妆个护,美妆健康,单件,179,24539.76,176,1,178,8,7,2114.38,176,178,15,764,3,0,2,0,1,0,5
2017-03,美妆个护,美妆健康,单商家多SKU,4,636.87,4,0,4,0,0,53.92,4,4,1,16,1,0,0,0,1,0,0
2017-03,美妆个护,美妆健康,同SKU多件,10,818.62,10,0,10,1,1,122.00,10,10,2,41,0,0,0,0,0,0,0
2017-03,家居家纺,艺术品,单件,5,223.25,4,0,5,0,0,61.87,4,5,1,20,0,0,0,0,0,0,1
2017-03,运动户外,运动休闲,单件,150,23651.71,144,2,147,5,6,1771.87,144,149,13,633,4,0,3,1,1,0,1
2017-03,运动户外,运动休闲,单商家多SKU,5,1073.06,5,0,5,0,0,75.23,5,5,0,23,0,0,0,0,0,0,0
2017-03,运动户外,运动休闲,同SKU多件,15,2226.82,14,0,15,5,0,178.66,14,15,3,57,0,0,0,0,0,0,2
2017-03,服饰鞋包,运动服饰,单件,1,39.90,1,0,1,0,0,9.96,1,1,0,5,0,0,0,0,0,0,0
2017-03,食品酒水,酒水饮料,单件,2,343.89,2,0,2,1,0,23.05,2,2,1,6,1,0,1,0,0,0,0
2017-03,食品酒水,酒水饮料,单商家多SKU,1,114.00,1,0,1,0,0,5.17,1,1,0,4,0,0,0,0,0,0,0
2017-03,食品酒水,酒水饮料,同SKU多件,1,29.98,1,0,1,0,0,12.16,1,1,0,4,0,0,0,0,0,0,0
2017-03,钟表与潮流好物,钟表礼品,单件,74,26531.38,72,1,73,7,2,941.09,72,73,6,312,4,0,3,0,1,0,2
2017-03,钟表与潮流好物,钟表礼品,单商家多SKU,1,194.00,1,0,1,0,0,19.96,1,1,0,3,0,0,0,0,0,0,1
2017-03,服饰鞋包,鞋靴,单件,11,1419.30,11,0,11,0,0,124.26,11,11,1,50,0,0,0,0,0,0,0
2017-03,服饰鞋包,鞋靴,单商家多SKU,1,62.80,1,0,1,0,0,6.81,1,1,0,5,0,0,0,0,0,0,0
2017-03,图书文娱,音乐,单件,1,27.99,1,0,1,0,0,7.98,1,1,0,5,0,0,0,0,0,0,0
2017-03,食品酒水,食品,单件,20,2240.78,17,0,18,0,1,230.82,17,20,5,75,1,0,1,0,0,1,4
2017-03,食品酒水,食品,同SKU多件,2,426.78,2,0,2,0,0,43.55,2,2,0,10,0,0,0,0,0,0,0
2017-03,食品酒水,食品饮料,单件,5,110.80,4,1,4,0,0,26.48,4,4,0,20,0,0,0,0,0,0,0
2017-03,美妆个护,香水香氛,单件,101,19501.17,100,0,101,12,3,1149.86,100,100,10,425,7,1,2,4,1,0,0
2017-03,美妆个护,香水香氛,同SKU多件,2,227.96,2,0,2,0,0,29.74,2,2,1,6,0,0,0,0,0,0,0
2017-04,图书文娱,专业图书,单件,1,75.00,1,0,1,1,1,26.02,1,1,0,4,0,0,0,0,0,0,0
2017-04,图书文娱,乐器,单件,16,3818.43,16,0,16,1,2,239.38,16,16,3,61,1,0,0,1,0,0,1
2017-04,汽配工具,五金工具,单件,1,729.00,1,0,1,0,0,15.03,1,1,0,5,0,0,0,0,0,0,0
2017-04,服饰鞋包,内衣泳装,单件,4,98.79,3,0,4,1,0,32.83,3,4,1,14,0,0,0,0,0,0,1
2017-04,家居家纺,办公家具,单件,40,6917.59,40,0,40,17,3,792.92,40,40,5,153,2,0,0,1,1,0,0
2017-04,家居家纺,办公家具,单商家多SKU,1,253.93,1,0,1,0,0,19.76,1,1,0,4,0,0,0,0,0,0,0
2017-04,家居家纺,办公家具,同SKU多件,7,2239.78,7,0,7,4,1,118.13,7,7,0,29,0,0,0,0,0,0,0
2017-04,家居家纺,卧室家具,单件,3,628.98,3,0,3,1,1,82.64,3,3,2,6,0,0,0,0,0,0,1
2017-04,家居家纺,卧室家具,同SKU多件,1,229.98,0,0,0,0,0,,0,1,1,1,0,0,0,0,0,0,0
2017-04,家居家纺,厨具,多商家,1,36.99,1,0,1,0,0,8.58,1,1,1,1,1,0,0,0,1,0,0
2017-04,家居家纺,厨房餐厅庭院家具,单件,7,889.40,7,0,7,2,0,146.02,7,7,0,31,0,0,0,0,0,0,0
2017-04,家居家纺,厨房餐厅庭院家具,同SKU多件,1,144.00,1,0,1,0,0,9.11,1,1,1,2,1,0,0,0,1,0,0
2017-04,汽配工具,园林建材,单件,6,1370.41,6,0,6,1,0,104.79,6,6,0,27,0,0,0,0,0,0,0
2017-04,汽配工具,园林建材,同SKU多件,1,119.80,1,0,1,0,0,24.11,1,1,0,4,0,0,0,0,0,0,0
2017-04,汽配工具,园艺工具,单件,84,16707.12,79,1,82,8,5,1237.82,79,84,11,352,1,0,1,0,1,0,4
2017-04,汽配工具,园艺工具,同SKU多件,14,3962.26,13,1,13,0,0,165.28,13,14,4,48,3,0,0,0,3,0,1
2017-04,汽配工具,园艺工具,多商家,1,222.80,1,0,1,0,0,8.04,1,1,1,1,1,0,1,1,0,0,0
2017-04,3C数码,固定电话,单件,6,505.83,6,0,6,0,1,90.47,6,6,1,24,0,0,0,0,0,0,0
2017-04,3C数码,固定电话,同SKU多件,1,2492.50,0,0,0,0,0,,0,1,1,2,0,0,0,0,0,0,0
2017-04,家居家纺,圣诞用品,单件,1,69.00,1,0,1,0,0,16.01,1,1,0,5,0,0,0,0,0,0,0
2017-04,图书文娱,大众图书,单件,12,923.38,12,0,12,2,0,182.67,12,12,0,56,0,0,0,0,0,0,0
2017-04,母婴玩具,婴童用品,单件,43,3617.56,42,0,43,2,5,635.38,42,43,8,167,1,0,0,0,1,0,1
2017-04,母婴玩具,婴童用品,单商家多SKU,1,45.00,1,0,1,0,0,7.60,1,1,0,5,0,0,0,0,0,0,0
2017-04,母婴玩具,婴童用品,同SKU多件,1,220.00,1,0,1,0,0,18.70,1,1,0,3,0,0,0,0,0,0,0
2017-04,宠物,宠物用品,单件,42,5432.49,42,0,42,4,4,687.85,42,41,5,172,2,0,1,0,1,0,0
2017-04,宠物,宠物用品,单商家多SKU,3,670.60,3,0,3,0,0,43.45,3,3,1,8,0,0,0,0,0,0,0
2017-04,宠物,宠物用品,同SKU多件,1,79.80,1,0,1,0,0,21.66,1,1,0,5,0,0,0,0,0,0,0
2017-04,家居家纺,客厅家具,单件,10,1865.40,10,0,10,3,1,166.70,10,10,0,43,0,0,0,0,0,0,0
2017-04,家居家纺,客厅家具,同SKU多件,1,207.94,1,0,1,0,1,49.53,1,1,1,1,0,0,0,0,0,0,0
2017-04,家居家纺,家具软装,单件,137,13626.42,132,2,132,19,11,2015.25,132,136,26,540,7,0,3,6,1,0,6
2017-04,家居家纺,家具软装,单商家多SKU,4,880.30,3,0,4,0,0,38.00,3,4,0,16,1,0,0,1,0,0,0
2017-04,家居家纺,家具软装,同SKU多件,22,6730.60,21,0,21,2,1,313.98,21,21,5,80,2,0,0,0,1,1,2
2017-04,家居家纺,家具软装,多商家,2,234.30,2,0,2,0,0,27.26,2,2,1,6,0,0,0,0,0,0,1
2017-04,家居家纺,家庭日用,单件,126,12510.30,117,1,123,10,7,1707.91,117,126,19,508,2,0,0,0,1,1,6
2017-04,家居家纺,家庭日用,单商家多SKU,1,185.40,1,0,1,0,0,2.51,1,1,0,4,0,0,0,0,0,0,0
2017-04,家居家纺,家庭日用,同SKU多件,15,1910.35,14,1,14,0,1,222.79,14,15,5,53,1,0,1,0,0,0,1
2017-04,家居家纺,家庭日用,多商家,1,339.89,1,0,1,0,0,24.81,1,1,0,5,0,0,0,0,0,0,0
2017-04,家用电器,家用电器,单件,8,433.60,8,0,8,0,1,135.97,8,8,1,34,0,0,0,0,0,0,1
2017-04,家用电器,家用电器,同SKU多件,1,65.80,1,0,1,0,0,11.97,1,1,0,5,0,0,0,0,0,0,0
2017-04,家用电器,家用电器2,单件,2,799.80,2,0,2,0,1,51.73,2,2,1,5,0,0,0,0,0,0,1
2017-04,汽配工具,家装建材,单件,5,1602.69,5,0,5,0,0,67.14,5,5,1,21,1,0,0,0,1,0,1
2017-04,家用电器,小家电,单件,20,23084.98,19,0,20,0,2,281.69,19,20,5,74,3,0,1,1,1,0,1
2017-04,家用电器,小家电,单商家多SKU,1,214.00,1,0,1,0,0,14.32,1,1,0,5,0,0,0,0,0,0,0
2017-04,家居家纺,居家舒适,单件,14,2050.30,14,0,14,0,0,165.87,14,14,2,58,1,0,1,0,0,0,0
2017-04,家居家纺,居家舒适,同SKU多件,1,91.80,1,0,1,0,0,15.88,1,1,0,5,0,0,0,0,0,0,0
2017-04,家居家纺,居家舒适,多商家,1,335.00,1,0,1,0,0,10.74,1,1,0,5,0,0,0,0,0,0,0
2017-04,家居家纺,居家舒适2,单件,1,12.90,1,0,1,0,0,16.85,1,1,0,5,0,0,0,0,0,0,0
2017-04,其他,平台综合,单件,20,4090.18,19,0,20,1,0,264.64,19,20,4,75,1,0,0,1,0,0,1
2017-04,3C数码,平板打印,单件,7,716.88,7,0,7,0,0,99.36,7,7,1,28,0,0,0,0,0,0,0
2017-04,3C数码,平板打印,同SKU多件,2,396.00,2,0,2,0,0,28.05,2,2,0,8,0,0,0,0,0,0,0
2017-04,家居家纺,床品布艺卫浴,单件,196,19073.37,193,0,196,8,7,3057.61,193,195,33,774,7,0,5,0,2,0,4
2017-04,家居家纺,床品布艺卫浴,单商家多SKU,13,1840.00,13,0,13,0,0,168.27,13,13,2,56,0,0,0,0,0,0,0
2017-04,家居家纺,床品布艺卫浴,同SKU多件,21,2934.73,21,0,21,2,2,331.28,21,21,4,84,3,0,0,0,3,0,1
2017-04,家居家纺,床品布艺卫浴,多商家,3,537.49,3,0,3,0,0,45.31,3,3,1,11,0,0,0,0,0,0,1
2017-04,家居家纺,床垫沙发,单件,1,109.40,1,0,1,0,0,6.99,1,1,0,4,0,0,0,0,0,0,0
2017-04,图书文娱,影视光碟,单件,1,1420.00,1,0,1,0,0,6.89,1,1,0,5,0,0,0,0,0,0,0
2017-04,3C数码,影音设备,单件,7,582.60,7,0,7,1,1,161.26,7,7,3,23,2,0,2,1,0,0,0
2017-04,3C数码,影音设备,同SKU多件,2,359.60,2,0,2,0,0,17.38,2,2,0,8,0,0,0,0,0,0,0
2017-04,3C数码,手机通讯,单件,135,6424.04,132,0,134,14,10,1988.28,132,133,18,554,3,0,1,1,1,0,3
2017-04,3C数码,手机通讯,单商家多SKU,2,75.88,2,0,2,1,0,32.21,2,2,0,8,0,0,0,0,0,0,0
2017-04,3C数码,手机通讯,同SKU多件,2,697.98,2,0,2,0,0,28.76,2,2,0,10,0,0,0,0,0,0,0
2017-04,3C数码,手机通讯,多商家,1,41.98,1,0,1,1,0,7.73,1,1,0,5,0,0,0,0,0,0,0
2017-04,3C数码,摄影摄像,单件,2,118.00,2,0,2,0,1,33.97,2,2,0,10,0,0,0,0,0,0,0
2017-04,图书文娱,文具,单件,36,4606.34,35,0,36,0,2,439.50,35,36,4,158,0,0,0,0,0,0,1
2017-04,服饰鞋包,旅行箱包,单件,45,6650.60,44,0,44,1,2,532.07,44,44,3,196,1,0,0,1,0,0,1
2017-04,服饰鞋包,旅行箱包,同SKU多件,2,499.60,2,0,2,0,0,20.68,2,2,0,8,0,0,0,0,0,0,0
2017-04,未知,无商品明细,无商品明细,13,0.00,0,13,0,0,0,,0,13,7,32,0,0,0,0,0,0,5
2017-04,未知,未知品类,单件,55,7439.23,53,0,54,5,4,721.70,53,55,6,236,1,0,0,0,1,0,1
2017-04,未知,未知品类,单商家多SKU,1,134.70,1,0,1,0,0,15.90,1,1,0,5,0,0,0,0,0,0,0
2017-04,未知,未知品类,同SKU多件,6,1106.66,6,0,6,2,1,220.35,6,6,1,22,0,0,0,0,0,0,0
2017-04,汽配工具,标识安防,单件,3,128.06,3,0,3,0,0,38.60,3,3,0,14,0,0,0,0,0,0,0
2017-04,汽配工具,汽车用品,单件,74,12647.24,70,0,72,9,6,1116.16,70,74,13,293,2,0,1,0,1,0,2
2017-04,汽配工具,汽车用品,单商家多SKU,4,1126.76,4,0,4,0,0,44.61,4,4,1,15,1,0,0,0,1,0,1
2017-04,汽配工具,汽车用品,同SKU多件,2,1815.00,2,0,2,0,0,22.26,2,2,1,5,0,0,0,0,0,0,0
2017-04,汽配工具,汽车用品,多商家,1,38.50,1,0,1,0,0,9.86,1,1,0,5,0,0,0,0,0,0,0
2017-04,3C数码,游戏主机,单件,13,3628.50,13,0,13,0,0,157.09,13,13,0,59,0,0,0,0,0,0,0
2017-04,3C数码,游戏主机,单商家多SKU,1,79.80,1,0,1,0,0,10.77,1,1,1,2,0,0,0,0,0,0,0
2017-04,3C数码,游戏主机,同SKU多件,1,64.58,1,0,1,0,0,5.51,1,1,0,4,0,0,0,0,0,0,0
2017-04,钟表与潮流好物,潮流好物,单件,114,21203.66,107,1,112,4,11,1635.36,107,114,14,462,1,0,1,0,0,0,3
2017-04,钟表与潮流好物,潮流好物,同SKU多件,2,379.60,2,0,2,0,0,14.87,2,2,0,8,0,0,0,0,0,0,0
2017-04,钟表与潮流好物,潮流好物,多商家,2,253.37,2,0,2,1,0,31.97,2,2,1,5,0,0,0,0,0,0,0
2017-04,母婴玩具,玩具,单件,94,11502.97,94,0,94,4,4,1346.31,94,92,10,389,0,0,0,0,0,0,3
2017-04,母婴玩具,玩具,单商家多SKU,4,939.10,4,0,4,0,0,46.30,4,4,0,17,1,0,1,0,0,0,0
2017-04,母婴玩具,玩具,同SKU多件,3,337.56,3,0,3,0,0,47.57,3,3,0,15,0,0,0,0,0,0,0
2017-04,母婴玩具,玩具,多商家,2,309.80,2,0,2,0,0,12.62,2,2,1,6,1,0,0,0,1,0,0
2017-04,3C数码,电子产品,单件,45,3312.44,45,0,45,5,5,662.41,45,45,7,189,3,0,0,1,2,0,1
2017-04,3C数码,电子产品,同SKU多件,1,1499.80,1,0,1,0,0,14.75,1,1,0,3,0,0,0,0,0,0,0
2017-04,3C数码,电竞电脑,单件,2,259.98,2,0,2,0,0,24.96,2,2,1,5,0,0,0,0,0,0,0
2017-04,3C数码,电脑配件,单件,107,18440.21,103,1,105,2,6,1634.51,103,106,14,425,3,0,2,1,0,0,7
2017-04,3C数码,电脑配件,同SKU多件,12,2185.86,12,0,12,1,0,197.01,12,12,4,40,1,0,0,1,0,0,1
2017-04,3C数码,电脑配件,多商家,1,79.89,1,0,1,0,0,11.91,1,1,0,5,0,0,0,0,0,0,0
2017-04,服饰鞋包,男装,单件,5,366.89,5,0,5,2,1,89.70,5,5,0,22,0,0,0,0,0,0,0
2017-04,服饰鞋包,男装,单商家多SKU,1,49.80,0,0,1,1,0,,0,1,1,1,0,0,0,0,0,0,0
2017-04,家用电器,空调冷暖,单件,12,2184.63,11,0,12,0,0,127.74,11,12,1,54,0,0,0,0,0,0,0
2017-04,家用电器,空调冷暖,同SKU多件,2,397.60,2,0,2,0,0,44.27,2,2,0,9,0,0,0,0,0,0,0
2017-04,服饰鞋包,箱包配饰,单件,41,2806.32,39,0,40,0,2,463.80,39,41,1,177,0,0,0,0,0,0,0
2017-04,服饰鞋包,箱包配饰,单商家多SKU,2,197.80,2,0,2,0,0,16.43,2,2,1,6,1,0,1,0,0,0,0
2017-04,服饰鞋包,箱包配饰,同SKU多件,2,155.78,2,0,2,0,0,9.88,2,2,1,6,1,0,0,0,1,0,0
2017-04,服饰鞋包,箱包配饰,多商家,1,94.80,1,0,1,1,0,14.66,1,1,0,5,0,0,0,0,0,0,0
2017-04,美妆个护,美妆健康,单件,162,20972.89,155,1,161,7,9,2408.90,155,160,21,661,4,1,1,1,1,2,12
2017-04,美妆个护,美妆健康,单商家多SKU,3,511.81,3,0,3,1,0,38.69,3,3,2,7,1,0,0,0,1,0,1
2017-04,美妆个护,美妆健康,同SKU多件,10,1443.06,9,0,9,0,0,86.85,9,10,4,33,1,0,0,0,1,0,1
2017-04,家居家纺,艺术品,单件,1,119.90,1,0,1,0,0,23.04,1,1,0,4,0,0,0,0,0,0,0
2017-04,运动户外,运动休闲,单件,180,21814.87,167,3,173,4,9,2188.02,167,177,28,728,2,0,0,1,1,0,11
2017-04,运动户外,运动休闲,单商家多SKU,4,1014.70,4,0,4,0,1,76.73,4,4,1,14,0,0,0,0,0,0,0
2017-04,运动户外,运动休闲,同SKU多件,14,2034.76,13,1,13,0,0,151.39,13,14,4,50,1,0,0,0,1,0,1
2017-04,服饰鞋包,运动服饰,单件,3,124.79,3,0,3,1,0,25.23,3,3,0,12,0,0,0,0,0,0,0
2017-04,服饰鞋包,运动服饰,单商家多SKU,1,129.89,1,0,1,1,0,25.65,1,1,1,2,1,0,0,0,1,0,0
2017-04,图书文娱,进口图书,多商家,1,32.49,1,0,1,1,1,26.53,1,1,1,1,1,0,0,0,1,0,0
2017-04,食品酒水,酒水饮料,单件,1,109.99,0,0,1,0,0,,0,1,1,1,0,0,0,0,0,0,1
2017-04,食品酒水,酒水饮料,同SKU多件,1,89.94,0,0,1,0,0,,0,0,0,0,0,0,0,0,0,0,0
2017-04,钟表与潮流好物,钟表礼品,单件,87,23171.00,85,1,85,2,5,1152.14,85,87,14,353,3,0,2,1,0,0,7
2017-04,钟表与潮流好物,钟表礼品,单商家多SKU,1,78.00,1,0,1,0,0,14.91,1,1,0,4,0,0,0,0,0,0,0
2017-04,钟表与潮流好物,钟表礼品,同SKU多件,2,238.78,2,0,2,0,0,26.15,2,2,1,7,0,0,0,0,0,0,0
2017-04,服饰鞋包,鞋靴,单件,17,1171.10,17,0,17,1,0,304.26,17,16,0,73,0,0,0,0,0,0,0
2017-04,服饰鞋包,鞋靴,单商家多SKU,3,355.40,3,0,3,0,0,47.02,3,3,0,15,0,0,0,0,0,0,0
2017-04,图书文娱,音乐,单件,2,59.80,2,0,2,0,0,17.19,2,2,0,10,0,0,0,0,0,0,0
2017-04,食品酒水,食品,单件,8,491.30,8,0,8,0,1,103.32,8,8,1,34,0,0,0,0,0,0,0
2017-04,食品酒水,食品饮料,单件,1,13.90,1,0,1,0,0,14.84,1,1,0,3,0,0,0,0,0,0,0
2017-04,食品酒水,食品饮料,同SKU多件,1,34.00,1,0,1,0,0,6.71,1,1,0,4,0,0,0,0,0,0,0
2017-04,美妆个护,香水香氛,单件,97,18410.81,93,0,95,9,11,1412.22,93,97,17,390,2,0,1,1,1,0,6
2017-04,美妆个护,香水香氛,单商家多SKU,1,158.90,1,0,1,0,0,10.65,1,1,0,5,0,0,0,0,0,0,0
2017-04,美妆个护,香水香氛,同SKU多件,3,1321.40,3,0,3,0,0,40.03,3,3,0,13,0,0,0,0,0,0,0
2017-05,图书文娱,专业图书,单件,3,262.00,3,0,3,1,1,75.61,3,3,0,14,0,0,0,0,0,0,0
2017-05,图书文娱,乐器,单件,17,9789.63,16,0,17,2,0,137.10,16,17,3,70,1,1,0,0,0,0,1
2017-05,图书文娱,乐器,同SKU多件,2,229.80,2,0,2,1,0,16.06,2,2,0,10,0,0,0,0,0,0,0
2017-05,汽配工具,五金工具,单件,2,803.90,2,0,2,0,0,18.81,2,2,0,10,0,0,0,0,0,0,0
2017-05,服饰鞋包,内衣泳装,单件,5,271.70,5,0,5,0,0,47.95,5,5,0,22,0,0,0,0,0,0,0
2017-05,服饰鞋包,内衣泳装,同SKU多件,1,11.80,1,0,1,0,0,3.16,1,1,0,4,0,0,0,0,0,0,0
2017-05,其他,农业工商,单件,4,1579.94,4,0,4,0,0,47.87,4,4,0,19,0,0,0,0,0,0,0
2017-05,家居家纺,办公家具,单件,36,6032.47,36,0,36,9,2,622.36,36,36,3,143,2,0,1,0,1,0,0
2017-05,家居家纺,办公家具,单商家多SKU,1,253.98,1,0,1,0,0,14.59,1,1,1,1,0,0,0,0,0,0,0
2017-05,家居家纺,办公家具,同SKU多件,5,2116.98,5,0,5,0,0,80.54,5,5,1,17,0,0,0,0,0,0,0
2017-05,家居家纺,卧室家具,单件,4,675.99,4,0,4,0,0,39.69,4,4,1,16,0,0,0,0,0,0,0
2017-05,家居家纺,卧室家具,同SKU多件,2,1693.98,2,0,2,0,0,15.01,2,2,0,10,0,0,0,0,0,0,0
2017-05,家居家纺,厨具,单件,1,193.00,1,0,1,0,0,6.80,1,1,0,5,0,0,0,0,0,0,0
2017-05,家居家纺,厨房餐厅庭院家具,单件,9,1304.48,9,0,9,4,0,150.33,9,9,1,37,1,0,0,1,0,0,0
2017-05,汽配工具,园林建材,单件,4,1349.64,3,1,3,0,0,27.38,3,4,1,16,0,0,0,0,0,0,0
2017-05,汽配工具,园林建材,同SKU多件,2,227.60,2,0,2,2,2,63.27,2,2,1,4,0,0,0,0,0,0,1
2017-05,汽配工具,园艺工具,单件,110,18616.50,107,1,109,2,3,1280.01,107,108,12,450,2,0,2,0,0,0,3
2017-05,汽配工具,园艺工具,单商家多SKU,1,179.70,1,0,1,0,0,17.72,1,1,0,5,0,0,0,0,0,0,0
2017-05,汽配工具,园艺工具,同SKU多件,12,1874.36,12,0,12,1,1,164.15,12,12,2,51,0,0,0,0,0,0,1
2017-05,3C数码,固定电话,单件,9,443.34,8,0,9,1,1,122.71,8,9,4,26,1,0,0,1,0,0,1
2017-05,3C数码,固定电话,多商家,1,34.98,1,0,1,0,0,7.31,1,1,0,5,0,0,0,0,0,0,0
2017-05,图书文娱,大众图书,单件,18,1571.57,18,0,18,2,0,166.76,18,18,1,83,1,0,0,1,0,0,0
2017-05,图书文娱,大众图书,同SKU多件,1,270.00,1,0,1,0,0,12.43,1,1,0,3,0,0,0,0,0,0,0
2017-05,服饰鞋包,女装,单件,5,422.40,4,0,5,0,0,58.35,4,5,2,17,0,0,0,0,0,0,0
2017-05,母婴玩具,婴童用品,单件,94,8453.63,88,0,90,6,2,1033.90,88,93,10,400,1,0,1,0,0,0,1
2017-05,母婴玩具,婴童用品,单商家多SKU,5,1473.57,5,0,5,1,0,44.70,5,4,1,15,0,0,0,0,0,0,1
2017-05,母婴玩具,婴童用品,同SKU多件,2,209.40,2,0,2,0,0,12.15,2,2,1,6,0,0,0,0,0,0,0
2017-05,宠物,宠物用品,单件,58,7520.02,58,0,58,4,2,698.34,58,58,3,262,1,0,1,0,0,0,1
2017-05,宠物,宠物用品,单商家多SKU,3,233.01,3,0,3,1,1,30.10,3,3,1,10,0,0,0,0,0,0,0
2017-05,宠物,宠物用品,同SKU多件,5,436.98,5,0,5,0,0,46.33,5,5,1,21,1,0,0,1,0,0,0
2017-05,家居家纺,客厅家具,单件,24,4037.87,22,0,22,1,5,415.39,22,23,7,75,5,0,3,0,2,0,1
2017-05,家居家纺,客厅家具,同SKU多件,5,891.56,5,0,5,2,0,71.22,5,5,0,23,0,0,0,0,0,0,0
2017-05,家居家纺,家具软装,单件,197,18064.86,189,0,191,19,6,2256.70,189,195,30,781,8,0,2,6,2,0,6
2017-05,家居家纺,家具软装,单商家多SKU,10,1894.97,10,0,10,3,1,158.78,10,9,1,37,0,0,0,0,0,0,0
2017-05,家居家纺,家具软装,同SKU多件,19,3285.26,19,0,19,2,2,301.42,19,19,7,61,2,0,0,0,2,0,6
2017-05,家居家纺,家具软装,多商家,6,951.57,6,0,6,1,0,49.25,6,6,1,24,0,0,0,0,0,0,1
2017-05,家居家纺,家庭日用,单件,228,16417.39,223,3,225,20,2,2294.21,223,227,26,943,9,1,3,3,2,1,7
2017-05,家居家纺,家庭日用,单商家多SKU,4,351.54,4,0,4,0,0,45.56,4,4,1,16,0,0,0,0,0,0,0
2017-05,家居家纺,家庭日用,同SKU多件,27,4618.57,27,0,27,3,0,260.31,27,27,2,121,3,0,1,0,2,0,0
2017-05,家居家纺,家庭日用,多商家,4,418.97,4,0,4,0,0,38.27,4,4,1,15,0,0,0,0,0,0,0
2017-05,家用电器,家用电器,单件,28,1912.79,28,0,28,0,1,338.59,28,28,0,132,0,0,0,0,0,0,0
2017-05,家用电器,家用电器2,单件,9,3093.04,7,0,9,0,0,64.52,7,9,1,40,0,0,0,0,0,0,0
2017-05,汽配工具,家装建材,单件,4,847.00,4,0,4,0,0,34.31,4,4,1,15,0,0,0,0,0,0,0
2017-05,汽配工具,家装建材,单商家多SKU,1,773.50,1,0,1,0,0,7.16,1,1,1,1,1,0,1,0,0,0,0
2017-05,家用电器,小家电,单件,14,4839.46,14,0,14,1,0,139.94,14,14,0,65,0,0,0,0,0,0,0
2017-05,家用电器,小家电,单商家多SKU,1,322.00,1,0,1,0,0,5.90,1,1,0,4,0,0,0,0,0,0,0
2017-05,家用电器,小家电,同SKU多件,1,79.98,1,0,1,0,0,10.72,1,1,0,5,0,0,0,0,0,0,0
2017-05,家居家纺,居家舒适,单件,29,4717.67,27,0,29,5,1,296.50,27,29,8,102,3,0,0,1,2,0,1
2017-05,家居家纺,居家舒适,单商家多SKU,2,346.60,2,0,2,0,0,26.50,2,2,1,6,1,0,0,0,1,0,1
2017-05,家居家纺,居家舒适,同SKU多件,2,229.60,2,0,2,0,1,31.47,2,2,1,5,0,0,0,0,0,0,0
2017-05,其他,工商业用品,单件,2,519.80,2,0,2,0,0,12.77,2,2,0,6,0,0,0,0,0,0,0
2017-05,其他,平台综合,单件,20,2424.98,20,0,20,1,0,181.40,20,20,0,89,0,0,0,0,0,0,0
2017-05,3C数码,平板打印,单件,6,1415.98,6,0,6,0,1,73.34,6,4,0,19,0,0,0,0,0,0,0
2017-05,家居家纺,床品布艺卫浴,单件,285,28241.98,281,1,282,7,12,3489.57,281,279,28,1152,9,0,4,5,1,0,2
2017-05,家居家纺,床品布艺卫浴,单商家多SKU,12,1417.04,12,0,12,0,2,185.99,12,12,2,48,0,0,0,0,0,0,2
2017-05,家居家纺,床品布艺卫浴,同SKU多件,26,3373.84,24,0,26,2,0,256.97,24,25,4,104,2,0,1,1,0,0,1
2017-05,家居家纺,床品布艺卫浴,多商家,1,93.65,1,0,1,0,0,8.30,1,1,0,3,1,0,0,0,1,0,0
2017-05,家居家纺,床垫沙发,单件,3,595.89,3,0,3,0,0,43.19,3,3,0,11,0,0,0,0,0,0,0
2017-05,汽配工具,建筑工具,单件,1,99.99,1,0,1,0,0,8.92,1,1,0,5,0,0,0,0,0,0,0
2017-05,图书文娱,影视光碟,单件,4,89.60,4,0,4,0,0,28.35,4,4,0,19,0,0,0,0,0,0,0
2017-05,3C数码,影音设备,单件,17,2081.18,17,0,17,2,1,151.13,17,17,3,71,0,0,0,0,0,0,0
2017-05,家居家纺,手工艺品,单商家多SKU,1,41.86,1,0,1,0,0,7.93,1,1,0,5,0,0,0,0,0,0,0
2017-05,3C数码,手机通讯,单件,184,8093.08,178,1,182,28,4,2141.74,178,182,26,715,9,0,7,1,1,0,4
2017-05,3C数码,手机通讯,单商家多SKU,5,242.72,4,0,5,0,0,45.53,4,5,2,17,0,0,0,0,0,0,0
2017-05,3C数码,手机通讯,同SKU多件,10,697.56,9,1,9,0,0,98.15,9,10,3,37,1,0,0,0,1,0,1
2017-05,3C数码,手机通讯,多商家,3,189.85,3,0,3,1,0,23.87,3,3,2,8,1,0,0,1,1,0,1
2017-05,3C数码,摄影摄像,单件,1,59.00,1,0,1,1,0,12.94,1,1,0,5,0,0,0,0,0,0,0
2017-05,图书文娱,文具,单件,58,5617.58,56,0,58,0,1,591.99,56,57,5,245,1,0,1,0,0,0,2
2017-05,图书文娱,文具,单商家多SKU,3,372.60,3,0,3,0,0,28.37,3,3,1,11,0,0,0,0,0,0,1
2017-05,图书文娱,文具,同SKU多件,1,59.80,1,0,1,0,0,6.56,1,1,0,5,0,0,0,0,0,0,0
2017-05,服饰鞋包,旅行箱包,单件,58,11104.82,58,0,58,1,1,566.48,58,58,5,258,0,0,0,0,0,0,0
2017-05,服饰鞋包,旅行箱包,单商家多SKU,2,629.60,2,0,2,0,0,10.04,2,2,0,10,0,0,0,0,0,0,0
2017-05,服饰鞋包,旅行箱包,同SKU多件,3,695.30,3,0,3,0,0,23.45,3,3,2,7,1,0,0,0,1,0,1
2017-05,服饰鞋包,旅行箱包,多商家,1,134.80,1,0,1,0,0,14.53,1,1,0,5,0,0,0,0,0,0,0
2017-05,未知,无商品明细,无商品明细,40,0.00,0,40,0,0,0,,0,40,30,76,0,0,0,0,0,0,8
2017-05,未知,未知品类,单件,75,10144.86,72,0,73,4,0,846.19,72,75,10,310,1,0,1,0,0,0,1
2017-05,未知,未知品类,单商家多SKU,1,24.00,1,0,1,0,0,6.66,1,1,1,1,0,0,0,0,0,0,1
2017-05,未知,未知品类,同SKU多件,7,674.39,6,0,7,1,0,64.78,6,7,1,30,0,0,0,0,0,0,0
2017-05,未知,未知品类,多商家,1,49.89,1,0,1,0,0,3.88,1,1,0,5,0,0,0,0,0,0,0
2017-05,汽配工具,标识安防,单件,2,80.85,2,0,2,0,0,26.45,2,2,0,9,0,0,0,0,0,0,0
2017-05,汽配工具,标识安防,同SKU多件,1,428.00,1,0,1,0,0,10.14,1,1,0,5,0,0,0,0,0,0,0
2017-05,汽配工具,汽车用品,单件,94,14795.91,89,1,91,13,3,1087.94,89,93,12,384,2,0,1,1,0,0,4
2017-05,汽配工具,汽车用品,单商家多SKU,7,2253.20,6,1,6,0,1,76.76,6,7,3,20,0,0,0,0,0,0,0
2017-05,汽配工具,汽车用品,同SKU多件,5,1590.92,4,1,4,0,0,44.14,4,5,0,21,0,0,0,0,0,0,0
2017-05,3C数码,游戏主机,单件,23,2252.64,23,0,23,3,0,310.60,23,23,1,96,2,0,0,0,1,1,0
2017-05,3C数码,游戏主机,同SKU多件,3,254.56,3,0,3,0,0,34.47,3,3,1,12,0,0,0,0,0,0,0
2017-05,钟表与潮流好物,潮流好物,单件,223,30921.61,217,1,220,17,6,2248.29,217,222,25,936,6,0,1,3,2,0,4
2017-05,钟表与潮流好物,潮流好物,单商家多SKU,3,536.76,3,0,3,0,0,28.41,3,3,0,15,0,0,0,0,0,0,0
2017-05,钟表与潮流好物,潮流好物,同SKU多件,6,1557.33,6,0,6,1,0,83.61,6,6,1,22,1,0,0,0,1,0,1
2017-05,钟表与潮流好物,潮流好物,多商家,4,899.57,4,0,4,0,0,21.43,4,4,2,11,2,0,0,0,2,0,2
2017-05,母婴玩具,玩具,单件,189,21845.90,185,2,186,9,5,1680.48,185,189,12,848,4,1,1,2,1,0,1
2017-05,母婴玩具,玩具,单商家多SKU,4,474.29,4,0,4,0,0,31.79,4,4,0,18,0,0,0,0,0,0,1
2017-05,母婴玩具,玩具,同SKU多件,1,23.80,1,0,1,0,0,8.35,1,1,0,5,0,0,0,0,0,0,0
2017-05,3C数码,电子产品,单件,58,6297.21,55,0,56,3,1,602.49,55,57,7,224,2,0,1,1,0,0,0
2017-05,3C数码,电子产品,同SKU多件,4,411.90,4,0,4,0,1,44.89,4,4,2,13,0,0,0,0,0,0,0
2017-05,3C数码,电竞电脑,单件,1,129.99,1,0,1,0,0,7.87,1,1,0,5,0,0,0,0,0,0,0
2017-05,3C数码,电脑配件,单件,228,31417.50,222,1,224,15,4,2357.99,222,228,26,981,8,2,3,3,0,0,2
2017-05,3C数码,电脑配件,单商家多SKU,9,3423.97,9,0,9,0,1,253.44,9,9,1,40,0,0,0,0,0,0,0
2017-05,3C数码,电脑配件,同SKU多件,22,10623.32,21,1,21,1,1,288.01,21,21,3,84,1,0,0,0,1,0,1
2017-05,3C数码,电脑配件,多商家,1,289.98,1,0,1,1,0,,0,1,0,5,0,0,0,0,0,0,0
2017-05,服饰鞋包,男装,单件,2,221.80,2,0,2,0,0,16.73,2,2,0,8,0,0,0,0,0,0,0
2017-05,服饰鞋包,男装,多商家,1,387.10,1,0,1,0,0,5.73,1,1,1,1,1,0,0,0,1,0,0
2017-05,家用电器,空调冷暖,单件,6,838.77,5,0,5,0,0,47.80,5,6,1,26,0,0,0,0,0,0,0
2017-05,家用电器,空调冷暖,同SKU多件,1,178.00,1,0,1,0,0,14.67,1,1,0,4,0,0,0,0,0,0,0
2017-05,母婴玩具,童装,单件,1,110.00,1,0,1,0,0,2.62,1,1,0,5,0,0,0,0,0,0,0
2017-05,服饰鞋包,箱包配饰,单件,84,6513.30,78,0,81,5,3,968.53,78,83,9,342,4,1,1,2,1,0,4
2017-05,服饰鞋包,箱包配饰,单商家多SKU,7,648.88,7,0,7,1,0,90.87,7,7,2,25,1,0,0,0,1,0,1
2017-05,服饰鞋包,箱包配饰,多商家,4,312.49,4,0,4,0,0,33.22,4,4,0,18,0,0,0,0,0,0,1
2017-05,美妆个护,美妆健康,单件,248,42184.02,242,0,246,16,5,2499.00,242,245,23,1046,7,1,2,2,2,0,4
2017-05,美妆个护,美妆健康,单商家多SKU,5,1626.66,5,0,5,1,1,49.54,5,5,0,25,0,0,0,0,0,0,0
2017-05,美妆个护,美妆健康,同SKU多件,13,2844.45,13,0,13,2,1,156.67,13,13,5,39,1,0,0,0,1,0,2
2017-05,美妆个护,美妆健康,多商家,1,130.89,1,0,1,0,0,7.13,1,1,0,4,0,0,0,0,0,0,0
2017-05,家居家纺,艺术品,单件,8,6967.65,6,0,7,0,0,74.04,6,8,1,36,0,0,0,0,0,0,0
2017-05,运动户外,运动休闲,单件,227,30094.35,217,3,222,12,5,2280.56,217,224,27,937,10,1,4,2,4,1,7
2017-05,运动户外,运动休闲,单商家多SKU,5,1003.74,5,0,5,0,0,33.39,5,5,0,23,0,0,0,0,0,0,0
2017-05,运动户外,运动休闲,同SKU多件,28,4180.84,27,0,27,0,2,507.32,27,28,5,114,2,0,0,0,2,0,0
2017-05,运动户外,运动休闲,多商家,3,703.69,3,0,3,1,0,35.18,3,3,1,11,0,0,0,0,0,0,0
2017-05,服饰鞋包,运动服饰,单件,3,124.84,3,0,3,0,0,38.23,3,3,0,15,0,0,0,0,0,0,0
2017-05,食品酒水,酒水饮料,单件,1,90.00,1,0,1,0,0,9.93,1,1,0,5,0,0,0,0,0,0,0
2017-05,钟表与潮流好物,钟表礼品,单件,118,35564.50,112,1,116,4,2,1136.70,112,118,15,505,2,0,1,0,1,0,2
2017-05,钟表与潮流好物,钟表礼品,单商家多SKU,3,209.00,3,0,3,0,0,30.23,3,3,0,11,1,0,0,0,1,0,1
2017-05,钟表与潮流好物,钟表礼品,同SKU多件,3,1558.10,3,0,3,0,0,24.89,3,3,0,12,1,0,1,0,0,0,0
2017-05,钟表与潮流好物,钟表礼品,多商家,1,659.90,1,0,1,0,0,12.19,1,1,0,5,0,0,0,0,0,0,0
2017-05,服饰鞋包,鞋靴,单件,22,1669.54,22,0,22,7,0,306.34,22,22,2,94,1,0,1,1,0,0,0
2017-05,食品酒水,食品,单件,3,387.90,3,0,3,0,1,146.39,3,3,1,10,0,0,0,0,0,0,1
2017-05,食品酒水,食品饮料,单件,10,288.99,9,0,9,0,0,80.24,9,10,1,43,0,0,0,0,0,0,0
2017-05,食品酒水,食品饮料,单商家多SKU,1,62.80,0,0,0,0,0,,0,1,0,4,0,0,0,0,0,0,0
2017-05,食品酒水,食品饮料,同SKU多件,1,64.50,1,0,1,0,0,8.60,1,1,0,5,0,0,0,0,0,0,0
2017-05,美妆个护,香水香氛,单件,124,17488.18,122,0,124,9,6,1342.58,122,122,12,511,5,0,3,3,0,1,4
2017-05,美妆个护,香水香氛,单商家多SKU,1,398.40,1,0,1,0,0,3.62,1,1,0,4,0,0,0,0,0,0,0
2017-05,美妆个护,香水香氛,同SKU多件,9,2232.46,9,0,9,1,1,82.17,9,9,2,36,0,0,0,0,0,0,0
2017-06,图书文娱,专业图书,单件,2,145.90,2,0,2,0,0,21.82,2,2,0,10,0,0,0,0,0,0,0
2017-06,图书文娱,乐器,单件,14,3963.45,14,0,14,1,1,176.98,14,14,3,53,2,0,1,2,0,0,0
2017-06,图书文娱,乐器,单商家多SKU,2,889.80,2,0,2,0,0,42.81,2,2,1,6,0,0,0,0,0,0,0
2017-06,图书文娱,乐器,同SKU多件,1,139.80,1,0,1,0,0,14.82,1,1,0,5,0,0,0,0,0,0,0
2017-06,服饰鞋包,内衣泳装,单件,1,3.90,1,0,1,1,0,11.95,1,1,0,5,0,0,0,0,0,0,0
2017-06,其他,农业工商,单件,1,1390.00,1,0,1,0,0,9.98,1,1,1,1,1,0,1,0,0,0,0
2017-06,家居家纺,办公家具,单件,42,6140.11,42,0,42,0,1,651.44,42,42,7,163,5,0,3,0,2,0,2
2017-06,家居家纺,办公家具,同SKU多件,3,1139.02,3,0,3,0,0,37.98,3,3,0,12,0,0,0,0,0,0,0
2017-06,家居家纺,卧室家具,单件,2,308.99,2,0,2,0,0,20.85,2,2,0,10,0,0,0,0,0,0,0
2017-06,家居家纺,厨房餐厅庭院家具,单件,4,374.80,4,0,4,2,0,80.07,4,4,0,19,0,0,0,0,0,0,0
2017-06,汽配工具,园林建材,单件,2,234.89,2,0,2,0,0,20.48,2,2,0,9,0,0,0,0,0,0,0
2017-06,汽配工具,园林建材,同SKU多件,1,199.80,1,0,1,0,0,11.89,1,1,0,5,0,0,0,0,0,0,0
2017-06,汽配工具,园艺工具,单件,92,14046.40,88,0,91,4,3,1015.89,88,92,12,385,4,0,3,1,0,0,5
2017-06,汽配工具,园艺工具,单商家多SKU,1,688.00,1,0,1,0,0,7.97,1,1,0,3,0,0,0,0,0,0,0
2017-06,汽配工具,园艺工具,同SKU多件,7,900.82,7,0,7,1,0,84.86,7,7,0,34,0,0,0,0,0,0,0
2017-06,汽配工具,园艺工具,多商家,2,263.94,2,0,2,1,0,24.78,2,2,0,9,0,0,0,0,0,0,0
2017-06,3C数码,固定电话,单件,12,933.67,12,0,12,1,0,148.08,12,12,1,52,1,0,1,0,0,0,0
2017-06,家居家纺,圣诞用品,单件,1,124.90,1,0,1,0,0,9.06,1,1,0,5,0,0,0,0,0,0,0
2017-06,家居家纺,圣诞用品,单商家多SKU,1,59.80,1,0,1,0,0,22.77,1,1,0,4,0,0,0,0,0,0,0
2017-06,图书文娱,大众图书,单件,19,1680.28,18,0,18,4,0,233.03,18,19,1,86,0,0,0,0,0,0,0
2017-06,图书文娱,大众图书,同SKU多件,1,259.80,1,0,1,0,0,14.11,1,1,0,5,0,0,0,0,0,0,0
2017-06,服饰鞋包,女装,单件,3,154.80,3,0,3,0,0,38.28,3,3,0,11,2,0,1,1,0,0,0
2017-06,母婴玩具,婴童用品,单件,67,7093.26,67,0,67,12,7,841.52,67,66,13,254,5,0,2,1,1,1,4
2017-06,母婴玩具,婴童用品,单商家多SKU,2,621.80,2,0,2,1,0,30.68,2,2,2,3,1,0,0,0,1,0,0
2017-06,母婴玩具,婴童用品,同SKU多件,2,110.58,2,0,2,0,0,15.41,2,2,0,6,0,0,0,0,0,0,0
2017-06,宠物,宠物用品,单件,56,4969.88,55,0,56,4,2,565.15,55,55,4,248,0,0,0,0,0,0,0
2017-06,宠物,宠物用品,同SKU多件,2,143.80,2,0,2,0,0,16.56,2,2,0,10,0,0,0,0,0,0,0
2017-06,宠物,宠物用品,多商家,2,234.59,2,0,2,1,0,12.93,2,2,1,4,0,0,0,0,0,0,1
2017-06,家居家纺,客厅家具,单件,9,1089.48,9,0,9,1,0,160.32,9,9,0,42,0,0,0,0,0,0,0
2017-06,家居家纺,客厅家具,同SKU多件,3,623.82,3,0,3,0,0,39.71,3,3,0,13,0,0,0,0,0,0,0
2017-06,家居家纺,家具软装,单件,148,11995.29,145,1,147,16,6,1787.68,145,146,15,626,4,0,3,1,0,0,4
2017-06,家居家纺,家具软装,单商家多SKU,5,702.70,5,0,5,0,0,74.41,5,5,1,20,0,0,0,0,0,0,0
2017-06,家居家纺,家具软装,同SKU多件,25,4086.50,25,0,25,3,0,298.16,25,25,2,106,3,0,1,0,2,0,0
2017-06,家居家纺,家具软装,多商家,1,113.89,1,0,1,0,0,10.19,1,1,0,3,0,0,0,0,0,0,0
2017-06,家居家纺,家庭日用,单件,255,18786.10,247,2,253,27,6,2700.92,247,253,20,1078,6,0,4,2,0,0,7
2017-06,家居家纺,家庭日用,单商家多SKU,4,383.98,4,0,4,2,1,203.01,4,4,1,13,0,0,0,0,0,0,2
2017-06,家居家纺,家庭日用,同SKU多件,27,4276.04,26,0,26,3,0,226.53,26,27,6,104,4,0,3,2,1,0,0
2017-06,家居家纺,家庭日用,多商家,2,174.80,2,0,2,0,0,11.95,2,2,1,6,0,0,0,0,0,0,1
2017-06,家用电器,家用电器,单件,41,2441.39,41,0,41,4,1,418.06,41,41,6,159,4,0,1,2,1,0,0
2017-06,家用电器,家用电器,同SKU多件,1,65.80,1,0,1,0,0,5.87,1,1,0,5,0,0,0,0,0,0,0
2017-06,家用电器,家用电器2,单件,6,1213.87,6,0,6,0,0,74.24,6,6,1,21,1,0,0,0,1,0,0
2017-06,汽配工具,家装建材,单件,3,763.80,3,0,3,0,0,27.94,3,3,0,12,0,0,0,0,0,0,0
2017-06,汽配工具,家装建材,同SKU多件,1,1228.50,1,0,1,0,0,16.26,1,1,0,4,0,0,0,0,0,0,0
2017-06,家用电器,小家电,单件,23,9698.81,23,0,23,2,0,253.85,23,23,6,87,1,0,0,1,0,0,2
2017-06,家居家纺,居家舒适,单件,15,2801.39,14,0,15,1,0,151.29,14,14,3,53,1,0,1,0,0,0,1
2017-06,家居家纺,居家舒适,单商家多SKU,1,179.80,1,0,1,0,0,11.58,1,1,0,5,0,0,0,0,0,0,0
2017-06,家居家纺,居家舒适,多商家,1,141.89,1,0,1,1,0,,0,1,1,1,0,0,0,0,0,0,0
2017-06,家居家纺,居家舒适2,单件,1,12.90,1,0,1,0,0,12.22,1,1,0,5,0,0,0,0,0,0,0
2017-06,其他,工商业用品,单件,2,276.97,2,0,2,0,0,18.20,2,2,0,9,0,0,0,0,0,0,0
2017-06,其他,平台综合,单件,14,1133.35,14,0,14,0,1,138.85,14,14,1,58,0,0,0,0,0,0,1
2017-06,其他,平台综合,同SKU多件,1,125.60,1,0,1,0,0,11.07,1,1,1,1,1,0,0,0,1,0,0
2017-06,3C数码,平板打印,单件,6,594.00,6,0,6,0,0,59.45,6,6,0,30,0,0,0,0,0,0,0
2017-06,家居家纺,床品布艺卫浴,单件,296,30483.81,287,0,295,16,8,3700.34,287,292,39,1189,9,0,3,5,1,1,10
2017-06,家居家纺,床品布艺卫浴,单商家多SKU,13,1704.71,13,0,13,2,0,184.09,13,13,3,51,2,0,0,0,2,0,0
2017-06,家居家纺,床品布艺卫浴,同SKU多件,20,2394.24,18,0,19,2,0,228.15,18,20,5,74,3,0,1,0,3,0,0
2017-06,家居家纺,床品布艺卫浴,多商家,5,567.75,5,0,5,1,0,46.58,5,4,2,12,1,0,1,0,0,0,0
2017-06,汽配工具,建筑工具,单件,2,139.91,2,0,2,0,0,21.33,2,2,0,9,0,0,0,0,0,0,0
2017-06,汽配工具,建筑工具,同SKU多件,1,119.76,1,0,1,0,0,12.78,1,1,0,4,0,0,0,0,0,0,0
2017-06,图书文娱,影视光碟,单件,4,126.69,4,0,4,0,0,57.33,4,4,0,19,0,0,0,0,0,0,0
2017-06,3C数码,影音设备,单件,11,1671.00,11,0,11,0,1,94.75,11,11,2,43,0,0,0,0,0,0,0
2017-06,3C数码,手机通讯,单件,141,6337.66,138,0,140,22,5,1682.54,138,141,18,581,9,0,5,3,1,0,4
2017-06,3C数码,手机通讯,单商家多SKU,1,59.98,1,0,1,0,0,6.19,1,1,0,3,0,0,0,0,0,0,0
2017-06,3C数码,手机通讯,同SKU多件,8,301.48,8,0,8,0,0,79.42,8,8,1,33,1,0,0,1,0,0,0
2017-06,3C数码,手机通讯,多商家,1,93.50,1,0,1,0,0,10.95,1,1,0,5,0,0,0,0,0,0,0
2017-06,3C数码,摄影摄像,单件,1,79.00,1,0,1,0,0,11.00,1,1,0,5,0,0,0,0,0,0,0
2017-06,图书文娱,文具,单件,36,3365.77,36,0,36,0,0,407.37,36,36,3,156,1,0,0,1,0,0,1
2017-06,图书文娱,文具,单商家多SKU,1,127.80,1,0,1,0,0,13.92,1,1,0,5,0,0,0,0,0,0,0
2017-06,服饰鞋包,旅行箱包,单件,58,7947.96,57,0,58,0,2,715.90,57,58,5,256,0,0,0,0,0,0,1
2017-06,服饰鞋包,旅行箱包,单商家多SKU,1,249.33,1,0,1,0,0,10.06,1,1,0,5,0,0,0,0,0,0,0
2017-06,服饰鞋包,旅行箱包,同SKU多件,1,109.80,1,0,1,0,0,13.26,1,1,0,5,0,0,0,0,0,0,0
2017-06,未知,无商品明细,无商品明细,28,0.00,0,28,0,0,0,,0,26,20,46,0,0,0,0,0,0,4
2017-06,未知,未知品类,单件,48,4574.69,44,2,45,6,1,466.36,44,48,11,182,3,0,1,1,1,0,2
2017-06,未知,未知品类,同SKU多件,6,903.20,6,0,6,0,0,52.82,6,6,2,22,1,0,0,0,1,0,0
2017-06,汽配工具,标识安防,单件,2,273.90,1,0,1,0,0,12.02,1,2,0,7,0,0,0,0,0,0,1
2017-06,汽配工具,汽车用品,单件,94,28819.72,92,1,93,12,9,1164.19,92,92,17,358,4,0,0,3,1,0,5
2017-06,汽配工具,汽车用品,单商家多SKU,5,1747.57,5,0,5,0,0,48.37,5,5,1,21,1,0,0,0,1,0,0
2017-06,汽配工具,汽车用品,同SKU多件,4,803.40,4,0,4,0,0,51.44,4,4,0,17,0,0,0,0,0,0,0
2017-06,3C数码,游戏主机,单件,24,5109.42,23,0,24,1,1,294.88,23,23,3,98,2,0,0,1,0,1,1
2017-06,3C数码,游戏主机,单商家多SKU,1,119.80,1,0,1,0,0,7.54,1,1,0,5,0,0,0,0,0,0,0
2017-06,3C数码,游戏主机,同SKU多件,2,159.80,2,0,2,0,0,9.94,2,2,0,8,0,0,0,0,0,0,0
2017-06,钟表与潮流好物,潮流好物,单件,193,37667.42,191,0,193,6,3,2176.03,191,191,11,846,3,0,2,0,1,0,1
2017-06,钟表与潮流好物,潮流好物,同SKU多件,4,577.08,4,0,4,0,1,63.59,4,4,2,12,1,0,1,0,0,0,1
2017-06,家用电器,烤箱咖啡机,单件,1,71.90,1,0,1,0,0,12.38,1,1,0,5,0,0,0,0,0,0,0
2017-06,母婴玩具,玩具,单件,146,14677.66,144,1,145,11,4,1708.36,144,145,14,619,8,1,5,1,2,0,4
2017-06,母婴玩具,玩具,单商家多SKU,3,366.69,3,0,3,0,0,18.14,3,3,0,14,0,0,0,0,0,0,0
2017-06,母婴玩具,玩具,同SKU多件,3,432.00,3,0,3,0,0,20.42,3,3,0,15,0,0,0,0,0,0,0
2017-06,3C数码,电子产品,单件,38,1956.24,37,1,37,5,1,449.61,37,37,2,160,0,0,0,0,0,0,1
2017-06,3C数码,电子产品,同SKU多件,2,143.80,2,0,2,0,0,25.20,2,2,1,5,1,0,0,0,1,0,0
2017-06,3C数码,电竞电脑,单件,1,129.99,1,0,1,0,0,14.93,1,1,0,4,0,0,0,0,0,0,0
2017-06,3C数码,电脑配件,单件,190,28974.97,183,0,184,16,5,2179.24,183,189,33,770,9,1,5,2,1,0,5
2017-06,3C数码,电脑配件,单商家多SKU,10,2290.14,10,0,10,1,0,114.39,10,10,6,25,3,1,0,1,1,0,0
2017-06,3C数码,电脑配件,同SKU多件,17,4057.74,17,0,17,1,0,197.55,17,17,2,72,1,0,0,0,1,0,0
2017-06,3C数码,电脑配件,多商家,2,1684.23,2,0,2,2,0,20.45,2,2,1,4,1,0,0,0,1,0,1
2017-06,服饰鞋包,男装,单件,6,445.09,6,0,6,1,0,113.81,6,6,2,21,0,0,0,0,0,0,0
2017-06,服饰鞋包,男装,单商家多SKU,2,174.50,1,0,1,0,0,5.52,1,2,1,6,0,0,0,0,0,0,0
2017-06,家用电器,空调冷暖,单件,8,1467.68,8,0,8,1,0,79.22,8,8,2,30,0,0,0,0,0,0,1
2017-06,家用电器,空调冷暖,同SKU多件,1,616.80,1,0,1,1,0,23.33,1,1,0,5,0,0,0,0,0,0,0
2017-06,母婴玩具,童装,单件,1,110.00,1,0,1,0,0,4.86,1,1,0,5,0,0,0,0,0,0,0
2017-06,服饰鞋包,箱包配饰,单件,71,6210.34,69,0,71,2,0,737.43,69,70,7,287,4,0,1,3,0,0,1
2017-06,服饰鞋包,箱包配饰,单商家多SKU,4,291.00,4,0,4,0,0,36.80,4,4,0,19,0,0,0,0,0,0,0
2017-06,服饰鞋包,箱包配饰,多商家,2,329.69,2,0,2,1,0,24.03,2,2,1,6,0,0,0,0,0,0,0
2017-06,美妆个护,美妆健康,单件,222,28603.09,216,1,218,20,9,2742.86,216,220,22,934,8,2,2,3,2,0,3
2017-06,美妆个护,美妆健康,单商家多SKU,2,1902.00,2,0,2,0,0,37.30,2,2,0,10,0,0,0,0,0,0,0
2017-06,美妆个护,美妆健康,同SKU多件,12,1379.30,12,0,12,1,1,121.35,12,12,2,47,1,0,0,1,1,0,1
2017-06,美妆个护,美妆健康,多商家,1,111.90,1,0,1,0,0,8.25,1,1,0,5,0,0,0,0,0,0,0
2017-06,家居家纺,艺术品,单件,4,200.30,4,0,4,0,0,42.38,4,4,1,16,0,0,0,0,0,0,0
2017-06,家居家纺,艺术品,同SKU多件,1,221.40,0,0,0,0,0,,0,1,1,1,0,0,0,0,0,0,0
2017-06,运动户外,运动休闲,单件,227,30073.48,223,1,225,7,3,2576.42,223,227,11,1013,3,0,2,0,1,0,2
2017-06,运动户外,运动休闲,单商家多SKU,4,602.40,3,0,4,0,0,26.22,3,4,1,15,0,0,0,0,0,0,1
2017-06,运动户外,运动休闲,同SKU多件,16,1907.86,16,0,16,2,4,273.57,16,16,2,68,2,0,0,0,2,0,0
2017-06,运动户外,运动休闲,多商家,3,323.99,3,0,3,1,0,26.97,3,3,2,8,2,0,0,0,2,0,1
2017-06,服饰鞋包,运动服饰,单件,6,495.49,5,0,5,0,0,30.06,5,6,1,26,0,0,0,0,0,0,0
2017-06,图书文娱,进口图书,单商家多SKU,1,99.00,1,0,1,0,0,11.09,1,1,0,5,0,0,0,0,0,0,0
2017-06,食品酒水,酒水饮料,单件,1,49.99,1,0,1,0,0,12.43,1,1,0,4,0,0,0,0,0,0,0
2017-06,钟表与潮流好物,钟表礼品,单件,110,28171.84,105,2,107,8,3,1235.95,105,108,13,445,3,0,1,2,0,0,1
2017-06,钟表与潮流好物,钟表礼品,单商家多SKU,4,548.00,4,0,4,0,0,30.72,4,4,0,17,0,0,0,0,0,0,0
2017-06,钟表与潮流好物,钟表礼品,同SKU多件,1,58.00,1,0,1,0,0,7.71,1,1,0,5,0,0,0,0,0,0,0
2017-06,钟表与潮流好物,钟表礼品,多商家,1,68.90,1,0,1,0,0,11.10,1,1,0,5,0,0,0,0,0,0,0
2017-06,服饰鞋包,鞋靴,单件,13,968.22,12,0,13,5,0,198.97,12,13,2,52,1,0,0,1,0,0,0
2017-06,服饰鞋包,鞋靴,单商家多SKU,3,347.08,3,0,3,0,0,40.71,3,3,2,6,2,0,0,1,2,0,0
2017-06,图书文娱,音乐,单件,4,1066.90,4,0,4,1,1,74.37,4,4,1,13,1,0,1,0,0,0,0
2017-06,食品酒水,食品,单件,1,149.90,1,0,1,0,0,10.14,1,1,0,5,0,0,0,0,0,0,0
2017-06,食品酒水,食品饮料,单件,2,57.40,2,0,2,0,0,12.37,2,2,0,10,0,0,0,0,0,0,0
2017-06,美妆个护,香水香氛,单件,139,22674.60,133,0,138,4,4,1734.69,133,139,17,588,5,0,1,4,0,0,0
2017-06,美妆个护,香水香氛,同SKU多件,5,1106.78,5,0,5,1,0,37.24,5,5,2,16,1,0,0,0,1,0,0
2017-06,美妆个护,香水香氛,多商家,2,656.72,2,0,2,0,0,19.04,2,2,2,4,1,0,0,0,1,0,0
2017-07,图书文娱,专业图书,单件,2,528.00,2,0,2,0,0,16.02,2,2,0,10,0,0,0,0,0,0,0
2017-07,图书文娱,乐器,单件,24,7877.39,22,2,22,4,2,279.22,22,23,5,92,1,0,1,0,0,0,1
2017-07,图书文娱,乐器,同SKU多件,4,534.20,4,0,4,0,0,45.07,4,4,0,20,0,0,0,0,0,0,0
2017-07,服饰鞋包,内衣泳装,单件,3,274.80,3,0,3,0,0,27.09,3,3,0,12,0,0,0,0,0,0,0
2017-07,其他,农业工商,单件,1,1180.00,1,0,1,0,0,4.72,1,1,0,5,0,0,0,0,0,0,0
2017-07,家居家纺,办公家具,单件,84,12951.78,84,0,84,12,5,1414.18,84,84,7,343,4,0,2,0,2,1,3
2017-07,家居家纺,办公家具,单商家多SKU,1,259.95,1,0,1,1,0,13.96,1,1,0,5,0,0,0,0,0,0,0
2017-07,家居家纺,办公家具,同SKU多件,11,3510.94,11,0,11,2,0,163.18,11,11,3,39,2,0,1,0,1,0,0
2017-07,家居家纺,办公家具,多商家,1,229.74,1,0,1,0,0,,0,1,0,3,0,0,0,0,0,0,0
2017-07,家居家纺,卧室家具,单件,5,1206.99,4,0,4,0,0,72.77,4,5,1,18,0,0,0,0,0,0,0
2017-07,家居家纺,厨具,单件,4,469.99,4,0,4,0,0,32.22,4,4,0,20,0,0,0,0,0,0,0
2017-07,家居家纺,厨房餐厅庭院家具,单件,7,932.70,7,0,7,2,0,87.44,7,7,0,29,0,0,0,0,0,0,0
2017-07,家居家纺,厨房餐厅庭院家具,同SKU多件,2,383.80,2,0,2,0,0,14.86,2,2,0,10,0,0,0,0,0,0,0
2017-07,汽配工具,园林建材,单件,4,239.40,4,0,4,0,0,38.77,4,4,0,20,0,0,0,0,0,0,0
2017-07,汽配工具,园林建材,单商家多SKU,1,44.15,1,0,1,0,0,3.35,1,1,0,5,0,0,0,0,0,0,0
2017-07,汽配工具,园林建材,同SKU多件,1,17.64,1,0,1,0,0,5.88,1,1,0,5,0,0,0,0,0,0,0
2017-07,汽配工具,园艺工具,单件,132,16067.94,126,1,128,18,3,1550.44,126,131,10,567,6,0,3,2,1,0,3
2017-07,汽配工具,园艺工具,单商家多SKU,5,1285.84,5,0,5,3,0,63.74,5,5,1,20,0,0,0,0,0,0,1
2017-07,汽配工具,园艺工具,同SKU多件,21,2694.76,21,0,21,7,0,227.55,21,20,3,78,4,0,0,0,4,0,0
2017-07,3C数码,固定电话,单件,7,180.93,7,0,7,1,0,65.73,7,7,0,29,0,0,0,0,0,0,0
2017-07,3C数码,固定电话,同SKU多件,1,37.80,1,0,1,0,0,19.92,1,1,1,1,1,0,1,1,0,0,0
2017-07,家居家纺,圣诞用品,单件,2,65.09,2,0,2,0,0,20.74,2,2,0,9,0,0,0,0,0,0,0
2017-07,图书文娱,大众图书,单件,11,1224.60,11,0,11,1,0,141.40,11,11,0,55,0,0,0,0,0,0,0
2017-07,图书文娱,大众图书,单商家多SKU,1,67.80,1,0,1,0,0,7.14,1,1,0,5,0,0,0,0,0,0,0
2017-07,服饰鞋包,女装,单件,4,310.70,4,0,4,0,0,33.48,4,4,1,16,1,0,0,1,0,0,0
2017-07,母婴玩具,婴童用品,单件,116,14509.48,114,1,114,8,0,1159.67,114,116,8,515,3,0,0,2,1,0,1
2017-07,母婴玩具,婴童用品,单商家多SKU,1,195.66,1,0,1,0,0,14.36,1,1,0,5,0,0,0,0,0,0,0
2017-07,母婴玩具,婴童用品,同SKU多件,4,870.18,3,0,3,0,0,20.18,3,4,1,14,0,0,0,0,0,0,0
2017-07,母婴玩具,婴童用品,多商家,1,363.98,1,0,1,0,0,3.38,1,1,0,3,1,0,0,0,1,0,0
2017-07,宠物,宠物用品,单件,59,5039.08,58,0,59,6,2,766.54,58,59,5,250,1,0,0,1,0,0,2
2017-07,宠物,宠物用品,单商家多SKU,2,214.96,2,0,2,0,0,14.09,2,2,2,3,2,0,0,1,2,0,0
2017-07,宠物,宠物用品,同SKU多件,4,467.17,4,0,4,1,0,28.85,4,4,0,17,0,0,0,0,0,0,0
2017-07,宠物,宠物用品,多商家,5,908.66,5,0,5,0,0,28.77,4,5,4,9,2,0,0,1,2,0,2
2017-07,家居家纺,客厅家具,单件,24,3724.43,23,0,24,0,1,308.29,23,24,2,101,0,0,0,0,0,0,0
2017-07,家居家纺,客厅家具,同SKU多件,3,670.69,3,0,3,1,0,39.22,3,3,1,11,1,0,0,1,0,0,0
2017-07,家居家纺,家具软装,单件,197,16869.45,194,0,197,16,5,2251.90,194,196,23,819,11,0,6,3,3,0,2
2017-07,家居家纺,家具软装,单商家多SKU,8,2114.70,8,0,8,0,0,68.99,8,8,1,33,1,0,1,0,0,0,0
2017-07,家居家纺,家具软装,同SKU多件,33,4830.53,32,0,33,3,1,322.04,32,32,5,129,3,0,1,1,2,0,1
2017-07,家居家纺,家具软装,多商家,7,950.30,7,0,7,3,0,67.42,6,7,4,20,1,0,0,0,1,0,1
2017-07,家居家纺,家庭日用,单件,190,16092.08,185,1,188,20,5,1997.74,185,188,11,816,3,0,3,0,0,0,3
2017-07,家居家纺,家庭日用,单商家多SKU,7,1043.64,7,0,7,4,0,71.53,7,7,2,26,2,0,0,0,2,0,0
2017-07,家居家纺,家庭日用,同SKU多件,20,2930.96,20,0,20,5,0,226.17,20,20,3,86,1,0,0,0,1,0,0
2017-07,家居家纺,家庭日用,多商家,8,1004.10,8,0,8,2,0,54.86,6,8,0,31,1,0,0,0,1,0,3
2017-07,家用电器,家用电器,单件,37,3671.99,37,0,37,3,1,388.10,37,37,5,154,2,0,0,0,2,0,1
2017-07,家用电器,家用电器2,单件,7,1033.99,7,0,7,3,0,123.11,7,7,2,24,1,0,1,0,0,0,0
2017-07,汽配工具,家装建材,同SKU多件,1,93.60,1,0,1,0,0,11.44,1,1,0,5,0,0,0,0,0,0,0
2017-07,家用电器,小家电,单件,32,3823.36,29,1,29,2,1,386.92,29,32,11,116,1,0,1,0,0,0,2
2017-07,家用电器,小家电,同SKU多件,1,798.00,1,0,1,0,0,9.74,1,1,0,5,0,0,0,0,0,0,0
2017-07,家居家纺,居家舒适,单件,23,2864.90,23,0,23,1,0,271.43,23,23,5,86,1,0,1,0,0,0,0
2017-07,家居家纺,居家舒适,单商家多SKU,3,539.40,3,0,3,1,0,32.03,3,3,0,13,0,0,0,0,0,0,0
2017-07,家居家纺,居家舒适,同SKU多件,5,965.75,5,0,5,0,0,47.88,5,5,1,21,0,0,0,0,0,0,0
2017-07,家居家纺,居家舒适2,单件,1,12.90,1,0,1,0,0,16.99,1,1,0,4,0,0,0,0,0,0,0
2017-07,其他,工商业用品,单件,2,245.96,2,0,2,0,0,28.24,2,2,0,10,0,0,0,0,0,0,0
2017-07,其他,平台综合,单件,12,1498.48,12,0,12,1,0,163.50,12,12,2,45,2,0,1,2,0,0,0
2017-07,其他,平台综合,多商家,1,124.80,1,0,1,0,0,,0,1,0,3,1,0,1,0,0,0,1
2017-07,3C数码,平板打印,单件,2,198.00,2,0,2,0,0,10.79,2,2,1,7,0,0,0,0,0,0,0
2017-07,家居家纺,床品布艺卫浴,单件,445,49664.46,435,1,443,33,6,5251.32,435,437,41,1859,16,0,5,11,1,0,5
2017-07,家居家纺,床品布艺卫浴,单商家多SKU,20,5499.11,20,0,20,4,0,284.19,20,19,7,66,4,0,1,1,3,0,0
2017-07,家居家纺,床品布艺卫浴,同SKU多件,22,4948.84,22,0,22,1,0,205.93,22,22,3,91,0,0,0,0,0,0,0
2017-07,家居家纺,床品布艺卫浴,多商家,19,3986.03,19,0,19,1,0,164.11,17,19,8,63,4,0,0,0,4,0,0
2017-07,家居家纺,床垫沙发,单件,1,109.40,1,0,1,0,0,16.20,1,1,1,1,0,0,0,0,0,0,1
2017-07,汽配工具,建筑工具,单件,4,349.46,4,0,4,0,0,35.31,4,4,0,18,0,0,0,0,0,0,0
2017-07,汽配工具,建筑工具,同SKU多件,1,199.98,1,0,1,0,0,24.87,1,1,0,5,0,0,0,0,0,0,0
2017-07,图书文娱,影视光碟,单件,4,749.70,3,0,4,1,0,41.92,3,3,1,10,1,0,0,1,0,0,0
2017-07,3C数码,影音设备,单件,7,771.69,6,0,7,0,1,76.83,6,6,0,25,0,0,0,0,0,0,0
2017-07,家居家纺,手工艺品,单件,1,129.90,1,0,1,0,0,5.55,1,1,0,5,0,0,0,0,0,0,0
2017-07,3C数码,手机通讯,单件,127,8672.03,126,0,127,13,3,1400.08,126,127,9,544,5,0,0,4,1,0,3
2017-07,3C数码,手机通讯,单商家多SKU,2,109.92,2,0,2,0,0,14.35,2,2,0,8,0,0,0,0,0,0,0
2017-07,3C数码,手机通讯,同SKU多件,3,151.96,3,0,3,1,0,30.06,3,3,0,12,0,0,0,0,0,0,1
2017-07,3C数码,手机通讯,多商家,3,110.96,3,0,3,1,0,41.39,3,3,0,9,1,0,0,0,1,0,1
2017-07,图书文娱,文具,单件,69,6495.36,66,2,66,1,3,667.38,66,69,9,289,0,0,0,0,0,0,1
2017-07,图书文娱,文具,单商家多SKU,1,158.00,1,0,1,0,0,2.16,1,1,1,1,0,0,0,0,0,0,0
2017-07,图书文娱,文具,同SKU多件,3,320.40,3,0,3,0,0,33.11,3,3,1,12,1,0,0,0,1,0,0
2017-07,图书文娱,文具,多商家,1,153.90,1,0,1,0,0,3.67,1,1,0,5,0,0,0,0,0,0,0
2017-07,服饰鞋包,旅行箱包,单件,70,7911.15,69,0,70,0,5,884.83,69,69,6,302,2,0,1,1,0,0,3
2017-07,服饰鞋包,旅行箱包,单商家多SKU,1,288.66,1,0,1,0,0,11.79,1,1,0,5,0,0,0,0,0,0,0
2017-07,未知,无商品明细,无商品明细,57,0.00,0,57,0,0,0,,0,56,45,95,0,0,0,0,0,0,13
2017-07,未知,未知品类,单件,46,2364.16,43,2,43,2,0,418.96,43,45,5,191,0,0,0,0,0,0,2
2017-07,未知,未知品类,单商家多SKU,1,196.00,1,0,1,0,0,4.07,1,1,0,5,0,0,0,0,0,0,0
2017-07,未知,未知品类,同SKU多件,4,347.00,4,0,4,1,0,30.72,4,4,1,15,1,0,0,0,1,0,0
2017-07,未知,未知品类,多商家,1,120.80,1,0,1,0,0,8.26,1,1,0,4,0,0,0,0,0,0,0
2017-07,汽配工具,标识安防,单件,4,262.19,3,0,4,0,0,18.27,3,3,0,15,0,0,0,0,0,0,0
2017-07,汽配工具,标识安防,同SKU多件,1,268.00,1,0,1,0,0,6.29,1,1,0,4,0,0,0,0,0,0,0
2017-07,汽配工具,汽车用品,单件,95,12070.35,92,1,94,6,5,1140.24,92,95,11,395,1,0,0,0,1,0,5
2017-07,汽配工具,汽车用品,单商家多SKU,3,901.62,3,0,3,1,0,24.21,3,3,1,12,0,0,0,0,0,0,1
2017-07,汽配工具,汽车用品,同SKU多件,6,1345.64,6,0,6,0,0,58.65,6,6,2,23,1,0,0,0,1,0,0
2017-07,汽配工具,汽车用品,多商家,1,38.87,1,0,1,0,0,,0,1,0,5,0,0,0,0,0,0,0
2017-07,家居家纺,派对用品,单件,1,69.90,1,0,1,0,0,6.05,1,1,0,5,0,0,0,0,0,0,0
2017-07,3C数码,游戏主机,单件,43,5470.46,42,0,43,3,5,583.81,42,43,4,182,0,0,0,0,0,0,2
2017-07,3C数码,游戏主机,同SKU多件,1,39.80,1,0,1,0,0,7.25,1,1,0,5,0,0,0,0,0,0,0
2017-07,3C数码,游戏主机,多商家,1,104.90,1,0,1,1,0,,0,1,0,4,0,0,0,0,0,0,0
2017-07,钟表与潮流好物,潮流好物,单件,213,36192.71,211,0,212,5,6,2296.52,211,211,17,911,5,1,2,1,1,0,4
2017-07,钟表与潮流好物,潮流好物,单商家多SKU,2,203.60,2,0,2,0,0,36.27,2,2,0,8,0,0,0,0,0,0,0
2017-07,钟表与潮流好物,潮流好物,同SKU多件,3,683.78,3,0,3,0,0,40.41,3,3,1,10,0,0,0,0,0,0,0
2017-07,钟表与潮流好物,潮流好物,多商家,2,503.68,2,0,2,0,0,15.82,2,2,1,7,0,0,0,0,0,0,0
2017-07,汽配工具,灯具照明,单件,1,360.00,1,0,1,0,0,9.14,1,1,0,5,0,0,0,0,0,0,0
2017-07,母婴玩具,玩具,单件,192,23447.40,188,0,191,2,3,1916.17,188,190,13,844,4,0,4,0,0,0,1
2017-07,母婴玩具,玩具,单商家多SKU,5,858.40,5,0,5,0,0,23.19,5,5,0,25,0,0,0,0,0,0,0
2017-07,母婴玩具,玩具,同SKU多件,3,259.84,3,0,3,0,0,24.15,3,3,0,15,0,0,0,0,0,0,0
2017-07,母婴玩具,玩具,多商家,1,66.87,1,0,1,1,0,9.10,1,1,1,1,1,0,0,1,1,0,0
2017-07,3C数码,电子产品,单件,77,5818.09,74,0,77,7,0,884.24,74,74,9,312,2,0,2,0,0,0,2
2017-07,3C数码,电子产品,同SKU多件,8,1259.86,8,0,8,0,0,86.17,8,8,0,38,0,0,0,0,0,0,0
2017-07,3C数码,电脑配件,单件,235,25889.21,229,2,233,20,9,2905.91,229,232,24,987,7,1,3,3,1,0,2
2017-07,3C数码,电脑配件,同SKU多件,32,10610.50,32,0,32,5,1,426.55,32,32,5,127,5,0,1,0,4,0,0
2017-07,3C数码,电脑配件,多商家,5,2290.40,5,0,5,0,0,40.64,5,5,3,11,2,0,0,1,1,0,2
2017-07,服饰鞋包,男装,单件,7,457.99,7,0,7,2,0,89.89,7,7,1,31,0,0,0,0,0,0,0
2017-07,服饰鞋包,男装,单商家多SKU,1,262.00,1,0,1,1,0,10.27,1,1,0,4,0,0,0,0,0,0,0
2017-07,家用电器,空调冷暖,单件,5,1396.10,5,0,5,0,0,37.86,5,5,2,17,1,0,0,1,0,0,1
2017-07,服饰鞋包,箱包配饰,单件,77,4851.53,75,2,75,9,5,824.27,75,77,10,323,1,0,0,1,0,0,3
2017-07,服饰鞋包,箱包配饰,单商家多SKU,3,245.77,3,0,3,0,0,11.72,3,3,0,14,0,0,0,0,0,0,0
2017-07,服饰鞋包,箱包配饰,同SKU多件,2,95.80,2,0,2,1,0,31.30,2,2,0,8,0,0,0,0,0,0,0
2017-07,美妆个护,美妆健康,单件,263,31207.97,255,1,261,22,8,2809.64,255,262,29,1095,6,0,3,2,2,0,5
2017-07,美妆个护,美妆健康,单商家多SKU,2,390.70,2,0,2,0,1,20.41,2,2,1,4,0,0,0,0,0,0,1
2017-07,美妆个护,美妆健康,同SKU多件,10,3027.29,10,0,10,2,0,82.65,10,10,4,33,0,0,0,0,0,0,0
2017-07,美妆个护,美妆健康,多商家,2,439.80,2,0,2,1,0,9.60,1,2,1,6,0,0,0,0,0,0,0
2017-07,家居家纺,艺术品,单件,3,386.75,3,0,3,0,0,19.57,3,3,0,13,0,0,0,0,0,0,0
2017-07,运动户外,运动休闲,单件,296,31866.77,288,1,294,15,8,3340.25,288,294,25,1285,7,0,3,2,1,1,13
2017-07,运动户外,运动休闲,单商家多SKU,4,932.88,4,0,4,0,0,35.99,4,4,1,16,1,0,1,0,0,1,0
2017-07,运动户外,运动休闲,同SKU多件,33,5452.40,31,2,31,3,0,320.82,31,33,10,122,7,0,0,1,6,0,0
2017-07,运动户外,运动休闲,多商家,2,475.03,2,0,2,0,0,9.93,2,2,0,9,0,0,0,0,0,0,0
2017-07,服饰鞋包,运动服饰,单件,1,69.90,1,0,1,0,0,2.08,1,1,0,4,0,0,0,0,0,0,0
2017-07,食品酒水,酒水饮料,单件,1,173.99,1,0,1,0,0,9.87,1,1,0,4,0,0,0,0,0,0,0
2017-07,食品酒水,酒水饮料,同SKU多件,1,99.98,1,0,1,0,0,6.16,1,1,0,4,0,0,0,0,0,0,0
2017-07,钟表与潮流好物,钟表礼品,单件,146,35172.29,140,1,144,6,5,1702.74,140,145,19,603,4,0,4,0,0,0,5
2017-07,钟表与潮流好物,钟表礼品,单商家多SKU,3,364.00,3,0,3,0,0,6.07,3,3,2,6,0,0,0,0,0,0,0
2017-07,钟表与潮流好物,钟表礼品,同SKU多件,4,530.98,4,0,4,0,0,45.88,4,4,2,13,0,0,0,0,0,0,0
2017-07,钟表与潮流好物,钟表礼品,多商家,2,407.39,2,0,2,0,0,12.75,2,2,1,6,0,0,0,0,0,0,0
2017-07,服饰鞋包,鞋靴,单件,18,1351.21,17,1,17,1,1,256.10,17,18,2,76,0,0,0,0,0,0,1
2017-07,服饰鞋包,鞋靴,单商家多SKU,1,71.80,1,0,1,0,0,6.21,1,1,0,5,0,0,0,0,0,0,0
2017-07,图书文娱,音乐,单件,1,329.00,1,0,1,0,0,13.44,1,1,0,3,1,0,0,0,0,1,0
2017-07,图书文娱,音乐CD/DVD,单件,3,135.00,3,0,3,0,0,35.52,3,3,0,12,0,0,0,0,0,0,0
2017-07,图书文娱,音乐CD/DVD,同SKU多件,1,90.00,1,0,1,0,0,12.34,1,1,0,4,0,0,0,0,0,0,0
2017-07,食品酒水,食品,单件,6,556.66,6,0,6,0,0,48.93,6,6,0,30,0,0,0,0,0,0,0
2017-07,食品酒水,食品饮料,单件,5,128.30,5,0,5,0,0,36.45,5,5,0,22,0,0,0,0,0,0,0
2017-07,食品酒水,食品饮料,同SKU多件,1,20.00,1,0,1,0,0,11.29,1,1,0,5,0,0,0,0,0,0,0
2017-07,美妆个护,香水香氛,单件,110,11398.68,107,0,109,4,7,1397.91,107,110,14,464,6,1,3,3,0,0,2
2017-07,美妆个护,香水香氛,单商家多SKU,2,170.50,2,0,2,0,0,27.32,2,2,1,6,1,0,0,0,1,0,1
2017-07,美妆个护,香水香氛,同SKU多件,6,1350.74,5,1,5,0,0,53.26,5,6,1,24,1,0,0,0,1,0,1
2017-07,美妆个护,香水香氛,多商家,1,49.23,1,0,1,0,0,4.93,1,1,0,5,0,0,0,0,0,0,0
2017-08,图书文娱,专业图书,单件,9,1196.38,9,0,9,0,0,49.55,9,9,0,42,0,0,0,0,0,0,0
2017-08,图书文娱,乐器,单件,21,6922.75,21,0,21,1,1,303.14,21,21,2,91,0,0,0,0,0,0,1
2017-08,图书文娱,乐器,同SKU多件,1,96.00,0,1,0,0,0,,0,1,1,1,0,0,0,0,0,0,0
2017-08,图书文娱,乐器,多商家,2,264.60,2,0,2,0,0,11.12,2,2,0,10,0,0,0,0,0,0,0
2017-08,服饰鞋包,内衣泳装,单件,13,1111.00,13,0,13,0,1,148.46,13,13,1,57,0,0,0,0,0,0,1
2017-08,其他,农业工商,同SKU多件,1,88.00,1,0,1,0,0,18.65,1,1,0,5,0,0,0,0,0,0,0
2017-08,家居家纺,办公家具,单件,36,6399.16,36,0,36,6,2,624.39,36,36,6,145,2,0,1,1,0,0,2
2017-08,家居家纺,办公家具,单商家多SKU,1,299.95,1,0,1,0,0,9.37,1,1,0,5,0,0,0,0,0,0,0
2017-08,家居家纺,办公家具,同SKU多件,8,3059.35,8,0,8,0,0,98.56,8,8,2,26,3,0,0,0,3,0,0
2017-08,家居家纺,办公家具,多商家,1,129.70,1,0,1,0,0,2.21,1,1,0,3,1,0,0,0,1,0,0
2017-08,家居家纺,卧室家具,单件,3,618.00,3,0,3,1,0,42.18,3,3,0,14,0,0,0,0,0,0,0
2017-08,家居家纺,厨具,单件,2,313.00,2,0,2,0,0,13.46,2,2,0,10,0,0,0,0,0,0,0
2017-08,家居家纺,厨房餐厅庭院家具,单件,7,1006.20,7,0,7,1,0,49.75,7,7,1,27,0,0,0,0,0,0,1
2017-08,汽配工具,园林建材,单件,5,532.39,5,0,5,1,0,69.05,5,5,0,22,0,0,0,0,0,0,0
2017-08,汽配工具,园林建材,同SKU多件,2,753.80,2,0,2,0,0,13.80,2,2,1,6,1,0,0,0,1,0,0
2017-08,汽配工具,园艺工具,单件,165,19882.57,160,1,161,17,3,1974.27,160,165,13,719,6,0,4,2,0,0,5
2017-08,汽配工具,园艺工具,单商家多SKU,4,408.54,4,0,4,0,0,33.58,4,4,0,20,0,0,0,0,0,0,0
2017-08,汽配工具,园艺工具,同SKU多件,26,3700.50,26,0,26,5,0,277.54,26,26,3,113,3,0,0,0,3,0,0
2017-08,汽配工具,园艺工具,多商家,1,102.80,1,0,1,0,0,9.97,1,1,0,5,0,0,0,0,0,0,0
2017-08,3C数码,固定电话,单件,11,2721.74,11,0,11,1,0,114.85,11,11,0,48,0,0,0,0,0,0,0
2017-08,3C数码,固定电话,同SKU多件,2,463.80,2,0,2,1,0,33.08,2,2,0,10,0,0,0,0,0,0,0
2017-08,3C数码,固定电话,多商家,1,221.49,1,0,1,0,0,3.96,1,1,0,5,0,0,0,0,0,0,0
2017-08,家居家纺,圣诞用品,单件,1,58.90,1,0,1,0,0,15.02,1,1,0,5,0,0,0,0,0,0,0
2017-08,图书文娱,大众图书,单件,29,3214.80,27,1,27,1,0,233.78,27,28,3,126,0,0,0,0,0,0,2
2017-08,服饰鞋包,女装,单件,4,188.70,4,0,4,0,0,46.30,4,4,0,17,0,0,0,0,0,0,0
2017-08,母婴玩具,婴童用品,单件,116,18293.16,111,2,114,19,1,1266.71,111,116,14,490,4,0,1,1,2,0,2
2017-08,母婴玩具,婴童用品,单商家多SKU,2,311.70,2,0,2,0,0,4.94,2,2,0,10,0,0,0,0,0,0,0
2017-08,母婴玩具,婴童用品,同SKU多件,3,1010.58,3,0,3,0,0,30.33,3,3,0,14,0,0,0,0,0,0,0
2017-08,母婴玩具,婴童用品,多商家,3,619.57,3,0,3,0,0,7.51,3,3,2,8,0,0,0,0,0,0,1
2017-08,汽配工具,安防工具,单件,1,8.90,1,0,1,0,0,15.86,1,1,1,1,0,0,0,0,0,0,1
2017-08,宠物,宠物用品,单件,65,9210.73,64,0,64,5,0,641.68,64,65,4,285,0,0,0,0,0,0,0
2017-08,宠物,宠物用品,单商家多SKU,2,363.40,2,0,2,0,0,5.48,2,2,0,10,0,0,0,0,0,0,0
2017-08,宠物,宠物用品,同SKU多件,4,357.96,4,0,4,1,0,41.88,4,4,1,15,1,0,0,0,1,0,0
2017-08,宠物,宠物用品,多商家,4,637.46,4,0,4,0,0,22.41,4,4,2,13,1,0,0,0,1,0,0
2017-08,家居家纺,客厅家具,单件,19,2278.47,19,0,19,3,0,264.29,19,18,2,75,1,0,1,0,0,0,0
2017-08,家居家纺,客厅家具,同SKU多件,2,199.60,2,0,2,0,0,32.92,2,2,0,10,0,0,0,0,0,0,0
2017-08,家居家纺,家具软装,单件,257,24724.93,249,3,252,27,12,3052.03,249,254,35,1043,10,0,5,4,1,1,9
2017-08,家居家纺,家具软装,单商家多SKU,8,1214.62,8,0,8,1,0,73.13,8,7,0,31,0,0,0,0,0,0,0
2017-08,家居家纺,家具软装,同SKU多件,52,7783.40,51,0,51,3,3,650.25,51,51,9,208,1,0,0,0,1,0,2
2017-08,家居家纺,家具软装,多商家,7,1621.33,7,0,7,0,1,54.92,7,7,1,27,1,0,0,0,1,0,0
2017-08,家居家纺,家庭日用,单件,214,19328.50,211,0,213,16,5,2115.72,211,212,22,897,16,1,10,4,3,1,3
2017-08,家居家纺,家庭日用,单商家多SKU,5,1512.98,5,0,5,1,0,44.67,5,5,0,25,0,0,0,0,0,0,0
2017-08,家居家纺,家庭日用,同SKU多件,21,2269.48,20,1,20,2,0,181.76,20,21,3,81,1,0,0,0,1,0,1
2017-08,家居家纺,家庭日用,多商家,5,526.06,5,0,5,0,0,27.45,5,5,2,17,1,0,1,0,0,0,1
2017-08,家用电器,家用电器,单件,49,4587.05,42,0,45,2,1,452.26,42,49,11,193,3,0,1,2,0,0,2
2017-08,家用电器,家用电器2,单件,17,4004.55,15,2,15,1,0,217.18,15,16,0,74,1,0,1,0,0,0,0
2017-08,汽配工具,家装建材,单件,1,124.80,1,0,1,0,0,11.96,1,1,0,5,0,0,0,0,0,0,0
2017-08,家用电器,小家电,单件,29,4114.51,29,0,29,1,1,249.00,29,29,2,130,0,0,0,0,0,0,1
2017-08,家用电器,小家电,同SKU多件,3,182.50,3,0,3,0,0,24.33,3,3,1,12,1,0,0,0,1,0,0
2017-08,家居家纺,居家舒适,单件,17,3129.99,17,0,17,4,0,219.11,17,16,3,68,1,0,1,0,0,0,0
2017-08,家居家纺,居家舒适,单商家多SKU,4,571.40,4,0,4,0,0,23.31,4,4,0,19,0,0,0,0,0,0,0
2017-08,家居家纺,居家舒适,同SKU多件,1,89.70,1,0,1,0,0,5.11,1,1,0,5,0,0,0,0,0,0,0
2017-08,家居家纺,居家舒适,多商家,1,343.90,1,0,1,1,0,,0,1,1,1,1,0,0,0,1,0,1
2017-08,家居家纺,居家舒适2,同SKU多件,1,25.80,1,0,1,0,0,4.68,1,1,0,5,0,0,0,0,0,0,0
2017-08,其他,工商业用品,单件,3,956.90,3,0,3,0,0,39.53,3,3,0,12,0,0,0,0,0,0,0
2017-08,其他,平台综合,单件,21,1715.39,21,0,21,3,0,259.51,21,21,2,86,1,0,1,0,0,0,0
2017-08,其他,平台综合,单商家多SKU,1,222.00,1,0,1,0,0,3.40,1,1,0,5,0,0,0,0,0,0,0
2017-08,3C数码,平板打印,单件,5,351.89,5,0,5,1,0,70.91,5,5,0,23,0,0,0,0,0,0,0
2017-08,3C数码,平板打印,多商家,1,157.90,1,0,1,0,0,5.45,1,1,1,2,0,0,0,0,0,0,1
2017-08,家居家纺,床品布艺卫浴,单件,391,46911.80,385,1,389,14,14,4825.27,385,388,48,1600,20,0,9,10,3,0,10
2017-08,家居家纺,床品布艺卫浴,单商家多SKU,16,3992.02,16,0,16,1,0,112.94,16,16,5,54,1,0,0,0,1,0,3
2017-08,家居家纺,床品布艺卫浴,同SKU多件,27,4622.94,27,0,27,1,0,302.42,27,26,2,112,3,0,1,0,2,0,1
2017-08,家居家纺,床品布艺卫浴,多商家,8,1603.28,8,0,8,0,0,47.43,8,7,4,19,2,0,0,0,2,0,1
2017-08,家居家纺,床垫沙发,单件,2,509.39,2,0,2,0,0,20.37,2,2,0,9,0,0,0,0,0,0,0
2017-08,汽配工具,建筑工具,单件,5,735.62,5,0,5,0,1,67.45,5,5,1,19,0,0,0,0,0,0,0
2017-08,汽配工具,建筑工具,同SKU多件,1,444.38,1,0,1,0,0,5.79,1,1,0,4,0,0,0,0,0,0,0
2017-08,图书文娱,影视光碟,单件,6,113.40,6,0,6,0,2,106.00,6,6,3,17,0,0,0,0,0,0,1
2017-08,3C数码,影音设备,单件,7,1050.70,7,0,7,0,0,67.94,7,7,1,27,0,0,0,0,0,0,0
2017-08,3C数码,手机通讯,单件,126,10382.53,122,2,124,9,3,1547.69,122,126,18,512,6,0,4,2,0,0,3
2017-08,3C数码,手机通讯,同SKU多件,5,547.76,5,0,5,0,0,44.32,5,5,1,20,1,0,0,0,1,0,0
2017-08,图书文娱,文具,单件,69,5710.01,69,0,69,2,2,692.16,69,69,4,312,0,0,0,0,0,0,2
2017-08,图书文娱,文具,单商家多SKU,2,362.80,2,0,2,0,0,6.77,2,2,0,8,1,0,0,0,1,0,0
2017-08,图书文娱,文具,同SKU多件,2,189.30,2,0,2,0,0,33.36,2,2,0,10,0,0,0,0,0,0,0
2017-08,图书文娱,文具,多商家,1,149.70,1,0,1,0,0,12.69,1,1,0,4,0,0,0,0,0,0,0
2017-08,服饰鞋包,旅行箱包,单件,51,6146.30,50,0,50,1,2,563.47,50,51,4,222,0,0,0,0,0,0,0
2017-08,服饰鞋包,旅行箱包,单商家多SKU,2,195.60,2,0,2,0,0,10.16,2,2,0,10,0,0,0,0,0,0,0
2017-08,服饰鞋包,旅行箱包,同SKU多件,3,361.40,3,0,3,0,0,24.50,3,3,0,15,0,0,0,0,0,0,0
2017-08,未知,无商品明细,无商品明细,38,0.00,0,38,0,0,0,,0,37,24,82,0,0,0,0,0,0,8
2017-08,未知,未知品类,单件,56,4277.52,54,1,55,7,3,592.64,54,55,10,222,0,0,0,0,0,0,0
2017-08,未知,未知品类,单商家多SKU,2,164.60,2,0,2,1,0,9.54,2,2,1,7,1,0,0,0,1,0,0
2017-08,未知,未知品类,同SKU多件,8,801.28,8,0,8,0,0,78.70,8,8,1,32,1,0,0,0,1,0,0
2017-08,汽配工具,标识安防,单件,4,377.80,4,0,4,1,1,52.23,4,4,1,17,0,0,0,0,0,0,0
2017-08,汽配工具,汽车用品,单件,121,12778.79,116,1,117,10,2,1218.31,116,121,10,527,1,0,0,1,0,0,1
2017-08,汽配工具,汽车用品,单商家多SKU,1,165.00,1,0,1,0,0,13.00,1,1,1,2,0,0,0,0,0,0,0
2017-08,汽配工具,汽车用品,同SKU多件,9,7217.53,9,0,9,1,0,101.88,9,8,1,31,1,0,0,0,1,0,0
2017-08,汽配工具,汽车用品,多商家,2,309.69,2,0,2,0,0,8.32,2,2,1,6,1,0,0,0,1,0,0
2017-08,3C数码,游戏主机,单件,79,8618.06,73,0,74,13,1,888.33,73,78,7,332,0,0,0,0,0,0,0
2017-08,3C数码,游戏主机,单商家多SKU,1,39.80,1,0,1,1,0,8.88,1,1,0,5,0,0,0,0,0,0,0
2017-08,3C数码,游戏主机,同SKU多件,2,57.80,2,0,2,1,0,19.57,2,2,0,10,0,0,0,0,0,0,0
2017-08,3C数码,游戏主机,多商家,2,99.60,2,0,2,0,0,10.45,2,2,1,5,1,0,0,0,1,0,0
2017-08,钟表与潮流好物,潮流好物,单件,218,39273.70,213,1,216,6,2,2203.94,213,217,14,962,2,0,1,1,0,0,2
2017-08,钟表与潮流好物,潮流好物,单商家多SKU,7,635.24,7,0,7,0,0,41.81,7,7,0,32,0,0,0,0,0,0,0
2017-08,钟表与潮流好物,潮流好物,同SKU多件,8,1197.13,7,0,7,1,0,76.81,7,8,2,33,1,0,1,0,1,0,0
2017-08,钟表与潮流好物,潮流好物,多商家,3,395.68,3,0,3,0,0,14.04,2,3,1,10,0,0,0,0,0,0,0
2017-08,汽配工具,灯具照明,单件,2,589.00,2,0,2,0,0,22.27,2,2,0,10,0,0,0,0,0,0,0
2017-08,家用电器,烤箱咖啡机,单件,2,109.06,1,0,1,0,0,5.66,1,2,1,4,1,0,0,1,0,0,0
2017-08,母婴玩具,玩具,单件,155,16607.84,153,1,153,4,4,1570.90,153,154,13,684,6,1,6,4,0,1,1
2017-08,母婴玩具,玩具,单商家多SKU,3,330.28,3,0,3,0,0,12.84,3,3,0,13,0,0,0,0,0,0,0
2017-08,母婴玩具,玩具,同SKU多件,3,203.60,3,0,3,0,0,39.06,3,3,0,13,0,0,0,0,0,0,0
2017-08,母婴玩具,玩具,多商家,6,943.74,6,0,6,1,0,36.74,6,6,1,23,0,0,0,0,0,0,0
2017-08,3C数码,电子产品,单件,48,2222.48,48,0,48,8,1,591.14,48,46,4,195,3,1,1,1,0,0,0
2017-08,3C数码,电子产品,同SKU多件,3,612.77,3,0,3,0,0,18.96,3,3,2,6,1,0,1,0,1,0,0
2017-08,3C数码,电脑整机,单件,29,33700.00,28,0,29,0,1,335.92,28,29,4,122,1,0,1,0,0,0,1
2017-08,3C数码,电脑配件,单件,256,23176.35,250,0,254,16,6,2682.48,250,255,33,1082,11,1,7,2,1,1,6
2017-08,3C数码,电脑配件,单商家多SKU,3,722.60,3,0,3,0,1,22.61,3,3,1,11,0,0,0,0,0,0,0
2017-08,3C数码,电脑配件,同SKU多件,34,10647.23,33,0,33,4,0,303.46,33,34,3,149,2,0,0,1,2,0,0
2017-08,3C数码,电脑配件,多商家,4,658.43,4,0,4,0,0,25.42,4,4,0,18,0,0,0,0,0,0,0
2017-08,服饰鞋包,男装,单件,11,825.27,10,0,10,4,1,98.35,10,11,7,27,4,0,1,4,0,0,1
2017-08,服饰鞋包,男装,单商家多SKU,1,259.98,1,0,1,0,0,3.84,1,1,0,5,0,0,0,0,0,0,0
2017-08,服饰鞋包,男装,同SKU多件,1,119.80,1,0,1,0,0,18.52,1,1,0,5,0,0,0,0,0,0,0
2017-08,家用电器,空调冷暖,单件,9,1296.93,9,0,9,3,1,119.72,9,8,0,37,0,0,0,0,0,0,0
2017-08,家用电器,空调冷暖,同SKU多件,3,2974.80,3,0,3,0,0,24.99,3,3,0,14,0,0,0,0,0,0,0
2017-08,母婴玩具,童装,单件,1,49.90,0,0,0,0,0,,0,1,1,1,0,0,0,0,0,0,0
2017-08,服饰鞋包,箱包配饰,单件,83,5741.10,79,0,82,2,1,682.54,79,83,10,361,0,0,0,0,0,0,1
2017-08,服饰鞋包,箱包配饰,单商家多SKU,3,608.00,3,0,3,0,0,14.12,3,3,1,11,1,0,0,0,1,0,0
2017-08,服饰鞋包,箱包配饰,同SKU多件,1,39.98,1,0,1,0,0,7.92,1,1,1,1,1,0,0,1,1,0,0
2017-08,服饰鞋包,箱包配饰,多商家,2,228.60,2,0,2,0,0,12.16,2,2,0,9,0,0,0,0,0,0,0
2017-08,美妆个护,美妆健康,单件,329,47137.99,323,1,326,14,14,3565.02,323,325,35,1394,11,2,4,2,3,0,14
2017-08,美妆个护,美妆健康,单商家多SKU,4,1238.98,4,0,4,0,0,33.85,4,4,0,20,0,0,0,0,0,0,0
2017-08,美妆个护,美妆健康,同SKU多件,10,1507.44,9,0,10,0,0,100.14,9,10,3,35,2,0,1,0,1,0,2
2017-08,美妆个护,美妆健康,多商家,1,90.89,1,0,1,0,0,2.18,1,1,0,4,0,0,0,0,0,0,0
2017-08,家居家纺,艺术品,单件,4,244.70,4,0,4,0,0,38.07,4,4,0,17,0,0,0,0,0,0,0
2017-08,运动户外,运动休闲,单件,342,33870.16,334,1,339,21,18,4034.16,334,341,23,1508,4,0,1,3,0,0,7
2017-08,运动户外,运动休闲,单商家多SKU,4,1039.18,4,0,4,1,0,27.67,4,4,1,14,0,0,0,0,0,0,0
2017-08,运动户外,运动休闲,同SKU多件,31,6436.44,31,0,31,4,1,320.53,31,31,3,133,2,0,0,1,2,0,0
2017-08,运动户外,运动休闲,多商家,2,244.69,2,0,2,0,0,6.03,2,2,2,2,1,0,0,0,1,0,1
2017-08,服饰鞋包,运动服饰,单件,2,265.80,2,0,2,0,0,30.18,2,2,1,6,0,0,0,0,0,0,0
2017-08,图书文娱,进口图书,单件,1,61.00,1,0,1,0,0,2.00,1,1,0,5,0,0,0,0,0,0,0
2017-08,食品酒水,酒水饮料,单件,2,119.90,2,0,2,0,0,12.89,2,2,0,10,0,0,0,0,0,0,0
2017-08,钟表与潮流好物,钟表礼品,单件,182,35154.88,181,1,181,6,5,2004.24,181,182,10,809,5,0,4,0,1,0,2
2017-08,钟表与潮流好物,钟表礼品,单商家多SKU,6,491.70,6,0,6,0,0,17.70,6,6,2,23,1,0,1,0,0,0,1
2017-08,钟表与潮流好物,钟表礼品,同SKU多件,6,747.72,6,0,6,0,0,51.73,6,6,0,25,0,0,0,0,0,0,1
2017-08,服饰鞋包,鞋靴,单件,17,1348.19,17,0,17,1,0,237.17,17,16,0,73,0,0,0,0,0,0,0
2017-08,服饰鞋包,鞋靴,单商家多SKU,1,143.50,1,0,1,0,0,3.98,1,1,0,5,0,0,0,0,0,0,0
2017-08,图书文娱,音乐CD/DVD,单件,1,45.00,1,0,1,0,0,6.84,1,1,0,5,0,0,0,0,0,0,0
2017-08,图书文娱,音乐CD/DVD,同SKU多件,1,90.00,1,0,1,0,0,7.12,1,1,0,5,0,0,0,0,0,0,0
2017-08,食品酒水,食品,单件,7,301.01,7,0,7,0,0,74.31,7,7,0,33,0,0,0,0,0,0,0
2017-08,食品酒水,食品饮料,单件,9,280.87,9,0,9,0,0,74.16,9,9,0,41,0,0,0,0,0,0,1
2017-08,食品酒水,食品饮料,单商家多SKU,1,63.98,1,0,1,0,0,6.13,1,1,0,4,0,0,0,0,0,0,0
2017-08,食品酒水,食品饮料,同SKU多件,2,174.95,2,0,2,0,0,14.90,2,2,0,10,0,0,0,0,0,0,0
2017-08,美妆个护,香水香氛,单件,108,10949.59,107,0,107,4,4,1192.89,107,107,8,468,4,1,3,0,0,0,2
2017-08,美妆个护,香水香氛,单商家多SKU,3,790.50,3,0,3,0,0,12.87,3,3,0,14,0,0,0,0,0,0,0
2017-08,美妆个护,香水香氛,同SKU多件,6,1382.10,6,0,6,0,0,58.36,6,6,0,28,0,0,0,0,0,0,0
2017-08,美妆个护,香水香氛,多商家,1,39.40,1,0,1,0,0,4.47,1,1,0,5,0,0,0,0,0,0,0
2017-09,图书文娱,专业图书,单件,8,1001.35,8,0,8,0,1,104.66,8,8,1,34,0,0,0,0,0,0,1
2017-09,图书文娱,乐器,单件,22,7223.57,20,0,21,0,0,217.71,20,21,2,93,0,0,0,0,0,0,0
2017-09,图书文娱,乐器,同SKU多件,2,1811.40,2,0,2,0,0,28.16,2,2,1,6,1,0,0,0,1,0,0
2017-09,汽配工具,五金工具,单件,3,916.89,3,0,3,0,0,26.34,3,3,0,14,0,0,0,0,0,0,0
2017-09,其他,保险服务,单件,1,100.00,1,0,1,0,0,11.06,1,1,1,1,1,0,0,1,0,0,0
2017-09,服饰鞋包,内衣泳装,单件,14,1303.90,12,0,13,2,0,146.56,12,14,2,56,0,0,0,0,0,0,0
2017-09,服饰鞋包,内衣泳装,同SKU多件,2,485.80,2,0,2,0,0,19.52,2,2,0,10,0,0,0,0,0,0,0
2017-09,其他,农业工商,单件,2,1197.99,2,0,2,0,0,22.36,2,2,1,5,0,0,0,0,0,0,0
2017-09,其他,农业工商,同SKU多件,1,796.00,1,0,1,0,0,9.33,1,1,0,4,0,0,0,0,0,0,0
2017-09,家居家纺,办公家具,单件,26,4242.51,25,0,26,3,4,424.92,25,26,4,104,0,0,0,0,0,0,3
2017-09,家居家纺,办公家具,单商家多SKU,2,1606.48,2,0,2,0,0,20.72,2,2,0,9,0,0,0,0,0,0,0
2017-09,家居家纺,办公家具,同SKU多件,9,3359.66,9,0,9,1,1,147.89,9,9,3,31,3,0,0,0,3,0,0
2017-09,家居家纺,卧室家具,单件,2,239.80,2,0,2,0,0,17.03,2,2,0,10,0,0,0,0,0,0,0
2017-09,家居家纺,卧室家具,同SKU多件,1,469.80,1,0,1,0,0,19.36,1,1,0,5,0,0,0,0,0,0,0
2017-09,家居家纺,厨房餐厅庭院家具,单件,5,464.09,4,0,4,1,0,42.34,4,5,1,20,0,0,0,0,0,0,0
2017-09,汽配工具,园林建材,单件,4,238.60,3,0,3,0,0,42.55,3,4,1,16,0,0,0,0,0,0,0
2017-09,汽配工具,园林建材,单商家多SKU,1,58.90,1,0,1,0,0,8.05,1,1,0,5,0,0,0,0,0,0,0
2017-09,汽配工具,园艺工具,单件,145,17148.33,142,0,145,5,4,2010.32,142,143,9,637,0,0,0,0,0,0,3
2017-09,汽配工具,园艺工具,单商家多SKU,6,1017.70,6,0,6,0,0,81.33,6,6,3,18,3,0,0,0,3,0,0
2017-09,汽配工具,园艺工具,同SKU多件,25,4062.50,25,0,25,0,1,333.61,25,25,2,112,1,0,0,0,1,0,0
2017-09,汽配工具,园艺工具,多商家,1,102.80,1,0,1,0,0,9.55,1,1,1,1,1,0,0,0,1,0,0
2017-09,3C数码,固定电话,单件,5,252.91,5,0,5,0,0,41.49,5,5,0,21,1,0,0,1,0,0,0
2017-09,3C数码,固定电话,同SKU多件,1,13440.00,1,0,1,1,0,18.12,1,1,1,1,0,0,0,0,0,0,1
2017-09,家居家纺,圣诞用品,单件,2,136.90,2,0,2,0,0,24.45,2,2,0,9,0,0,0,0,0,0,0
2017-09,家居家纺,圣诞用品,同SKU多件,1,117.80,1,0,1,0,0,13.42,1,1,0,5,0,0,0,0,0,0,0
2017-09,图书文娱,大众图书,单件,15,965.14,14,0,15,0,1,166.83,14,15,2,60,0,0,0,0,0,0,1
2017-09,服饰鞋包,女装,单件,2,245.90,2,0,2,1,1,36.95,2,2,1,7,0,0,0,0,0,0,0
2017-09,服饰鞋包,女装,同SKU多件,1,109.80,1,0,1,0,1,25.93,1,1,0,5,0,0,0,0,0,0,0
2017-09,母婴玩具,婴童用品,单件,152,22915.63,148,0,150,15,8,1710.19,148,151,17,630,4,0,1,1,3,0,5
2017-09,母婴玩具,婴童用品,单商家多SKU,5,915.96,5,0,5,0,0,54.58,5,5,2,17,1,0,0,0,1,0,0
2017-09,母婴玩具,婴童用品,同SKU多件,5,416.46,5,0,5,0,0,43.51,5,5,1,19,0,0,0,0,0,0,0
2017-09,母婴玩具,婴童用品,多商家,1,223.38,1,0,1,0,0,4.79,1,1,0,3,1,0,0,0,1,0,0
2017-09,汽配工具,安防工具,单件,2,458.80,2,0,2,0,0,37.84,2,2,0,10,0,0,0,0,0,0,0
2017-09,汽配工具,安防工具,多商家,1,519.84,1,0,1,0,0,7.94,1,1,0,5,0,0,0,0,0,0,0
2017-09,宠物,宠物用品,单件,56,6747.46,56,0,56,4,2,578.29,56,56,5,242,1,0,0,0,1,0,2
2017-09,宠物,宠物用品,单商家多SKU,3,510.08,3,0,3,0,0,17.66,3,3,0,13,1,0,0,0,1,0,0
2017-09,宠物,宠物用品,同SKU多件,3,1277.38,3,0,3,0,0,33.31,3,3,0,13,0,0,0,0,0,0,0
2017-09,家居家纺,客厅家具,单件,11,1275.87,11,0,11,0,0,138.98,11,11,0,50,0,0,0,0,0,0,0
2017-09,家居家纺,家具软装,单件,217,22938.70,212,1,213,23,9,2739.46,212,216,25,923,7,0,3,2,3,0,4
2017-09,家居家纺,家具软装,单商家多SKU,8,862.25,8,0,8,3,0,90.74,8,8,1,35,1,0,0,0,1,0,1
2017-09,家居家纺,家具软装,同SKU多件,41,6416.07,41,0,41,9,3,561.06,41,41,9,157,5,0,2,1,3,0,2
2017-09,家居家纺,家具软装,多商家,3,411.38,3,0,3,0,0,23.36,3,2,0,8,0,0,0,0,0,0,0
2017-09,家居家纺,家庭日用,单件,196,17776.08,190,0,193,16,5,2031.56,190,195,19,832,6,0,2,5,0,0,6
2017-09,家居家纺,家庭日用,单商家多SKU,4,249.29,4,0,4,1,0,46.79,4,4,1,14,2,0,0,0,2,0,1
2017-09,家居家纺,家庭日用,同SKU多件,18,1880.92,18,0,18,1,0,147.84,18,18,2,74,3,0,0,1,3,0,0
2017-09,家居家纺,家庭日用,多商家,3,258.06,3,0,3,0,0,16.21,3,3,1,10,1,0,0,0,1,0,1
2017-09,家用电器,家用电器,单件,10,1820.19,10,0,10,2,0,108.10,10,10,0,44,0,0,0,0,0,0,0
2017-09,家用电器,家用电器2,单件,5,1478.80,5,0,5,1,0,92.64,5,5,0,25,0,0,0,0,0,0,0
2017-09,家用电器,家用电器2,多商家,1,190.90,1,0,1,0,0,15.65,1,1,0,3,1,0,0,0,1,0,0
2017-09,汽配工具,家装建材,单件,7,872.79,7,0,7,0,0,71.45,7,7,0,33,0,0,0,0,0,0,0
2017-09,汽配工具,家装建材,同SKU多件,1,49.32,1,0,1,0,0,6.39,1,1,1,2,1,0,1,0,0,0,0
2017-09,汽配工具,家装建材,多商家,1,721.50,1,0,1,0,0,9.07,1,1,1,1,1,0,0,0,1,0,1
2017-09,家用电器,小家电,单件,31,10579.63,28,2,28,2,1,297.10,28,31,5,126,1,0,1,0,0,0,4
2017-09,家用电器,小家电,同SKU多件,1,386.00,1,0,1,0,0,8.84,1,1,0,5,0,0,0,0,0,0,0
2017-09,家居家纺,居家舒适,单件,19,3144.79,19,0,19,0,1,264.90,19,19,0,87,0,0,0,0,0,0,0
2017-09,家居家纺,居家舒适,单商家多SKU,5,1268.55,5,0,5,1,1,58.97,5,5,2,17,0,0,0,0,0,0,0
2017-09,家居家纺,居家舒适,多商家,1,335.40,1,0,1,0,0,9.96,1,1,0,5,0,0,0,0,0,0,0
2017-09,家居家纺,居家舒适2,单件,1,12.90,1,0,1,0,1,35.92,1,1,0,3,0,0,0,0,0,0,0
2017-09,其他,工商业用品,单件,2,219.98,2,0,2,0,0,20.10,2,2,0,10,0,0,0,0,0,0,0
2017-09,其他,平台综合,单件,11,1147.21,11,0,11,2,0,124.44,11,11,1,42,2,0,1,0,1,0,1
2017-09,3C数码,平板打印,单件,3,233.90,3,0,3,0,0,27.05,3,3,1,11,0,0,0,0,0,0,0
2017-09,家居家纺,床品布艺卫浴,单件,397,41145.94,392,0,396,15,15,4728.96,392,392,46,1618,13,0,4,9,1,0,11
2017-09,家居家纺,床品布艺卫浴,单商家多SKU,14,3233.36,14,0,14,0,1,155.37,14,14,4,49,2,0,0,0,2,0,0
2017-09,家居家纺,床品布艺卫浴,同SKU多件,33,5834.02,33,0,33,2,0,357.57,33,32,5,134,2,0,0,0,2,0,1
2017-09,家居家纺,床品布艺卫浴,多商家,11,2183.33,11,0,11,0,0,143.23,11,11,6,29,5,0,0,1,5,0,2
2017-09,家居家纺,床垫沙发,单件,1,86.50,1,0,1,0,0,7.08,1,1,0,5,0,0,0,0,0,0,0
2017-09,汽配工具,建筑工具,单件,6,809.70,5,0,5,0,0,34.77,5,6,1,25,0,0,0,0,0,0,0
2017-09,汽配工具,建筑工具,同SKU多件,2,479.50,2,0,2,0,0,15.61,2,2,0,8,1,0,0,0,1,0,0
2017-09,图书文娱,影视光碟,单件,2,39.80,2,0,2,0,0,22.47,2,2,0,9,0,0,0,0,0,0,0
2017-09,3C数码,影音设备,单件,10,1042.59,10,0,10,0,3,150.84,10,10,2,41,0,0,0,0,0,0,1
2017-09,3C数码,手机通讯,单件,152,15814.01,148,0,152,10,5,1776.77,148,151,7,665,3,0,2,1,0,0,3
2017-09,3C数码,手机通讯,单商家多SKU,1,80.00,1,0,1,0,1,16.88,1,1,1,1,1,0,0,0,1,0,0
2017-09,3C数码,手机通讯,同SKU多件,11,2665.24,11,0,11,1,2,183.59,11,11,2,44,0,0,0,0,0,0,1
2017-09,3C数码,摄影摄像,单件,1,69.00,1,0,1,0,0,14.16,1,1,0,5,0,0,0,0,0,0,0
2017-09,图书文娱,文具,单件,65,5067.53,63,1,63,1,2,718.14,63,65,7,274,1,0,1,0,0,0,2
2017-09,图书文娱,文具,单商家多SKU,4,564.90,4,0,4,0,0,31.36,4,4,1,16,0,0,0,0,0,0,0
2017-09,图书文娱,文具,同SKU多件,2,497.98,2,0,2,0,1,43.00,2,2,1,5,0,0,0,0,0,0,0
2017-09,服饰鞋包,旅行箱包,单件,40,3835.40,40,0,40,1,2,406.77,40,40,1,183,0,0,0,0,0,0,1
2017-09,服饰鞋包,旅行箱包,同SKU多件,1,49.98,1,0,1,0,0,2.28,1,1,0,4,0,0,0,0,0,0,0
2017-09,未知,无商品明细,无商品明细,42,0.00,0,42,0,0,0,,0,42,34,74,0,0,0,0,0,0,9
2017-09,未知,未知品类,单件,52,4143.53,51,1,51,8,2,598.82,51,52,8,215,3,0,1,2,0,0,1
2017-09,未知,未知品类,同SKU多件,8,1508.63,8,0,8,1,1,130.56,8,8,2,29,0,0,0,0,0,0,1
2017-09,未知,未知品类,多商家,1,350.90,1,0,1,0,0,8.43,1,1,0,4,0,0,0,0,0,0,0
2017-09,汽配工具,标识安防,单件,4,390.90,4,0,4,0,0,47.91,4,4,0,17,0,0,0,0,0,0,0
2017-09,汽配工具,标识安防,同SKU多件,1,47.50,1,0,1,0,0,5.63,1,1,0,5,0,0,0,0,0,0,0
2017-09,汽配工具,汽车用品,单件,90,10776.25,89,0,90,9,8,1162.89,89,89,9,385,3,1,0,1,1,0,4
2017-09,汽配工具,汽车用品,单商家多SKU,1,175.66,1,0,1,0,0,4.63,1,1,0,5,0,0,0,0,0,0,0
2017-09,汽配工具,汽车用品,同SKU多件,5,3543.76,5,0,5,0,0,61.92,5,5,2,14,1,0,0,0,1,0,1
2017-09,家居家纺,派对用品,同SKU多件,1,269.80,1,0,1,0,0,12.30,1,1,1,1,1,0,0,0,1,0,0
2017-09,3C数码,游戏主机,单件,59,8670.57,56,1,56,14,3,713.18,56,59,5,253,1,0,1,0,0,0,2
2017-09,3C数码,游戏主机,同SKU多件,2,239.80,2,0,2,1,0,23.28,2,2,1,6,1,0,0,0,1,0,0
2017-09,钟表与潮流好物,潮流好物,单件,191,36443.05,187,2,187,11,7,2099.15,187,188,25,790,8,1,6,0,3,2,4
2017-09,钟表与潮流好物,潮流好物,单商家多SKU,1,35.97,1,0,1,0,0,11.02,1,1,0,5,0,0,0,0,0,0,0
2017-09,钟表与潮流好物,潮流好物,同SKU多件,4,999.10,4,0,4,1,0,41.37,4,4,1,16,1,0,0,0,1,0,0
2017-09,钟表与潮流好物,潮流好物,多商家,2,741.62,2,0,2,0,0,9.20,2,2,0,9,0,0,0,0,0,0,0
2017-09,汽配工具,灯具照明,单件,1,229.00,1,0,1,0,0,3.84,1,1,1,1,0,0,0,0,0,0,0
2017-09,家用电器,烤箱咖啡机,单件,1,640.99,1,0,1,0,0,10.23,1,1,1,1,0,0,0,0,0,0,0
2017-09,母婴玩具,玩具,单件,251,28197.30,243,3,244,18,11,2740.31,243,247,25,1061,6,0,5,1,0,0,5
2017-09,母婴玩具,玩具,单商家多SKU,6,991.47,6,0,6,0,1,67.66,6,6,2,21,0,0,0,0,0,0,1
2017-09,母婴玩具,玩具,同SKU多件,10,1600.06,10,0,10,1,1,104.99,10,10,3,37,1,0,1,1,0,0,0
2017-09,母婴玩具,玩具,多商家,4,527.49,4,0,4,0,0,28.60,4,4,3,6,3,0,1,0,2,0,1
2017-09,3C数码,电子产品,单件,63,4201.26,63,0,63,9,3,820.34,63,62,9,257,4,0,3,1,1,0,3
2017-09,3C数码,电子产品,同SKU多件,2,137.70,2,0,2,0,0,27.61,2,2,0,9,0,0,0,0,0,0,0
2017-09,3C数码,电脑整机,单件,39,51178.88,38,0,38,2,2,554.51,38,39,4,173,1,0,1,0,0,0,1
2017-09,3C数码,电脑整机,同SKU多件,1,1700.00,1,0,1,0,0,17.17,1,1,0,5,0,0,0,0,0,0,0
2017-09,3C数码,电脑配件,单件,194,21852.25,190,0,191,18,7,2127.87,190,194,20,824,3,0,3,0,0,0,2
2017-09,3C数码,电脑配件,单商家多SKU,2,656.99,2,0,2,0,0,26.32,2,2,0,10,0,0,0,0,0,0,0
2017-09,3C数码,电脑配件,同SKU多件,18,6065.75,17,0,17,2,0,214.61,17,18,5,62,3,0,0,0,3,0,0
2017-09,3C数码,电脑配件,多商家,2,574.79,2,0,2,0,0,30.59,2,2,1,5,0,0,0,0,0,0,1
2017-09,服饰鞋包,男装,单件,6,458.50,6,0,6,2,0,68.70,6,6,2,21,2,0,1,2,0,0,0
2017-09,服饰鞋包,男装,单商家多SKU,2,259.50,2,0,2,2,1,61.95,2,2,2,2,0,0,0,0,0,0,1
2017-09,服饰鞋包,男装,同SKU多件,2,459.50,2,0,2,1,0,19.95,2,2,2,2,0,0,0,0,0,0,1
2017-09,家用电器,空调冷暖,单件,8,1731.05,7,1,7,1,0,76.45,7,8,1,32,0,0,0,0,0,0,0
2017-09,母婴玩具,童装,单件,1,89.99,1,0,1,0,0,29.74,1,1,0,5,0,0,0,0,0,0,0
2017-09,服饰鞋包,箱包配饰,单件,88,9316.06,86,0,86,2,3,882.54,86,88,8,377,1,0,0,1,0,0,3
2017-09,服饰鞋包,箱包配饰,单商家多SKU,6,619.48,6,0,6,0,0,73.92,6,6,0,26,0,0,0,0,0,0,0
2017-09,服饰鞋包,箱包配饰,同SKU多件,7,1792.98,7,0,7,1,0,77.54,7,7,1,28,2,0,0,0,2,0,0
2017-09,服饰鞋包,箱包配饰,多商家,2,219.70,2,0,2,0,0,13.04,2,2,1,4,2,0,1,0,2,0,1
2017-09,美妆个护,美妆健康,单件,343,46236.96,339,0,343,27,25,4184.06,339,339,40,1433,12,0,4,9,1,0,8
2017-09,美妆个护,美妆健康,单商家多SKU,3,213.78,3,0,3,0,0,23.71,3,3,0,13,0,0,0,0,0,0,0
2017-09,美妆个护,美妆健康,同SKU多件,13,5007.24,13,0,13,0,1,135.18,13,13,2,50,1,0,0,0,1,0,0
2017-09,家居家纺,艺术品,单件,3,388.54,3,0,3,0,0,29.66,3,3,1,10,1,0,1,0,0,0,0
2017-09,运动户外,运动休闲,单件,383,42913.68,375,2,379,20,10,4267.96,375,380,34,1662,9,1,2,6,0,0,8
2017-09,运动户外,运动休闲,同SKU多件,29,6581.41,29,0,29,3,0,322.36,29,28,6,105,8,1,0,1,6,0,0
2017-09,运动户外,运动休闲,多商家,4,812.45,4,0,4,0,0,37.50,4,4,1,14,1,0,0,0,1,0,0
2017-09,服饰鞋包,运动服饰,单件,1,225.00,1,0,1,0,0,7.12,1,1,0,5,0,0,0,0,0,0,0
2017-09,服饰鞋包,运动服饰,同SKU多件,1,159.60,1,0,1,0,0,22.02,1,1,0,4,0,0,0,0,0,0,0
2017-09,图书文娱,进口图书,单件,2,124.00,2,0,2,0,0,5.69,2,2,0,10,0,0,0,0,0,0,0
2017-09,图书文娱,进口图书,单商家多SKU,1,166.00,1,0,1,0,0,3.03,1,1,0,5,0,0,0,0,0,0,0
2017-09,食品酒水,酒水饮料,单件,6,296.99,4,1,4,1,0,53.58,4,6,1,23,0,0,0,0,0,0,1
2017-09,食品酒水,酒水饮料,同SKU多件,1,30.98,1,0,1,0,0,3.00,1,1,0,5,0,0,0,0,0,0,0
2017-09,钟表与潮流好物,钟表礼品,单件,241,43563.03,237,1,239,11,6,2659.12,237,239,20,1037,7,1,5,0,2,1,5
2017-09,钟表与潮流好物,钟表礼品,单商家多SKU,5,827.80,5,0,5,0,0,33.61,5,5,1,20,0,0,0,0,0,0,0
2017-09,钟表与潮流好物,钟表礼品,同SKU多件,3,1259.50,3,0,3,1,2,57.01,3,3,1,11,0,0,0,0,0,0,1
2017-09,钟表与潮流好物,钟表礼品,多商家,3,1421.38,3,0,3,0,0,23.26,3,3,2,8,1,0,0,0,1,0,2
2017-09,服饰鞋包,鞋靴,单件,12,1039.80,11,0,11,3,1,191.80,11,11,2,45,1,0,0,1,0,0,0
2017-09,服饰鞋包,鞋靴,单商家多SKU,1,139.80,1,0,1,0,0,16.91,1,1,0,4,0,0,0,0,0,0,0
2017-09,食品酒水,食品,单件,11,810.10,11,0,11,0,1,146.66,11,11,1,51,0,0,0,0,0,0,0
2017-09,食品酒水,食品,同SKU多件,2,182.82,2,0,2,0,0,9.63,2,2,0,8,0,0,0,0,0,0,0
2017-09,食品酒水,食品饮料,单件,4,147.50,4,0,4,1,0,36.90,4,4,0,17,0,0,0,0,0,0,0
2017-09,食品酒水,食品饮料,同SKU多件,1,139.96,1,0,1,0,1,45.06,1,1,1,1,0,0,0,0,0,0,0
2017-09,美妆个护,香水香氛,单件,130,13086.27,123,0,126,3,8,1456.93,123,130,21,533,1,0,0,0,1,0,5
2017-09,美妆个护,香水香氛,单商家多SKU,6,707.73,6,0,6,1,0,49.24,6,6,2,22,1,0,0,0,1,0,1
2017-09,美妆个护,香水香氛,同SKU多件,3,341.48,3,0,3,1,0,30.30,3,3,0,15,0,0,0,0,0,0,0
2017-09,美妆个护,香水香氛,多商家,3,609.39,3,0,3,0,0,7.67,3,3,0,13,1,0,0,0,1,0,0
2017-10,图书文娱,专业图书,单件,6,880.00,6,0,6,0,0,65.31,6,6,0,29,0,0,0,0,0,0,0
2017-10,图书文娱,乐器,单件,21,6571.16,19,1,19,3,1,263.27,19,21,3,85,1,0,1,0,0,0,1
2017-10,图书文娱,乐器,同SKU多件,1,288.00,0,0,0,0,0,,0,1,0,5,0,0,0,0,0,0,0
2017-10,汽配工具,五金工具,单件,5,1018.60,5,0,5,1,0,64.53,5,5,0,23,0,0,0,0,0,0,0
2017-10,服饰鞋包,内衣泳装,单件,3,187.80,3,0,3,0,0,20.31,3,3,0,14,0,0,0,0,0,0,0
2017-10,其他,农业工商,单件,5,3350.28,5,0,5,0,0,53.22,5,5,1,21,1,0,0,0,1,0,0
2017-10,家居家纺,办公家具,单件,57,9563.39,57,0,57,14,4,1054.37,57,56,13,200,6,0,3,2,1,0,2
2017-10,家居家纺,办公家具,单商家多SKU,1,1879.90,1,0,1,0,0,9.06,1,1,1,1,1,0,0,0,1,0,0
2017-10,家居家纺,办公家具,同SKU多件,11,6447.54,11,0,11,2,1,197.54,11,10,3,30,1,0,0,0,1,0,0
2017-10,家居家纺,卧室家具,单件,4,1193.90,3,0,3,0,0,44.88,3,4,0,19,0,0,0,0,0,0,0
2017-10,家居家纺,厨具,单件,1,137.00,1,0,1,0,0,4.65,1,1,0,5,0,0,0,0,0,0,0
2017-10,家居家纺,厨房餐厅庭院家具,单件,12,2204.60,12,0,12,1,1,167.05,12,11,2,41,1,0,1,0,0,0,1
2017-10,家居家纺,厨房餐厅庭院家具,同SKU多件,2,1224.00,2,0,2,0,0,15.09,2,2,1,5,1,0,0,1,0,0,0
2017-10,汽配工具,园林建材,单件,7,236.90,7,0,7,2,0,65.26,7,7,2,26,0,0,0,0,0,0,0
2017-10,汽配工具,园林建材,同SKU多件,1,510.00,1,0,1,0,0,7.53,1,1,0,5,0,0,0,0,0,0,0
2017-10,汽配工具,园艺工具,单件,164,16653.90,164,0,164,9,9,2111.31,164,163,10,723,3,0,0,3,0,0,4
2017-10,汽配工具,园艺工具,单商家多SKU,5,1014.48,4,0,5,0,0,51.88,4,5,2,16,0,0,0,0,0,0,1
2017-10,汽配工具,园艺工具,同SKU多件,43,8200.46,43,0,43,3,1,548.56,43,43,8,168,5,0,0,0,4,1,0
2017-10,3C数码,固定电话,单件,5,3473.88,5,0,5,0,0,80.53,5,5,2,16,1,0,1,0,0,0,0
2017-10,3C数码,固定电话,同SKU多件,1,278.00,1,0,1,0,0,11.24,1,1,0,5,0,0,0,0,0,0,0
2017-10,家居家纺,圣诞用品,单件,6,318.21,6,0,6,0,0,86.70,6,6,0,25,0,0,0,0,0,0,0
2017-10,家居家纺,圣诞用品,同SKU多件,1,69.84,1,0,1,0,0,7.02,1,1,0,5,0,0,0,0,0,0,0
2017-10,图书文娱,大众图书,单件,7,554.50,7,0,7,2,2,103.67,7,6,0,27,0,0,0,0,0,0,0
2017-10,图书文娱,大众图书,同SKU多件,1,180.00,1,0,1,1,0,24.76,1,1,0,5,0,0,0,0,0,0,0
2017-10,母婴玩具,婴童用品,单件,128,15877.65,128,0,128,13,10,1582.06,128,126,9,560,3,0,1,0,2,0,6
2017-10,母婴玩具,婴童用品,同SKU多件,1,114.00,1,0,1,0,0,3.18,1,1,0,5,0,0,0,0,0,0,0
2017-10,母婴玩具,婴童用品,多商家,1,194.99,1,0,1,0,0,14.94,1,1,1,1,0,0,0,0,0,0,1
2017-10,汽配工具,安防工具,单件,8,1105.29,8,0,8,1,0,83.13,8,8,1,34,0,0,0,0,0,0,0
2017-10,汽配工具,安防工具,同SKU多件,1,563.56,1,0,1,0,0,9.96,1,1,1,1,1,0,0,0,1,0,1
2017-10,宠物,宠物用品,单件,54,6158.63,54,0,54,6,3,610.40,54,54,3,239,0,0,0,0,0,0,2
2017-10,宠物,宠物用品,单商家多SKU,1,120.00,1,0,1,0,0,18.10,1,1,1,1,1,0,0,0,1,0,0
2017-10,宠物,宠物用品,同SKU多件,7,1694.20,7,0,7,2,1,87.02,7,7,4,17,3,0,0,2,1,0,2
2017-10,宠物,宠物用品,多商家,2,270.75,2,0,2,0,0,26.09,2,2,1,6,0,0,0,0,0,0,1
2017-10,家居家纺,客厅家具,单件,8,884.33,8,0,8,1,0,124.24,8,8,0,37,0,0,0,0,0,0,0
2017-10,家居家纺,客厅家具,同SKU多件,5,648.46,5,0,5,0,1,91.80,5,5,1,21,0,0,0,0,0,0,1
2017-10,家居家纺,家具软装,单件,192,17317.83,188,1,189,15,9,2453.23,188,192,22,815,7,0,2,4,1,0,4
2017-10,家居家纺,家具软装,单商家多SKU,11,1569.63,11,0,11,2,0,141.64,11,11,3,35,2,0,1,0,1,0,1
2017-10,家居家纺,家具软装,同SKU多件,56,9943.67,56,0,56,3,2,619.80,56,56,12,212,7,0,2,2,5,0,2
2017-10,家居家纺,家具软装,多商家,8,1389.23,8,0,8,0,0,67.83,8,8,3,25,2,0,0,0,2,0,1
2017-10,家居家纺,家庭日用,单件,165,12832.05,163,0,165,10,7,1702.97,163,163,18,685,6,0,4,3,0,0,5
2017-10,家居家纺,家庭日用,单商家多SKU,1,53.80,1,0,1,0,0,7.09,1,1,0,5,0,0,0,0,0,0,0
2017-10,家居家纺,家庭日用,同SKU多件,19,2609.18,18,0,18,0,0,170.14,18,19,1,84,2,0,0,0,2,0,0
2017-10,家居家纺,家庭日用,多商家,3,474.60,3,0,3,1,0,32.35,3,3,3,4,2,0,0,0,2,0,1
2017-10,家用电器,家用电器,单件,8,1951.08,7,0,7,0,0,109.14,7,8,1,35,0,0,0,0,0,0,1
2017-10,家用电器,家用电器2,单件,10,2803.17,9,0,10,2,2,163.55,9,10,3,31,0,0,0,0,0,0,1
2017-10,汽配工具,家装建材,单件,12,3399.29,12,0,12,2,1,175.94,12,12,2,46,1,0,0,1,0,0,1
2017-10,汽配工具,家装建材,同SKU多件,2,377.68,2,0,2,0,0,14.55,2,2,0,10,0,0,0,0,0,0,0
2017-10,汽配工具,家装建材,多商家,1,624.19,1,0,1,0,0,15.03,1,1,1,1,0,0,0,0,0,0,0
2017-10,家用电器,小家电,单件,28,6212.31,28,0,28,2,2,264.93,28,26,2,113,2,0,2,0,0,0,0
2017-10,家用电器,小家电,同SKU多件,2,252.54,2,0,2,0,0,12.66,2,2,0,10,0,0,0,0,0,0,0
2017-10,家居家纺,居家舒适,单件,24,3514.10,24,0,24,3,1,239.92,24,24,2,100,1,0,0,1,0,0,1
2017-10,家居家纺,居家舒适2,单件,2,25.80,2,0,2,0,0,22.26,2,2,0,10,0,0,0,0,0,0,0
2017-10,家居家纺,居家舒适2,同SKU多件,1,38.70,1,0,1,0,0,11.57,1,0,0,0,0,0,0,0,0,0,0
2017-10,其他,工商业用品,单件,5,2256.69,5,0,5,1,0,67.29,5,5,0,24,0,0,0,0,0,0,0
2017-10,其他,平台综合,单件,9,659.54,9,0,9,2,1,116.20,9,8,2,29,0,0,0,0,0,0,1
2017-10,其他,平台综合,单商家多SKU,1,360.00,1,0,1,0,0,11.75,1,1,0,5,0,0,0,0,0,0,0
2017-10,3C数码,平板打印,单件,1,99.00,1,0,1,0,0,14.24,1,1,0,4,0,0,0,0,0,0,0
2017-10,家居家纺,床品布艺卫浴,单件,374,33734.77,371,0,373,17,18,4536.72,371,372,39,1538,12,0,3,6,3,0,8
2017-10,家居家纺,床品布艺卫浴,单商家多SKU,25,5117.78,25,0,25,2,1,333.09,25,25,8,83,4,0,0,1,3,0,2
2017-10,家居家纺,床品布艺卫浴,同SKU多件,24,3716.48,24,0,24,0,0,269.61,24,24,7,89,4,0,0,1,3,0,0
2017-10,家居家纺,床品布艺卫浴,多商家,16,3695.41,16,0,16,0,0,136.13,16,16,9,41,3,0,0,0,3,0,2
2017-10,汽配工具,建筑工具,单件,12,1647.68,12,0,12,0,0,132.18,12,12,2,49,2,0,0,2,0,0,0
2017-10,汽配工具,建筑工具,单商家多SKU,1,768.00,1,0,1,0,0,12.40,1,1,0,3,0,0,0,0,0,0,0
2017-10,汽配工具,建筑工具,同SKU多件,1,143.60,1,0,1,0,0,12.84,1,1,0,5,0,0,0,0,0,0,0
2017-10,图书文娱,影视光碟,单件,5,194.50,4,1,4,0,0,55.24,4,5,1,21,0,0,0,0,0,0,0
2017-10,3C数码,影音设备,单件,32,2348.48,31,1,31,3,3,363.32,31,31,7,109,4,0,4,1,0,0,2
2017-10,3C数码,手机通讯,单件,206,19370.34,199,0,200,32,9,2554.91,199,204,23,856,8,0,5,1,2,0,11
2017-10,3C数码,手机通讯,单商家多SKU,6,285.25,6,0,6,0,1,68.11,6,5,2,16,1,0,1,0,0,0,0
2017-10,3C数码,手机通讯,同SKU多件,15,3144.28,14,0,14,0,0,150.66,14,15,5,52,2,0,0,0,2,0,1
2017-10,3C数码,手机通讯,多商家,1,50.89,1,0,1,0,0,5.35,1,1,0,5,0,0,0,0,0,0,0
2017-10,3C数码,摄影摄像,单件,1,69.00,1,0,1,0,0,14.44,1,1,0,3,0,0,0,0,0,0,0
2017-10,图书文娱,文具,单件,81,7372.74,78,1,78,4,3,949.16,78,81,11,336,2,0,1,2,0,0,3
2017-10,图书文娱,文具,单商家多SKU,4,711.51,3,0,4,0,0,23.47,3,4,2,11,0,0,0,0,0,0,0
2017-10,图书文娱,文具,同SKU多件,2,123.95,2,0,2,1,0,17.33,2,2,1,6,0,0,0,0,0,0,0
2017-10,图书文娱,文具,多商家,2,493.70,2,0,2,0,0,12.48,2,2,1,6,0,0,0,0,0,0,1
2017-10,服饰鞋包,旅行箱包,单件,47,5605.84,47,0,47,5,0,515.52,47,47,1,212,1,0,0,1,0,0,0
2017-10,服饰鞋包,旅行箱包,单商家多SKU,2,243.60,2,0,2,0,0,24.95,2,2,0,10,0,0,0,0,0,0,0
2017-10,服饰鞋包,旅行箱包,同SKU多件,2,201.00,2,0,2,0,0,17.29,2,2,0,10,0,0,0,0,0,0,0
2017-10,服饰鞋包,旅行箱包,多商家,1,234.90,1,0,1,0,0,10.28,1,1,1,1,1,0,0,0,1,0,0
2017-10,未知,无商品明细,无商品明细,63,0.00,0,63,0,0,0,,0,63,56,87,0,0,0,0,0,0,11
2017-10,未知,未知品类,单件,50,16889.79,45,2,46,4,1,526.67,45,49,4,207,1,0,0,0,1,0,1
2017-10,未知,未知品类,单商家多SKU,3,187.26,3,0,3,1,0,42.33,3,2,1,6,0,0,0,0,0,0,0
2017-10,未知,未知品类,同SKU多件,5,1044.40,5,0,5,1,0,33.61,5,5,0,22,0,0,0,0,0,0,0
2017-10,未知,未知品类,多商家,2,1545.26,2,0,2,0,0,14.34,2,2,1,6,1,0,0,0,1,0,0
2017-10,汽配工具,标识安防,单件,6,726.00,6,0,6,1,1,89.87,6,5,1,20,0,0,0,0,0,0,0
2017-10,汽配工具,标识安防,同SKU多件,1,18.00,1,0,1,0,0,8.80,1,1,0,5,0,0,0,0,0,0,0
2017-10,汽配工具,汽车用品,单件,121,18289.77,119,1,120,5,2,1404.41,119,121,11,519,3,0,1,1,1,0,1
2017-10,汽配工具,汽车用品,单商家多SKU,3,566.59,3,0,3,0,0,43.56,3,3,2,7,1,0,0,0,1,0,0
2017-10,汽配工具,汽车用品,同SKU多件,7,2406.72,7,0,7,0,0,72.76,7,7,2,26,1,0,0,0,1,0,0
2017-10,汽配工具,汽车用品,多商家,1,242.20,1,0,1,0,0,11.13,1,1,0,4,0,0,0,0,0,0,0
2017-10,家居家纺,派对用品,单件,2,137.80,2,0,2,0,0,8.46,2,2,0,9,0,0,0,0,0,0,0
2017-10,3C数码,游戏主机,单件,94,10031.18,93,1,93,14,4,1160.64,93,94,10,397,2,0,0,1,1,0,4
2017-10,3C数码,游戏主机,单商家多SKU,3,164.60,3,0,3,0,0,25.58,3,3,1,8,1,0,0,0,1,0,0
2017-10,3C数码,游戏主机,同SKU多件,3,288.60,2,0,2,0,0,15.48,2,3,2,7,1,0,0,0,1,0,0
2017-10,3C数码,游戏主机,多商家,1,124.49,1,0,1,0,0,17.28,1,1,0,3,1,0,0,0,1,0,1
2017-10,钟表与潮流好物,潮流好物,单件,232,41252.39,228,1,230,18,11,2652.84,228,231,18,992,7,2,3,1,2,0,3
2017-10,钟表与潮流好物,潮流好物,单商家多SKU,2,763.97,2,0,2,0,0,17.36,2,1,0,5,0,0,0,0,0,0,0
2017-10,钟表与潮流好物,潮流好物,同SKU多件,6,2063.37,6,0,6,0,0,76.10,6,6,1,24,1,0,0,0,1,0,0
2017-10,钟表与潮流好物,潮流好物,多商家,4,1172.52,4,0,4,0,0,24.31,4,4,0,16,0,0,0,0,0,0,0
2017-10,汽配工具,灯具照明,单件,2,500.00,2,0,2,0,1,47.61,2,2,1,7,1,0,1,0,0,0,0
2017-10,母婴玩具,玩具,单件,267,32850.69,260,2,262,27,11,3001.11,260,265,23,1132,7,0,2,3,1,1,7
2017-10,母婴玩具,玩具,单商家多SKU,6,587.15,6,0,6,2,0,56.14,6,6,2,21,1,0,0,0,1,0,1
2017-10,母婴玩具,玩具,同SKU多件,4,952.75,4,0,4,0,0,38.99,4,4,1,16,1,0,1,0,1,0,0
2017-10,母婴玩具,玩具,多商家,1,344.90,1,0,1,0,0,2.88,1,1,1,1,1,0,0,0,1,0,0
2017-10,3C数码,电子产品,单件,50,2320.09,49,0,49,5,2,626.23,49,50,8,209,3,0,3,0,0,0,2
2017-10,3C数码,电子产品,同SKU多件,5,834.33,5,0,5,0,1,86.16,5,5,2,15,2,0,0,0,2,0,1
2017-10,3C数码,电子产品,多商家,1,359.80,1,0,1,0,0,13.94,1,1,0,5,0,0,0,0,0,0,0
2017-10,3C数码,电脑整机,单件,25,37519.92,25,0,25,0,0,304.85,25,24,3,103,2,0,1,0,1,0,1
2017-10,3C数码,电脑整机,同SKU多件,1,2874.00,1,0,1,0,0,12.84,1,1,0,3,0,0,0,0,0,0,0
2017-10,3C数码,电脑配件,单件,229,30719.08,219,3,224,22,9,2621.34,219,228,30,932,8,0,5,1,2,0,5
2017-10,3C数码,电脑配件,单商家多SKU,4,1691.13,4,0,4,2,0,40.25,4,3,1,9,0,0,0,0,0,0,1
2017-10,3C数码,电脑配件,同SKU多件,28,10407.68,27,1,27,2,1,265.80,27,28,3,116,2,0,0,0,2,0,0
2017-10,3C数码,电脑配件,多商家,1,97.89,1,0,1,0,0,7.85,1,1,0,5,0,0,0,0,0,0,0
2017-10,服饰鞋包,男装,单件,8,894.80,7,0,7,1,0,74.59,7,8,1,35,1,0,0,1,0,0,0
2017-10,服饰鞋包,男装,同SKU多件,1,147.00,1,0,1,1,0,13.21,1,1,0,5,0,0,0,0,0,0,0
2017-10,家用电器,空调冷暖,单件,6,875.90,6,0,6,0,0,66.29,6,6,2,23,1,0,0,0,0,1,0
2017-10,家用电器,空调冷暖,同SKU多件,3,1686.52,3,0,3,2,0,55.74,3,3,0,12,0,0,0,0,0,0,0
2017-10,母婴玩具,童装,单件,1,39.99,1,0,1,0,0,7.92,1,1,0,5,0,0,0,0,0,0,0
2017-10,服饰鞋包,箱包配饰,单件,83,6576.99,81,1,82,2,1,771.55,81,83,7,348,3,0,1,1,1,0,2
2017-10,服饰鞋包,箱包配饰,单商家多SKU,4,562.99,4,0,4,0,0,42.28,4,4,2,10,1,0,0,0,1,0,0
2017-10,服饰鞋包,箱包配饰,同SKU多件,1,90.00,1,0,1,0,0,1.73,1,1,0,5,0,0,0,0,0,0,0
2017-10,服饰鞋包,箱包配饰,多商家,6,655.78,6,0,6,0,0,31.63,6,6,1,20,1,0,0,0,1,0,2
2017-10,美妆个护,美妆健康,单件,311,39714.88,302,1,309,15,12,3540.02,302,309,37,1310,8,0,5,4,1,1,7
2017-10,美妆个护,美妆健康,单商家多SKU,4,392.34,3,0,3,0,0,34.52,3,4,1,14,1,0,0,0,1,0,1
2017-10,美妆个护,美妆健康,同SKU多件,15,1536.01,15,0,15,0,0,117.65,15,15,1,66,1,0,0,0,1,0,0
2017-10,美妆个护,美妆健康,多商家,1,107.79,1,0,1,0,0,5.39,1,1,0,3,0,0,0,0,0,0,1
2017-10,家居家纺,艺术品,单件,3,349.05,3,0,3,0,0,38.39,3,3,0,14,0,0,0,0,0,0,0
2017-10,运动户外,运动休闲,单件,383,43830.81,378,1,379,27,11,4346.62,378,380,33,1647,8,0,2,5,1,1,11
2017-10,运动户外,运动休闲,单商家多SKU,4,864.60,3,0,3,0,0,34.93,3,4,2,9,0,0,0,0,0,0,2
2017-10,运动户外,运动休闲,同SKU多件,31,4460.36,30,0,30,2,1,294.78,30,30,8,111,3,0,0,1,2,0,2
2017-10,运动户外,运动休闲,多商家,6,671.28,6,0,6,0,0,36.22,6,6,5,10,6,0,0,0,6,0,4
2017-10,服饰鞋包,运动服饰,单件,1,59.90,1,0,1,1,1,20.65,1,1,0,5,0,0,0,0,0,0,0
2017-10,食品酒水,酒水饮料,单件,8,400.98,8,0,8,1,1,85.21,8,8,1,35,0,0,0,0,0,0,0
2017-10,食品酒水,酒水饮料,同SKU多件,2,196.00,2,0,2,1,0,28.91,2,2,0,8,0,0,0,0,0,0,0
2017-10,钟表与潮流好物,钟表礼品,单件,269,63160.95,265,1,268,15,13,3031.06,265,267,33,1115,13,0,8,5,1,0,4
2017-10,钟表与潮流好物,钟表礼品,单商家多SKU,9,915.99,9,0,9,0,0,82.57,9,9,1,33,1,0,0,0,1,0,0
2017-10,钟表与潮流好物,钟表礼品,同SKU多件,5,1127.70,4,0,5,2,0,49.57,4,5,3,10,2,0,1,0,1,0,3
2017-10,钟表与潮流好物,钟表礼品,多商家,4,771.79,4,0,4,0,0,32.34,4,4,2,12,1,0,0,0,1,0,0
2017-10,服饰鞋包,鞋靴,单件,14,1521.32,14,0,14,1,1,229.04,14,14,3,58,2,0,1,1,0,0,1
2017-10,服饰鞋包,鞋靴,单商家多SKU,2,339.60,2,0,2,0,0,32.86,2,2,0,9,0,0,0,0,0,0,0
2017-10,图书文娱,音乐,单件,1,54.90,1,0,1,0,0,7.90,1,1,0,5,0,0,0,0,0,0,0
2017-10,图书文娱,音乐CD/DVD,单件,1,45.00,1,0,1,0,0,10.32,1,1,0,5,0,0,0,0,0,0,0
2017-10,食品酒水,食品,单件,11,683.12,11,0,11,1,0,131.86,11,11,0,52,0,0,0,0,0,0,0
2017-10,食品酒水,食品,同SKU多件,1,122.94,1,0,1,0,0,2.05,1,0,0,0,0,0,0,0,0,0,0
2017-10,食品酒水,食品饮料,单件,13,1762.11,13,0,13,1,2,153.40,13,13,0,64,0,0,0,0,0,0,0
2017-10,食品酒水,食品饮料,同SKU多件,2,535.12,2,0,2,0,0,24.61,2,2,0,9,0,0,0,0,0,0,0
2017-10,美妆个护,香水香氛,单件,167,15942.68,165,1,165,9,5,1812.84,165,167,14,722,1,0,1,0,0,0,4
2017-10,美妆个护,香水香氛,单商家多SKU,4,130.74,4,0,4,0,0,38.43,4,4,0,17,0,0,0,0,0,0,0
2017-10,美妆个护,香水香氛,同SKU多件,5,828.40,5,0,5,0,1,69.42,5,5,1,18,0,0,0,0,0,0,0
2017-10,美妆个护,香水香氛,多商家,1,82.80,1,0,1,0,0,7.98,1,1,0,5,0,0,0,0,0,0,0
2017-11,图书文娱,专业图书,单件,4,425.90,4,0,4,0,0,32.69,4,4,0,20,0,0,0,0,0,0,0
2017-11,图书文娱,专业图书,单商家多SKU,1,343.00,1,0,1,0,0,9.79,1,1,1,1,0,0,0,0,0,0,0
2017-11,图书文娱,乐器,单件,42,16054.66,40,2,40,6,4,632.85,40,42,8,167,3,0,1,1,1,0,2
2017-11,图书文娱,乐器,单商家多SKU,1,335.44,0,0,0,0,0,,0,1,1,2,0,0,0,0,0,0,0
2017-11,图书文娱,乐器,同SKU多件,1,119.80,1,0,1,0,0,12.37,1,1,0,5,0,0,0,0,0,0,0
2017-11,汽配工具,五金工具,单件,3,209.70,3,0,3,1,1,55.73,3,3,1,11,0,0,0,0,0,0,0
2017-11,汽配工具,五金工具,同SKU多件,1,59.80,1,0,1,1,0,13.60,1,1,0,5,0,0,0,0,0,0,0
2017-11,服饰鞋包,内衣泳装,单件,10,1221.60,10,0,10,2,2,209.06,10,10,4,32,0,0,0,0,0,0,0
2017-11,其他,农业工商,单件,11,7201.89,11,0,11,3,2,189.79,11,11,3,39,0,0,0,0,0,0,1
2017-11,其他,农业工商,同SKU多件,2,6730.60,2,0,2,1,0,41.31,2,2,1,5,0,0,0,0,0,0,0
2017-11,家居家纺,办公家具,单件,60,11369.35,59,0,59,22,18,1471.02,59,60,19,199,4,0,1,2,1,0,4
2017-11,家居家纺,办公家具,单商家多SKU,2,709.93,2,0,2,1,0,36.70,2,2,2,3,1,0,0,1,1,0,1
2017-11,家居家纺,办公家具,同SKU多件,14,5968.92,14,0,14,4,1,285.61,14,14,8,31,6,0,2,1,5,0,1
2017-11,家居家纺,卧室家具,单件,3,873.00,3,0,3,1,2,70.79,3,3,1,10,0,0,0,0,0,0,1
2017-11,家居家纺,厨具,多商家,1,236.00,1,0,1,0,0,14.12,1,0,0,0,0,0,0,0,0,0,0
2017-11,家居家纺,厨房餐厅庭院家具,单件,23,3641.79,23,0,23,2,2,352.01,23,23,2,96,0,0,0,0,0,0,0
2017-11,家居家纺,厨房餐厅庭院家具,同SKU多件,5,1365.60,5,0,5,1,1,88.53,5,5,1,17,0,0,0,0,0,0,0
2017-11,汽配工具,园林建材,单件,11,1024.10,11,0,11,1,0,131.51,11,11,1,48,0,0,0,0,0,0,0
2017-11,汽配工具,园林建材,单商家多SKU,1,56.90,1,0,1,1,0,16.26,1,1,1,1,1,0,0,0,1,0,0
2017-11,汽配工具,园林建材,多商家,1,117.10,1,0,1,0,0,9.84,1,1,1,1,0,0,0,0,0,0,0
2017-11,汽配工具,园艺工具,单件,347,32407.58,344,1,344,10,45,5761.12,344,345,50,1419,9,0,3,3,2,1,21
2017-11,汽配工具,园艺工具,单商家多SKU,11,2058.68,11,0,11,0,0,148.81,11,11,2,41,1,0,0,0,1,0,1
2017-11,汽配工具,园艺工具,同SKU多件,66,10566.07,66,0,66,4,8,1156.30,66,66,21,228,11,0,0,1,10,0,3
2017-11,汽配工具,园艺工具,多商家,1,183.43,1,0,1,0,0,9.97,1,1,0,3,0,0,0,0,0,0,0
2017-11,3C数码,固定电话,单件,5,943.98,5,0,5,0,1,92.48,5,4,1,16,0,0,0,0,0,0,0
2017-11,家居家纺,圣诞用品,单件,16,1228.78,14,1,14,0,2,194.84,14,16,3,59,0,0,0,0,0,0,1
2017-11,家居家纺,圣诞用品,同SKU多件,2,50.80,2,0,2,0,0,12.20,2,2,1,5,1,0,0,0,1,0,0
2017-11,家居家纺,圣诞用品,多商家,1,35.60,1,0,1,0,0,24.18,1,1,1,1,1,0,0,0,1,0,0
2017-11,图书文娱,大众图书,单件,38,2664.96,37,1,37,6,8,545.13,37,37,5,154,0,0,0,0,0,0,2
2017-11,服饰鞋包,女装,单件,3,79.88,2,0,2,0,0,15.09,2,3,2,6,0,0,0,0,0,0,0
2017-11,母婴玩具,婴童用品,单件,176,20232.78,170,1,171,25,29,2686.74,170,175,34,683,3,0,0,1,2,0,8
2017-11,母婴玩具,婴童用品,单商家多SKU,1,139.98,1,0,1,0,0,10.29,1,1,0,5,0,0,0,0,0,0,0
2017-11,母婴玩具,婴童用品,同SKU多件,5,481.54,5,0,5,0,1,72.12,5,5,3,12,2,0,0,0,2,0,2
2017-11,母婴玩具,婴童用品,多商家,2,418.99,2,0,2,0,0,20.09,2,2,1,6,1,0,0,0,1,0,0
2017-11,汽配工具,安防工具,单件,12,2526.89,11,0,11,1,1,161.84,11,12,2,49,0,0,0,0,0,0,1
2017-11,汽配工具,安防工具,单商家多SKU,1,791.70,1,0,1,0,0,8.88,1,1,0,5,0,0,0,0,0,0,0
2017-11,宠物,宠物用品,单件,75,10060.10,73,1,74,12,6,1015.58,73,74,9,316,4,0,2,2,0,0,0
2017-11,宠物,宠物用品,单商家多SKU,3,470.80,3,0,3,0,0,45.73,3,3,0,14,0,0,0,0,0,0,0
2017-11,宠物,宠物用品,同SKU多件,6,794.78,6,0,6,2,0,78.48,6,6,1,23,1,0,0,0,1,0,0
2017-11,家居家纺,客厅家具,单件,26,4909.37,26,0,26,3,3,522.31,26,25,4,106,0,0,0,0,0,0,2
2017-11,家居家纺,客厅家具,单商家多SKU,1,1099.70,1,0,1,0,0,6.00,1,1,1,1,0,0,0,0,0,0,1
2017-11,家居家纺,客厅家具,同SKU多件,1,93.98,1,0,1,0,0,16.33,1,1,0,4,0,0,0,0,0,0,0
2017-11,家居家纺,客厅家具,多商家,1,150.80,1,0,1,0,0,5.41,1,1,0,4,0,0,0,0,0,0,0
2017-11,家居家纺,家具软装,单件,406,39786.07,396,0,402,85,69,6948.64,396,406,86,1551,10,0,6,4,1,0,28
2017-11,家居家纺,家具软装,单商家多SKU,17,2873.05,16,1,16,5,0,210.92,16,17,4,66,2,0,0,0,2,0,1
2017-11,家居家纺,家具软装,同SKU多件,110,19272.62,110,0,110,30,18,1725.00,110,105,30,362,21,0,3,0,18,0,6
2017-11,家居家纺,家具软装,多商家,7,1127.55,7,0,7,0,0,61.05,7,7,6,11,4,0,1,1,2,0,3
2017-11,家居家纺,家庭日用,单件,294,25625.09,288,2,291,38,29,3876.23,288,292,40,1205,7,0,5,2,0,0,12
2017-11,家居家纺,家庭日用,单商家多SKU,5,776.65,5,0,5,2,0,69.45,5,5,1,19,1,0,0,1,0,0,0
2017-11,家居家纺,家庭日用,同SKU多件,43,7422.99,41,0,41,9,3,448.25,41,42,14,150,11,0,1,0,10,0,2
2017-11,家居家纺,家庭日用,多商家,6,1118.42,6,0,6,0,0,71.46,6,6,3,15,1,0,0,0,1,0,3
2017-11,家用电器,家用电器,单件,25,4515.94,25,0,25,4,3,336.87,25,25,6,95,2,0,0,2,0,0,2
2017-11,家用电器,家用电器2,单件,13,4854.93,13,0,13,4,3,243.13,13,13,3,46,1,0,1,0,0,0,1
2017-11,汽配工具,家装建材,单件,28,4216.62,28,0,28,3,2,407.49,28,28,4,117,1,0,1,0,0,0,0
2017-11,汽配工具,家装建材,同SKU多件,4,512.10,4,0,4,0,0,38.33,4,3,1,7,3,0,0,0,3,0,0
2017-11,汽配工具,家装建材,多商家,1,267.90,1,0,1,0,0,11.54,1,1,1,1,0,0,0,0,0,0,1
2017-11,家用电器,小家电,单件,28,7620.15,25,1,25,0,2,326.12,25,28,5,110,1,0,1,0,0,0,1
2017-11,家用电器,小家电,同SKU多件,1,114.78,1,0,1,0,0,15.39,1,1,0,4,0,0,0,0,0,0,0
2017-11,家用电器,小家电,多商家,1,110.79,1,0,1,0,0,5.72,1,1,1,2,0,0,0,0,0,0,0
2017-11,家居家纺,居家舒适,单件,28,3725.99,28,0,28,5,12,615.64,28,28,9,93,1,0,0,1,0,0,6
2017-11,家居家纺,居家舒适,单商家多SKU,3,1060.50,3,0,3,0,0,56.82,3,3,1,7,3,0,0,0,3,0,0
2017-11,家居家纺,居家舒适,同SKU多件,2,359.60,2,0,2,0,0,23.55,2,2,0,8,0,0,0,0,0,0,0
2017-11,家居家纺,居家舒适,多商家,3,553.84,3,0,3,0,0,44.93,3,3,1,8,1,0,0,0,1,0,0
2017-11,家居家纺,居家舒适2,单件,3,38.70,3,0,3,1,0,53.55,3,3,1,11,0,0,0,0,0,0,0
2017-11,其他,工商业用品,单件,7,2074.77,6,0,6,0,0,84.00,6,7,1,28,0,0,0,0,0,0,0
2017-11,其他,平台综合,单件,9,1182.48,9,0,9,3,0,161.34,9,9,0,40,1,0,1,0,0,0,0
2017-11,其他,平台综合,同SKU多件,2,173.50,2,0,2,0,0,21.20,2,2,0,9,0,0,0,0,0,0,0
2017-11,3C数码,平板打印,单件,6,350.40,6,0,6,0,0,87.17,6,6,1,24,0,0,0,0,0,0,0
2017-11,家居家纺,床品布艺卫浴,单件,684,65493.76,672,2,679,146,128,12070.20,672,677,148,2539,18,0,4,13,2,0,50
2017-11,家居家纺,床品布艺卫浴,单商家多SKU,48,8534.32,48,0,48,19,13,964.23,48,47,21,130,9,0,0,0,9,0,9
2017-11,家居家纺,床品布艺卫浴,同SKU多件,53,9949.50,52,0,52,15,6,777.02,52,51,12,193,6,0,0,0,6,0,5
2017-11,家居家纺,床品布艺卫浴,多商家,25,5662.10,25,0,25,5,2,352.44,25,25,13,61,6,0,1,0,5,0,3
2017-11,家居家纺,床垫沙发,单件,2,334.00,2,0,2,1,1,63.18,2,2,1,6,0,0,0,0,0,0,0
2017-11,汽配工具,建筑工具,单件,28,5079.10,28,0,28,1,4,472.77,28,27,3,110,0,0,0,0,0,0,1
2017-11,汽配工具,建筑工具,同SKU多件,8,1914.46,8,0,8,2,1,124.81,8,8,1,35,0,0,0,0,0,0,1
2017-11,图书文娱,影视光碟,单件,3,79.79,3,0,3,0,1,54.14,3,3,1,11,0,0,0,0,0,0,0
2017-11,3C数码,影音设备,单件,31,3322.26,31,0,31,1,4,515.65,31,31,9,114,2,0,0,2,0,0,1
2017-11,3C数码,影音设备,同SKU多件,2,354.97,2,0,2,1,1,32.34,2,2,1,5,0,0,0,0,0,0,0
2017-11,3C数码,手机通讯,单件,323,21413.21,317,0,321,41,42,4806.76,317,321,49,1252,16,0,4,9,3,0,11
2017-11,3C数码,手机通讯,单商家多SKU,4,307.94,3,0,4,0,2,79.29,3,4,3,8,0,0,0,0,0,0,1
2017-11,3C数码,手机通讯,同SKU多件,18,4613.58,17,0,17,0,0,184.82,17,18,7,58,5,0,0,0,5,0,1
2017-11,3C数码,手机通讯,多商家,3,139.67,3,0,3,0,0,37.80,3,3,1,8,1,0,0,0,1,0,0
2017-11,3C数码,摄影摄像,单件,1,242.00,1,0,1,0,1,24.49,1,1,1,1,1,0,1,0,0,0,0
2017-11,图书文娱,文具,单件,137,14147.61,134,0,136,30,17,2174.55,134,136,12,584,1,0,1,0,0,0,4
2017-11,图书文娱,文具,单商家多SKU,9,1537.60,9,0,9,4,0,120.45,9,9,1,40,0,0,0,0,0,0,1
2017-11,图书文娱,文具,同SKU多件,4,765.98,4,0,4,1,0,59.27,4,4,0,18,0,0,0,0,0,0,0
2017-11,图书文娱,文具,多商家,1,168.90,1,0,1,0,0,7.33,1,1,0,4,0,0,0,0,0,0,0
2017-11,服饰鞋包,旅行箱包,单件,61,7724.51,59,1,59,1,2,752.33,59,61,8,255,2,0,2,0,0,1,2
2017-11,服饰鞋包,旅行箱包,同SKU多件,3,659.55,3,0,3,1,0,21.27,3,3,0,14,0,0,0,0,0,0,0
2017-11,服饰鞋包,旅行箱包,多商家,1,154.89,1,0,1,0,0,6.99,1,1,0,5,0,0,0,0,0,0,0
2017-11,未知,无商品明细,无商品明细,93,0.00,0,91,0,0,0,,0,90,78,134,0,0,0,0,0,0,33
2017-11,未知,未知品类,单件,102,12828.15,98,1,100,16,16,1537.13,98,102,18,402,5,0,2,2,1,1,7
2017-11,未知,未知品类,单商家多SKU,1,86.80,1,0,1,1,0,19.44,1,1,1,1,1,0,0,0,1,0,0
2017-11,未知,未知品类,同SKU多件,4,725.46,4,0,4,0,0,40.19,4,4,1,14,1,0,0,0,1,0,0
2017-11,未知,未知品类,多商家,3,524.77,3,0,3,0,0,29.31,3,3,3,3,3,0,0,0,3,0,0
2017-11,汽配工具,标识安防,单件,2,242.79,2,0,2,0,0,24.47,2,2,2,2,1,0,1,1,0,0,0
2017-11,汽配工具,标识安防,同SKU多件,1,354.00,1,0,1,0,0,13.41,1,1,1,1,0,0,0,0,0,0,0
2017-11,汽配工具,汽车用品,单件,226,31313.31,222,0,225,15,26,3219.94,222,224,35,914,9,0,3,3,4,0,10
2017-11,汽配工具,汽车用品,单商家多SKU,5,1333.18,5,0,5,0,0,49.13,5,5,2,17,2,0,0,0,2,0,0
2017-11,汽配工具,汽车用品,同SKU多件,11,2173.50,11,0,11,0,2,130.02,11,11,3,38,3,0,0,0,3,0,1
2017-11,汽配工具,汽车用品,多商家,2,160.39,2,0,2,0,0,17.13,2,2,1,4,1,0,0,0,1,0,0
2017-11,家居家纺,派对用品,单件,4,870.69,3,0,4,0,0,32.91,3,4,1,15,0,0,0,0,0,0,0
2017-11,3C数码,游戏主机,单件,121,12187.98,115,1,116,29,9,1805.80,115,121,16,499,3,0,2,1,2,0,2
2017-11,3C数码,游戏主机,单商家多SKU,3,205.00,3,0,3,1,1,67.20,3,3,2,7,0,0,0,0,0,0,0
2017-11,3C数码,游戏主机,同SKU多件,2,67.00,2,0,2,0,0,22.18,2,2,0,10,0,0,0,0,0,0,0
2017-11,3C数码,游戏主机,多商家,1,169.89,1,0,1,0,0,1.85,1,1,1,1,0,0,0,0,0,0,0
2017-11,钟表与潮流好物,潮流好物,单件,275,52290.52,270,1,273,19,26,3748.87,270,271,36,1120,7,0,5,2,0,0,9
2017-11,钟表与潮流好物,潮流好物,单商家多SKU,2,261.96,2,0,2,0,1,57.00,2,2,1,6,0,0,0,0,0,0,0
2017-11,钟表与潮流好物,潮流好物,同SKU多件,10,2997.86,10,0,10,1,1,152.10,10,10,3,38,1,0,0,0,1,0,0
2017-11,钟表与潮流好物,潮流好物,多商家,3,1047.48,3,0,3,0,0,34.40,3,3,1,9,1,0,0,0,1,0,0
2017-11,汽配工具,灯具照明,单件,8,2149.50,8,0,8,5,3,160.29,8,8,1,32,0,0,0,0,0,0,0
2017-11,汽配工具,灯具照明,同SKU多件,1,49.98,1,0,1,0,0,8.20,1,1,1,1,0,0,0,0,0,0,0
2017-11,母婴玩具,玩具,单件,411,58637.85,403,2,406,66,51,5638.82,403,407,60,1678,10,1,4,4,2,1,23
2017-11,母婴玩具,玩具,单商家多SKU,11,1580.78,11,0,11,2,1,94.94,11,11,0,52,0,0,0,0,0,0,1
2017-11,母婴玩具,玩具,同SKU多件,21,3090.90,20,0,20,4,1,302.19,20,21,7,69,4,0,0,0,4,0,1
2017-11,母婴玩具,玩具,多商家,6,1004.36,6,0,6,0,0,67.44,6,6,4,15,2,0,0,0,2,0,0
2017-11,3C数码,电子产品,单件,152,8203.36,150,0,152,12,24,2277.02,150,152,22,622,6,1,4,1,0,1,7
2017-11,3C数码,电子产品,同SKU多件,11,1650.88,11,0,11,0,0,145.28,11,11,3,39,1,0,0,0,1,0,1
2017-11,3C数码,电脑整机,单件,7,9768.00,7,0,7,3,0,131.20,7,7,0,30,0,0,0,0,0,0,0
2017-11,3C数码,电脑配件,单件,385,49125.97,375,1,380,35,26,5573.08,375,384,54,1547,10,1,7,1,1,0,15
2017-11,3C数码,电脑配件,单商家多SKU,8,2873.67,8,0,8,0,0,64.62,8,8,1,35,1,0,0,0,1,0,0
2017-11,3C数码,电脑配件,同SKU多件,42,15115.06,39,1,40,5,3,606.88,39,41,15,134,5,0,0,1,4,0,4
2017-11,3C数码,电脑配件,多商家,9,5957.69,9,0,9,0,0,99.68,9,9,6,18,3,0,1,0,2,0,5
2017-11,服饰鞋包,男装,单件,10,550.19,9,1,9,1,1,136.24,9,10,3,32,0,0,0,0,0,0,2
2017-11,服饰鞋包,男装,单商家多SKU,1,379.80,1,0,1,0,0,8.17,1,1,0,5,0,0,0,0,0,0,0
2017-11,家用电器,空调冷暖,单件,12,2040.74,12,0,12,3,3,195.03,12,11,2,44,1,0,1,0,0,0,1
2017-11,家用电器,空调冷暖,同SKU多件,3,1995.98,3,0,3,0,0,19.47,3,3,1,12,0,0,0,0,0,0,0
2017-11,服饰鞋包,箱包配饰,单件,169,11857.21,162,1,164,23,22,2231.53,162,169,33,630,5,0,1,4,0,0,12
2017-11,服饰鞋包,箱包配饰,单商家多SKU,6,471.80,6,0,6,0,1,104.08,6,6,4,13,0,0,0,0,0,0,1
2017-11,服饰鞋包,箱包配饰,同SKU多件,3,448.76,3,0,3,0,0,37.45,3,3,0,13,0,0,0,0,0,0,0
2017-11,服饰鞋包,箱包配饰,多商家,6,642.72,6,0,6,0,0,48.60,6,6,3,17,1,0,0,0,1,0,2
2017-11,美妆个护,美妆健康,单件,492,72061.63,481,1,488,26,43,6503.84,481,490,64,2044,16,1,5,5,5,1,21
2017-11,美妆个护,美妆健康,单商家多SKU,8,1855.94,8,0,8,1,0,96.87,8,8,1,32,1,0,0,0,1,0,0
2017-11,美妆个护,美妆健康,同SKU多件,28,5138.49,28,0,28,3,6,491.64,28,27,8,95,2,0,0,0,2,0,2
2017-11,美妆个护,美妆健康,多商家,2,105.14,2,0,2,0,0,19.00,2,2,1,5,1,0,0,0,1,0,1
2017-11,家居家纺,艺术品,单件,1,75.00,1,0,1,0,0,17.36,1,1,0,5,0,0,0,0,0,0,0
2017-11,运动户外,运动休闲,单件,511,57413.34,496,3,507,41,48,6739.26,496,505,55,2124,8,0,3,4,1,0,21
2017-11,运动户外,运动休闲,单商家多SKU,3,536.00,3,0,3,1,1,44.12,3,3,2,7,2,0,0,0,2,0,0
2017-11,运动户外,运动休闲,同SKU多件,38,6415.01,38,0,38,5,2,477.88,38,38,7,157,3,0,0,0,3,0,0
2017-11,运动户外,运动休闲,多商家,3,219.10,3,0,3,0,0,22.90,3,3,2,7,1,0,0,0,1,0,1
2017-11,服饰鞋包,运动服饰,单件,1,59.90,1,0,1,0,0,8.02,1,1,0,5,0,0,0,0,0,0,0
2017-11,图书文娱,进口图书,单件,2,154.00,1,0,1,1,0,26.40,1,2,0,10,0,0,0,0,0,0,0
2017-11,图书文娱,进口图书,单商家多SKU,1,170.00,1,0,1,0,0,3.90,1,1,0,5,0,0,0,0,0,0,0
2017-11,食品酒水,酒水饮料,单件,13,541.41,12,0,13,3,1,152.04,12,13,1,53,0,0,0,0,0,0,1
2017-11,食品酒水,酒水饮料,单商家多SKU,1,77.20,1,0,1,0,0,11.14,1,1,0,5,0,0,0,0,0,0,0
2017-11,食品酒水,酒水饮料,同SKU多件,1,130.00,1,0,1,1,1,67.84,1,1,1,1,0,0,0,0,0,0,1
2017-11,钟表与潮流好物,钟表礼品,单件,395,90987.67,389,2,392,20,45,5624.39,389,390,60,1584,5,1,2,2,1,0,18
2017-11,钟表与潮流好物,钟表礼品,单商家多SKU,15,2010.54,15,0,15,0,1,136.75,15,14,4,51,3,0,1,0,2,0,2
2017-11,钟表与潮流好物,钟表礼品,同SKU多件,17,2619.86,17,0,17,1,3,290.93,17,17,7,51,3,0,0,0,3,0,2
2017-11,钟表与潮流好物,钟表礼品,多商家,3,2538.40,3,0,3,0,0,19.59,3,3,3,5,1,0,0,0,1,0,2
2017-11,服饰鞋包,鞋靴,单件,16,1539.10,15,1,15,3,2,271.20,15,15,2,60,1,0,0,1,0,0,0
2017-11,服饰鞋包,鞋靴,单商家多SKU,1,68.80,1,0,1,1,0,14.82,1,1,0,5,0,0,0,0,0,0,0
2017-11,服饰鞋包,鞋靴,同SKU多件,1,169.80,1,0,1,0,0,14.58,1,1,0,5,0,0,0,0,0,0,0
2017-11,图书文娱,音乐CD/DVD,单件,3,195.00,3,0,3,0,0,30.57,3,3,0,15,0,0,0,0,0,0,0
2017-11,食品酒水,食品,单件,8,376.89,8,0,8,0,0,92.57,8,8,0,40,0,0,0,0,0,0,0
2017-11,食品酒水,食品,同SKU多件,3,180.06,2,0,3,0,0,14.75,2,2,2,3,2,0,0,0,2,0,0
2017-11,食品酒水,食品饮料,单件,26,2311.17,26,0,26,4,2,360.45,26,26,2,105,0,0,0,0,0,0,0
2017-11,食品酒水,食品饮料,单商家多SKU,1,89.40,1,0,1,1,0,14.89,1,1,0,4,0,0,0,0,0,0,0
2017-11,食品酒水,食品饮料,同SKU多件,1,45.00,1,0,1,0,0,5.67,1,1,1,1,0,0,0,0,0,0,0
2017-11,美妆个护,香水香氛,单件,277,30144.37,272,0,274,25,27,3830.26,272,277,41,1131,5,1,1,2,1,0,16
2017-11,美妆个护,香水香氛,单商家多SKU,7,632.52,6,0,6,1,1,61.56,6,7,4,20,2,0,0,0,2,0,0
2017-11,美妆个护,香水香氛,同SKU多件,8,975.12,8,0,8,0,0,74.75,8,8,3,25,2,0,0,0,2,0,0
2017-11,家居家纺,鲜花绿植,单件,5,165.00,5,0,5,1,0,60.17,5,5,0,22,0,0,0,0,0,0,0
2017-11,家居家纺,鲜花绿植,单商家多SKU,1,43.20,1,0,1,0,0,12.01,1,1,0,4,0,0,0,0,0,0,0
2017-12,图书文娱,专业图书,单件,4,670.69,4,0,4,0,0,90.92,4,4,1,16,0,0,0,0,0,0,0
2017-12,图书文娱,乐器,单件,40,10325.50,40,0,40,6,8,775.47,40,38,7,149,1,0,1,0,0,0,2
2017-12,图书文娱,乐器,同SKU多件,1,498.00,1,0,1,0,0,6.02,1,1,0,5,0,0,0,0,0,0,0
2017-12,汽配工具,五金工具,单件,6,349.40,6,0,6,0,0,111.77,6,6,1,24,1,0,0,1,0,0,0
2017-12,服饰鞋包,内衣泳装,单件,13,1173.10,13,0,13,1,0,192.70,13,13,2,55,0,0,0,0,0,0,0
2017-12,其他,农业工商,单件,7,4229.90,7,0,7,0,0,95.18,7,7,0,31,0,0,0,0,0,0,0
2017-12,其他,农业工商,同SKU多件,2,1061.80,2,0,2,1,0,21.03,2,2,0,10,0,0,0,0,0,0,0
2017-12,家居家纺,办公家具,单件,35,5826.71,34,0,34,18,5,988.75,34,34,7,119,1,0,0,1,0,0,2
2017-12,家居家纺,办公家具,单商家多SKU,1,479.91,1,0,1,1,0,29.11,1,1,1,1,1,0,0,0,1,0,0
2017-12,家居家纺,办公家具,同SKU多件,3,657.74,3,0,3,2,0,59.70,3,3,0,13,1,0,0,0,1,0,0
2017-12,家居家纺,卧室家具,单件,1,185.00,1,0,1,0,0,16.97,1,1,0,5,0,0,0,0,0,0,0
2017-12,家居家纺,厨房餐厅庭院家具,单件,14,3627.54,14,0,14,2,1,179.90,14,14,1,56,2,0,1,0,2,0,0
2017-12,家居家纺,厨房餐厅庭院家具,同SKU多件,2,649.76,2,0,2,0,0,21.71,2,2,0,8,0,0,0,0,0,0,0
2017-12,汽配工具,园林建材,单件,5,807.00,5,0,5,1,1,91.05,5,5,1,20,0,0,0,0,0,0,0
2017-12,汽配工具,园林建材,多商家,1,171.89,1,0,1,0,0,14.44,1,1,0,5,0,0,0,0,0,0,0
2017-12,汽配工具,园艺工具,单件,199,19641.61,197,1,197,2,21,3545.67,197,197,22,827,4,0,1,2,1,0,10
2017-12,汽配工具,园艺工具,单商家多SKU,3,485.50,3,0,3,0,0,46.94,3,3,1,11,1,0,0,0,1,0,0
2017-12,汽配工具,园艺工具,同SKU多件,39,7281.63,39,0,39,1,3,707.53,39,38,11,135,6,0,0,0,6,0,1
2017-12,汽配工具,园艺工具,多商家,3,343.80,3,0,3,0,0,41.17,3,3,1,9,2,0,0,0,2,0,1
2017-12,3C数码,固定电话,单件,5,998.77,5,0,5,1,0,57.87,5,5,0,22,0,0,0,0,0,0,0
2017-12,家居家纺,圣诞用品,单件,13,455.80,13,0,13,0,0,218.96,13,12,1,51,0,0,0,0,0,0,1
2017-12,家居家纺,圣诞用品,同SKU多件,1,38.10,1,0,1,0,0,8.25,1,1,0,5,0,0,0,0,0,0,0
2017-12,图书文娱,大众图书,单件,34,2069.60,33,1,33,1,2,411.65,33,34,2,157,0,0,0,0,0,0,1
2017-12,图书文娱,大众图书,单商家多SKU,2,133.80,2,0,2,0,0,17.37,2,2,1,6,1,0,0,0,1,0,1
2017-12,图书文娱,大众图书,同SKU多件,1,119.70,1,0,1,0,0,19.41,1,1,0,5,0,0,0,0,0,0,0
2017-12,图书文娱,大众图书,多商家,1,106.90,1,0,1,0,0,14.76,1,1,0,5,0,0,0,0,0,0,0
2017-12,母婴玩具,婴童用品,单件,132,19451.44,128,0,131,31,19,2401.64,128,129,26,495,6,0,3,1,3,1,9
2017-12,母婴玩具,婴童用品,同SKU多件,4,289.76,4,0,4,0,0,27.71,4,4,2,13,1,0,0,0,1,0,1
2017-12,母婴玩具,婴童用品,多商家,2,279.22,2,0,2,0,0,41.43,2,2,2,3,0,0,0,0,0,0,2
2017-12,汽配工具,安防工具,单件,7,1384.92,7,0,7,0,0,92.91,7,7,1,27,0,0,0,0,0,0,0
2017-12,宠物,宠物用品,单件,67,6465.64,65,0,66,13,6,1036.23,65,66,8,282,1,0,0,1,0,0,3
2017-12,宠物,宠物用品,单商家多SKU,3,449.58,3,0,3,0,1,47.57,3,3,1,10,1,0,0,0,1,0,0
2017-12,宠物,宠物用品,同SKU多件,1,342.00,1,0,1,0,0,3.15,1,1,0,5,0,0,0,0,0,0,0
2017-12,家居家纺,客厅家具,单件,12,1849.81,12,0,12,3,1,229.09,12,12,1,53,1,0,1,0,0,0,0
2017-12,家居家纺,客厅家具,单商家多SKU,2,227.50,2,0,2,1,0,38.31,2,2,0,9,0,0,0,0,0,0,0
2017-12,家居家纺,客厅家具,同SKU多件,1,183.80,1,0,1,1,0,16.53,1,1,1,1,1,0,0,0,1,0,0
2017-12,家居家纺,家具软装,单件,257,24040.17,247,0,255,20,16,3666.60,247,254,37,1050,7,0,3,1,1,2,9
2017-12,家居家纺,家具软装,单商家多SKU,7,820.05,7,0,7,2,1,105.87,7,7,3,21,3,0,0,0,3,0,0
2017-12,家居家纺,家具软装,同SKU多件,40,5992.15,39,0,40,3,4,500.04,39,39,13,132,6,0,2,1,5,0,1
2017-12,家居家纺,家具软装,多商家,7,1112.28,7,0,7,0,1,102.49,7,7,4,19,2,0,0,1,2,0,2
2017-12,家居家纺,家庭日用,单件,212,21292.65,207,0,210,20,15,2974.90,207,210,31,851,4,0,2,1,0,1,7
2017-12,家居家纺,家庭日用,单商家多SKU,6,846.39,6,0,6,0,0,82.87,6,6,2,20,1,0,0,0,1,0,0
2017-12,家居家纺,家庭日用,同SKU多件,24,3468.56,23,0,23,8,0,251.93,23,24,10,78,6,0,1,1,5,0,2
2017-12,家居家纺,家庭日用,多商家,5,464.65,5,0,5,0,0,58.21,5,5,2,16,0,0,0,0,0,0,1
2017-12,家用电器,家用电器,单件,16,1331.00,16,0,16,5,1,294.86,16,16,1,67,0,0,0,0,0,0,1
2017-12,家用电器,家用电器2,单件,8,1990.16,8,0,8,0,1,133.24,8,8,1,33,0,0,0,0,0,0,1
2017-12,汽配工具,家装建材,单件,20,4734.85,19,0,19,7,2,308.69,19,20,3,76,2,0,0,0,2,0,0
2017-12,汽配工具,家装建材,单商家多SKU,2,1122.70,2,0,2,1,0,24.84,2,2,0,10,0,0,0,0,0,0,0
2017-12,汽配工具,家装建材,同SKU多件,6,798.40,6,0,6,2,0,80.53,6,6,0,24,2,0,0,0,2,0,1
2017-12,汽配工具,家装建材,多商家,1,336.90,1,0,1,0,0,4.86,1,1,0,3,0,0,0,0,0,0,0
2017-12,家用电器,小家电,单件,27,8826.77,25,0,25,1,1,293.15,25,27,5,107,0,0,0,0,0,0,2
2017-12,家用电器,小家电,单商家多SKU,1,87.00,1,0,1,0,0,9.21,1,1,1,1,1,0,0,0,1,0,0
2017-12,家居家纺,居家舒适,单件,11,1682.00,11,0,11,2,1,176.62,11,11,1,43,0,0,0,0,0,0,2
2017-12,家居家纺,居家舒适,单商家多SKU,2,353.60,2,0,2,1,0,30.13,2,2,0,7,0,0,0,0,0,0,0
2017-12,家居家纺,居家舒适,多商家,1,444.90,1,0,1,0,0,6.23,1,1,0,3,0,0,0,0,0,0,0
2017-12,其他,工商业用品,单件,9,1828.50,9,0,9,0,1,128.68,9,9,2,34,0,0,0,0,0,0,1
2017-12,其他,平台综合,单件,10,587.56,10,0,10,2,0,142.00,10,9,1,42,0,0,0,0,0,0,0
2017-12,其他,平台综合,同SKU多件,1,39.80,1,0,1,0,0,9.20,1,1,0,5,0,0,0,0,0,0,0
2017-12,3C数码,平板打印,单件,6,419.40,6,0,6,0,0,33.62,6,6,0,28,0,0,0,0,0,0,0
2017-12,家居家纺,床品布艺卫浴,单件,410,38180.94,406,0,409,61,35,6578.41,406,405,68,1626,12,0,9,6,0,0,22
2017-12,家居家纺,床品布艺卫浴,单商家多SKU,17,3762.47,16,0,17,3,0,272.60,16,17,7,53,4,0,0,0,4,0,2
2017-12,家居家纺,床品布艺卫浴,同SKU多件,30,5467.59,30,0,30,4,5,504.33,30,30,10,107,4,0,0,1,3,0,3
2017-12,家居家纺,床品布艺卫浴,多商家,15,2673.70,15,0,15,0,2,210.02,15,15,8,41,4,0,0,0,4,0,2
2017-12,家居家纺,床垫沙发,单件,8,803.70,8,0,8,0,0,60.61,8,8,1,36,0,0,0,0,0,0,1
2017-12,汽配工具,建筑工具,单件,18,4198.35,18,0,18,4,3,318.29,18,18,4,70,2,0,1,0,1,0,0
2017-12,汽配工具,建筑工具,单商家多SKU,1,1384.00,1,0,1,1,1,57.69,1,1,1,2,0,0,0,0,0,0,1
2017-12,汽配工具,建筑工具,同SKU多件,2,160.00,2,0,2,0,0,28.31,2,2,1,6,0,0,0,0,0,0,0
2017-12,图书文娱,影视光碟,单件,1,119.90,1,0,1,0,0,15.84,1,1,0,4,0,0,0,0,0,0,0
2017-12,3C数码,影音设备,单件,17,2686.93,17,0,17,0,2,235.57,17,17,3,71,1,0,1,0,0,0,0
2017-12,3C数码,手机通讯,单件,227,11275.61,220,0,223,13,10,3075.75,220,224,31,915,11,0,8,3,0,0,4
2017-12,3C数码,手机通讯,单商家多SKU,5,358.51,5,0,5,1,0,54.68,5,5,2,19,1,0,1,0,1,0,0
2017-12,3C数码,手机通讯,同SKU多件,10,1797.10,10,0,10,1,0,119.60,10,10,2,35,2,0,0,0,2,0,1
2017-12,3C数码,手机通讯,多商家,1,129.80,1,0,1,0,0,16.20,1,1,0,4,0,0,0,0,0,0,0
2017-12,图书文娱,文具,单件,211,22981.10,210,0,210,24,16,3287.10,210,210,24,883,5,0,4,2,0,0,6
2017-12,图书文娱,文具,单商家多SKU,6,1145.80,6,0,6,2,1,138.70,6,6,4,12,0,0,0,0,0,0,0
2017-12,图书文娱,文具,同SKU多件,12,1368.20,11,0,11,0,1,162.41,11,12,6,38,4,0,0,0,4,0,3
2017-12,图书文娱,文具,多商家,1,229.80,1,0,1,0,0,7.72,1,1,1,1,1,0,0,0,1,0,1
2017-12,服饰鞋包,旅行箱包,单件,43,5817.41,42,0,43,1,1,575.08,42,43,3,185,0,0,0,0,0,0,0
2017-12,服饰鞋包,旅行箱包,单商家多SKU,1,132.80,1,0,1,0,0,11.40,1,1,0,4,0,0,0,0,0,0,0
2017-12,服饰鞋包,旅行箱包,同SKU多件,1,298.00,1,0,1,0,0,5.67,1,1,0,5,0,0,0,0,0,0,0
2017-12,未知,无商品明细,无商品明细,49,0.00,0,47,0,0,0,,0,45,38,73,0,0,0,0,0,0,8
2017-12,未知,未知品类,单件,129,15408.04,125,0,128,28,10,1889.41,125,128,35,465,13,4,8,2,0,0,10
2017-12,未知,未知品类,同SKU多件,6,766.59,5,0,5,1,0,36.24,5,5,4,9,1,0,0,0,1,0,1
2017-12,汽配工具,标识安防,单件,2,770.00,2,0,2,0,0,15.74,2,2,0,10,0,0,0,0,0,0,0
2017-12,汽配工具,汽车用品,单件,225,35528.43,220,0,224,35,21,3662.91,220,223,40,879,8,0,0,5,3,0,10
2017-12,汽配工具,汽车用品,单商家多SKU,5,1308.23,5,0,5,0,0,53.72,5,4,1,15,1,0,0,0,1,0,0
2017-12,汽配工具,汽车用品,同SKU多件,11,2401.08,11,0,11,0,0,140.06,11,10,1,44,1,0,0,1,1,0,0
2017-12,家居家纺,派对用品,单件,2,515.20,2,0,2,0,0,18.07,2,2,0,10,0,0,0,0,0,0,0
2017-12,3C数码,游戏主机,单件,83,8772.41,82,0,82,8,7,1390.02,82,83,10,350,2,0,0,2,0,0,3
2017-12,3C数码,游戏主机,单商家多SKU,1,49.00,1,0,1,0,0,10.44,1,1,0,5,0,0,0,0,0,0,0
2017-12,3C数码,游戏主机,同SKU多件,4,253.60,4,0,4,0,0,35.88,4,4,1,14,1,0,0,0,1,0,0
2017-12,钟表与潮流好物,潮流好物,单件,218,37059.81,214,1,217,10,18,3460.55,214,213,30,884,6,1,3,1,1,2,10
2017-12,钟表与潮流好物,潮流好物,单商家多SKU,1,59.95,1,0,1,0,0,5.94,1,1,0,5,0,0,0,0,0,0,0
2017-12,钟表与潮流好物,潮流好物,同SKU多件,10,1444.58,10,0,10,0,1,133.80,10,10,4,30,2,1,1,0,0,0,1
2017-12,钟表与潮流好物,潮流好物,多商家,4,415.66,4,0,4,0,0,41.09,4,4,2,13,0,0,0,0,0,0,1
2017-12,母婴玩具,玩具,单件,401,53623.51,394,0,396,76,36,5972.83,394,395,74,1573,15,0,7,8,1,1,18
2017-12,母婴玩具,玩具,单商家多SKU,7,1275.03,7,0,7,1,1,124.12,7,7,1,27,3,0,0,1,3,0,1
2017-12,母婴玩具,玩具,同SKU多件,12,2191.60,11,1,11,6,2,214.01,11,12,6,31,2,0,0,0,2,1,3
2017-12,母婴玩具,玩具,多商家,1,238.99,1,0,1,0,0,15.77,1,1,0,4,0,0,0,0,0,0,0
2017-12,3C数码,电子产品,单件,175,7640.54,174,0,175,9,11,2555.58,174,175,18,735,7,0,6,1,0,0,7
2017-12,3C数码,电子产品,单商家多SKU,1,53.10,1,0,1,0,0,12.08,1,1,1,1,0,0,0,0,0,0,0
2017-12,3C数码,电子产品,同SKU多件,13,774.17,13,0,13,0,1,196.58,13,13,6,39,4,0,0,1,3,0,1
2017-12,3C数码,电子产品,多商家,1,69.70,1,0,1,0,0,9.87,1,1,0,5,0,0,0,0,0,0,0
2017-12,3C数码,电脑整机,单件,16,11066.00,16,0,16,4,2,336.69,16,15,3,52,0,0,0,0,0,0,0
2017-12,3C数码,电脑整机,同SKU多件,3,5675.00,3,0,3,1,0,39.19,3,3,1,10,1,0,1,0,0,0,0
2017-12,3C数码,电脑配件,单件,228,31109.29,225,0,227,26,18,3810.17,225,225,31,924,9,1,5,1,1,1,7
2017-12,3C数码,电脑配件,单商家多SKU,3,381.17,3,0,3,0,0,28.19,3,3,1,10,1,0,0,0,1,0,1
2017-12,3C数码,电脑配件,同SKU多件,19,6345.39,19,0,19,6,2,332.91,19,19,6,65,4,0,1,0,3,0,1
2017-12,服饰鞋包,男装,单件,4,450.89,4,0,4,1,0,56.17,4,4,0,15,2,0,0,2,0,0,0
2017-12,家用电器,空调冷暖,单件,3,668.80,3,0,3,0,0,28.93,3,3,0,13,0,0,0,0,0,0,0
2017-12,服饰鞋包,箱包配饰,单件,115,8988.47,114,0,115,9,5,1507.66,114,115,11,495,4,0,3,2,0,0,2
2017-12,服饰鞋包,箱包配饰,单商家多SKU,5,536.89,5,0,5,0,0,50.23,5,5,1,19,1,0,0,0,1,0,1
2017-12,服饰鞋包,箱包配饰,同SKU多件,1,99.80,1,0,1,0,0,28.22,1,1,0,4,0,0,0,0,0,0,0
2017-12,服饰鞋包,箱包配饰,多商家,3,423.60,3,0,3,0,0,22.91,3,3,3,3,1,0,0,0,1,0,0
2017-12,母婴玩具,纸尿裤卫生,同SKU多件,1,76.00,1,0,1,1,0,16.10,1,1,1,1,1,0,0,0,1,0,0
2017-12,美妆个护,美妆健康,单件,401,56445.55,395,0,398,23,22,5665.51,395,400,47,1684,11,1,2,7,2,0,11
2017-12,美妆个护,美妆健康,单商家多SKU,6,817.18,6,0,6,1,0,40.14,6,6,0,29,0,0,0,0,0,0,0
2017-12,美妆个护,美妆健康,同SKU多件,20,3644.23,20,0,20,1,1,290.97,20,19,6,63,5,0,1,0,4,0,0
2017-12,美妆个护,美妆健康,多商家,3,282.19,3,0,3,0,0,41.82,3,3,1,9,1,0,0,0,1,0,0
2017-12,家居家纺,艺术品,单件,2,109.90,2,0,2,0,0,9.80,2,2,0,10,0,0,0,0,0,0,0
2017-12,运动户外,运动休闲,单件,401,50544.72,392,1,399,43,29,6145.71,392,398,44,1662,5,0,2,2,2,0,13
2017-12,运动户外,运动休闲,单商家多SKU,8,2838.56,8,0,8,2,1,99.03,8,8,0,32,1,0,0,0,1,0,1
2017-12,运动户外,运动休闲,同SKU多件,25,5036.34,25,0,25,3,2,366.24,25,25,6,90,3,0,0,0,3,0,1
2017-12,运动户外,运动休闲,多商家,5,1553.04,5,0,5,0,0,54.68,5,5,2,16,1,0,0,0,1,0,1
2017-12,服饰鞋包,运动服饰,单件,1,59.90,1,0,1,0,0,15.97,1,1,0,5,0,0,0,0,0,0,0
2017-12,图书文娱,进口图书,单件,3,231.00,3,0,3,2,0,48.66,3,3,0,10,0,0,0,0,0,0,0
2017-12,食品酒水,酒水饮料,单件,29,2033.75,29,0,29,2,1,333.38,29,29,1,126,0,0,0,0,0,0,0
2017-12,食品酒水,酒水饮料,同SKU多件,1,79.60,1,0,1,0,0,12.13,1,1,0,3,0,0,0,0,0,0,0
2017-12,钟表与潮流好物,钟表礼品,单件,327,68668.60,315,0,319,12,22,4644.68,315,325,45,1324,10,1,3,4,1,2,15
2017-12,钟表与潮流好物,钟表礼品,单商家多SKU,8,753.50,8,0,8,0,0,62.40,8,7,1,26,2,0,0,0,2,0,1
2017-12,钟表与潮流好物,钟表礼品,同SKU多件,7,1501.00,6,1,6,0,0,55.49,6,7,3,22,2,0,1,0,1,0,0
2017-12,钟表与潮流好物,钟表礼品,多商家,4,834.42,4,0,4,0,0,38.33,4,4,2,13,2,0,0,0,2,0,1
2017-12,服饰鞋包,鞋靴,单件,11,985.40,11,0,11,1,0,190.79,11,11,2,45,0,0,0,0,0,0,1
2017-12,服饰鞋包,鞋靴,单商家多SKU,1,113.60,1,0,1,0,0,13.99,1,1,0,5,0,0,0,0,0,0,0
2017-12,图书文娱,音乐CD/DVD,单件,1,65.00,1,0,1,0,0,8.82,1,1,0,5,0,0,0,0,0,0,0
2017-12,食品酒水,食品,单件,11,807.28,10,0,10,1,0,105.02,10,11,1,46,0,0,0,0,0,0,1
2017-12,食品酒水,食品,同SKU多件,1,170.91,1,0,1,0,0,12.07,1,0,0,0,0,0,0,0,0,0,0
2017-12,食品酒水,食品饮料,单件,16,867.10,15,0,16,0,0,194.13,15,16,1,71,0,0,0,0,0,0,0
2017-12,食品酒水,食品饮料,单商家多SKU,1,159.98,1,0,1,1,0,22.15,1,1,0,5,0,0,0,0,0,0,0
2017-12,食品酒水,食品饮料,同SKU多件,2,71.60,2,0,2,0,0,24.40,2,2,0,10,0,0,0,0,0,0,0
2017-12,美妆个护,香水香氛,单件,224,27212.72,216,0,219,17,9,3087.54,216,224,29,942,8,1,4,2,1,1,6
2017-12,美妆个护,香水香氛,单商家多SKU,3,280.94,3,0,3,0,0,52.17,3,3,3,3,1,0,0,0,1,0,2
2017-12,美妆个护,香水香氛,同SKU多件,4,317.97,4,0,4,0,0,69.00,4,4,1,15,1,0,0,0,1,0,0
2017-12,家居家纺,鲜花绿植,单件,2,82.70,2,0,2,1,0,41.26,2,2,0,10,0,0,0,0,0,0,0
2018-01,图书文娱,专业图书,单件,15,1021.55,15,0,15,0,0,131.57,15,15,0,72,0,0,0,0,0,0,0
2018-01,图书文娱,专业图书,单商家多SKU,1,155.00,1,0,1,0,0,18.07,1,1,0,5,0,0,0,0,0,0,0
2018-01,图书文娱,乐器,单件,49,15182.68,47,1,48,5,2,643.42,47,49,6,208,1,0,1,0,0,0,0
2018-01,图书文娱,乐器,单商家多SKU,1,208.80,1,0,1,0,0,4.82,1,1,1,1,1,0,0,1,0,0,0
2018-01,图书文娱,乐器,同SKU多件,1,114.00,1,0,1,0,0,10.02,1,1,0,4,0,0,0,0,0,0,0
2018-01,汽配工具,五金工具,单件,8,532.30,8,0,8,1,1,142.70,8,7,1,27,1,0,0,0,1,0,0
2018-01,服饰鞋包,内衣泳装,单件,8,754.50,8,0,8,1,0,93.94,8,8,0,35,0,0,0,0,0,0,0
2018-01,其他,农业工商,单件,14,5761.44,14,0,14,1,0,210.69,14,14,2,61,0,0,0,0,0,0,0
2018-01,其他,农业工商,同SKU多件,1,92.00,1,0,1,0,0,7.97,1,1,0,5,0,0,0,0,0,0,0
2018-01,家居家纺,办公家具,单件,80,12578.11,79,0,80,34,3,2220.74,79,80,20,283,10,0,6,3,3,1,4
2018-01,家居家纺,办公家具,单商家多SKU,3,1236.75,3,0,3,1,1,108.49,3,3,1,11,0,0,0,0,0,0,0
2018-01,家居家纺,办公家具,同SKU多件,23,6638.45,22,0,22,12,3,780.97,22,22,9,60,3,0,0,0,3,0,6
2018-01,家居家纺,卧室家具,单件,4,734.90,4,0,4,0,0,45.01,4,4,1,15,0,0,0,0,0,0,0
2018-01,家居家纺,卧室家具,多商家,1,202.80,1,0,1,0,0,9.87,1,1,0,3,0,0,0,0,0,0,0
2018-01,家居家纺,厨具,单件,1,112.00,1,0,1,0,0,8.86,1,1,0,5,0,0,0,0,0,0,0
2018-01,家居家纺,厨房餐厅庭院家具,单件,19,4628.50,19,0,19,4,1,307.56,19,19,1,84,1,0,1,0,0,1,0
2018-01,家居家纺,厨房餐厅庭院家具,同SKU多件,1,210.00,1,0,1,0,0,11.13,1,1,0,5,0,0,0,0,0,0,0
2018-01,汽配工具,园林建材,单件,18,2365.98,18,0,18,2,0,266.82,18,18,0,82,0,0,0,0,0,0,0
2018-01,汽配工具,园林建材,同SKU多件,3,1562.00,3,0,3,0,0,43.33,3,3,0,12,0,0,0,0,0,0,0
2018-01,汽配工具,园艺工具,单件,178,23486.45,176,1,178,5,7,2623.78,176,177,13,773,4,0,3,0,1,0,8
2018-01,汽配工具,园艺工具,单商家多SKU,3,726.80,3,0,3,0,0,25.35,3,3,0,15,0,0,0,0,0,0,0
2018-01,汽配工具,园艺工具,同SKU多件,22,2823.79,21,0,21,3,2,370.79,21,22,10,66,4,0,0,1,3,0,2
2018-01,汽配工具,园艺工具,多商家,1,33.40,1,0,1,0,0,8.33,1,1,1,1,1,0,0,0,1,0,1
2018-01,3C数码,固定电话,单件,10,2444.10,10,0,10,2,2,178.37,10,10,2,41,0,0,0,0,0,0,0
2018-01,家居家纺,圣诞用品,单件,8,661.50,8,0,8,3,0,134.25,8,8,0,37,1,0,0,1,0,0,0
2018-01,家居家纺,圣诞用品,同SKU多件,1,190.00,1,0,1,0,0,20.16,1,1,1,1,1,0,1,0,1,0,0
2018-01,图书文娱,大众图书,单件,37,1898.50,36,0,37,4,1,421.73,36,37,0,180,0,0,0,0,0,0,0
2018-01,图书文娱,大众图书,单商家多SKU,3,261.70,3,0,3,0,0,23.59,3,3,1,12,0,0,0,0,0,0,0
2018-01,服饰鞋包,女装,单件,3,161.79,3,0,3,1,0,24.70,3,3,0,15,0,0,0,0,0,0,0
2018-01,母婴玩具,婴童用品,单件,195,28261.79,193,1,194,29,24,3562.89,193,193,39,758,9,0,2,6,1,1,9
2018-01,母婴玩具,婴童用品,单商家多SKU,5,699.12,5,0,5,1,0,54.31,5,5,1,21,1,0,1,0,1,0,1
2018-01,母婴玩具,婴童用品,同SKU多件,2,227.80,1,0,2,0,0,21.07,1,2,1,6,0,0,0,0,0,0,0
2018-01,母婴玩具,婴童用品,多商家,4,556.98,4,0,4,0,0,34.28,4,4,4,4,4,0,1,0,3,1,3
2018-01,汽配工具,安防工具,单件,6,1609.63,6,0,6,0,0,87.24,6,6,1,22,0,0,0,0,0,0,1
2018-01,汽配工具,安防工具,同SKU多件,2,419.36,2,0,2,0,0,37.05,2,2,0,9,0,0,0,0,0,0,0
2018-01,宠物,宠物用品,单件,67,8973.07,66,0,67,4,1,879.03,66,67,7,281,1,0,1,1,0,0,2
2018-01,宠物,宠物用品,单商家多SKU,1,77.40,1,0,1,0,0,7.27,1,1,0,4,0,0,0,0,0,0,0
2018-01,宠物,宠物用品,同SKU多件,7,1545.71,7,0,7,0,0,95.24,7,7,2,25,1,0,0,1,1,0,0
2018-01,宠物,宠物用品,多商家,2,289.78,2,0,2,1,0,22.35,2,1,0,3,1,0,0,0,1,0,1
2018-01,家居家纺,客厅家具,单件,21,2208.11,21,0,21,1,1,282.34,21,21,1,92,0,0,0,0,0,0,0
2018-01,家居家纺,家具软装,单件,387,41358.20,378,4,387,47,22,5501.31,378,384,48,1582,10,1,3,4,3,0,15
2018-01,家居家纺,家具软装,单商家多SKU,10,1601.39,10,0,10,0,0,118.31,10,10,5,28,4,0,1,1,3,0,0
2018-01,家居家纺,家具软装,同SKU多件,68,11087.11,66,0,66,8,3,872.22,66,67,15,249,9,0,0,1,8,0,1
2018-01,家居家纺,家具软装,多商家,8,1133.49,8,0,8,0,0,74.27,8,8,4,22,1,0,1,0,0,0,2
2018-01,家居家纺,家庭日用,单件,294,32485.65,291,1,293,47,18,3967.90,291,292,37,1210,13,0,6,5,2,0,7
2018-01,家居家纺,家庭日用,单商家多SKU,2,228.00,2,0,2,0,0,24.02,2,2,0,8,0,0,0,0,0,0,0
2018-01,家居家纺,家庭日用,同SKU多件,21,5051.23,19,1,20,1,1,285.49,19,21,8,72,4,0,0,2,3,0,3
2018-01,家居家纺,家庭日用,多商家,3,393.98,3,0,3,0,0,31.17,3,3,0,14,0,0,0,0,0,0,0
2018-01,家用电器,家用电器,单件,26,1767.05,25,0,26,10,0,340.51,25,26,4,107,2,0,0,2,0,0,0
2018-01,家用电器,家用电器,同SKU多件,1,28.00,1,0,1,0,0,2.06,1,1,0,5,0,0,0,0,0,0,0
2018-01,家用电器,家用电器2,单件,11,8550.30,11,0,11,3,0,151.53,11,11,1,47,1,0,0,0,1,0,0
2018-01,家用电器,家用电器2,同SKU多件,1,79.80,1,0,1,1,0,18.81,1,1,0,5,0,0,0,0,0,0,0
2018-01,汽配工具,家装建材,单件,19,3363.15,19,0,19,5,2,436.93,19,19,3,75,1,0,0,1,1,0,1
2018-01,汽配工具,家装建材,单商家多SKU,1,79.80,0,0,1,1,0,,0,1,1,1,0,0,0,0,0,0,0
2018-01,汽配工具,家装建材,同SKU多件,7,1804.63,7,0,7,4,2,147.28,7,7,2,27,0,0,0,0,0,0,0
2018-01,汽配工具,家装建材,多商家,1,779.90,1,0,1,0,0,23.81,1,1,1,1,1,0,0,0,1,0,0
2018-01,家用电器,小家电,单件,49,13988.76,47,0,48,7,2,665.25,47,49,5,212,3,0,3,0,0,0,1
2018-01,家用电器,小家电,同SKU多件,3,1462.00,3,0,3,0,0,61.95,3,3,0,14,0,0,0,0,0,0,0
2018-01,家居家纺,居家舒适,单件,15,2647.36,15,0,15,0,0,214.99,15,15,1,64,0,0,0,0,0,0,0
2018-01,家居家纺,居家舒适,多商家,1,292.90,1,0,1,0,0,19.80,1,1,1,1,0,0,0,0,0,0,0
2018-01,其他,工商业用品,单件,15,3482.40,14,0,15,1,0,185.58,14,15,1,68,0,0,0,0,0,0,0
2018-01,其他,工商业用品,同SKU多件,1,179.60,1,0,1,0,0,5.94,1,1,1,2,0,0,0,0,0,0,0
2018-01,其他,平台综合,单件,7,281.90,7,0,7,1,0,73.91,7,7,0,34,0,0,0,0,0,0,0
2018-01,其他,平台综合,单商家多SKU,1,47.88,1,0,1,1,0,9.23,1,1,0,5,0,0,0,0,0,0,0
2018-01,其他,平台综合,同SKU多件,1,60.00,1,0,1,0,0,2.04,1,1,0,5,0,0,0,0,0,0,0
2018-01,3C数码,平板打印,单件,2,106.90,2,0,2,1,1,48.96,2,2,0,8,0,0,0,0,0,0,0
2018-01,3C数码,平板打印,单商家多SKU,1,106.90,1,0,1,1,0,8.22,1,1,0,5,0,0,0,0,0,0,0
2018-01,家居家纺,床品布艺卫浴,单件,581,53676.30,573,2,580,57,31,7761.82,573,573,77,2362,15,0,10,3,2,0,20
2018-01,家居家纺,床品布艺卫浴,单商家多SKU,44,9520.94,43,0,44,6,1,487.12,43,44,11,156,6,0,1,0,5,0,1
2018-01,家居家纺,床品布艺卫浴,同SKU多件,44,9337.76,43,0,44,3,0,508.34,43,44,8,171,5,0,0,0,5,0,5
2018-01,家居家纺,床品布艺卫浴,多商家,26,4501.48,26,0,26,1,0,279.12,26,26,16,56,9,0,0,1,8,0,10
2018-01,家居家纺,床垫沙发,单件,9,860.50,9,0,9,2,0,84.91,9,9,1,39,0,0,0,0,0,0,1
2018-01,汽配工具,建筑工具,单件,33,6697.19,33,0,33,3,3,483.88,33,32,5,131,1,0,1,0,0,0,3
2018-01,汽配工具,建筑工具,单商家多SKU,4,668.09,4,0,4,0,0,50.66,4,4,1,16,1,0,0,0,1,0,0
2018-01,汽配工具,建筑工具,同SKU多件,2,1467.10,2,0,2,0,0,13.07,2,2,0,8,0,0,0,0,0,0,0
2018-01,汽配工具,建筑工具,多商家,1,831.80,1,0,1,0,0,8.38,1,1,0,5,0,0,0,0,0,0,0
2018-01,图书文娱,影视光碟,单件,2,49.80,2,0,2,0,0,37.25,2,2,0,10,0,0,0,0,0,0,0
2018-01,3C数码,影音设备,单件,24,3642.28,24,0,24,1,0,285.28,24,24,4,97,1,0,0,1,0,0,0
2018-01,3C数码,影音设备,同SKU多件,1,178.00,1,0,1,0,0,14.01,1,1,0,5,0,0,0,0,0,0,0
2018-01,3C数码,手机通讯,单件,323,13562.86,319,0,322,23,23,4799.25,319,321,46,1307,12,1,3,8,1,0,13
2018-01,3C数码,手机通讯,单商家多SKU,10,497.35,10,0,10,1,0,99.95,10,9,3,29,1,0,0,0,1,0,1
2018-01,3C数码,手机通讯,同SKU多件,10,539.00,10,0,10,1,2,159.32,10,10,7,21,3,0,0,1,2,0,2
2018-01,3C数码,手机通讯,多商家,3,182.86,3,0,3,0,0,42.81,3,3,2,8,0,0,0,0,0,0,0
2018-01,3C数码,摄影摄像,单件,2,199.98,2,0,2,0,0,6.92,2,2,0,10,0,0,0,0,0,0,0
2018-01,图书文娱,文具,单件,358,37562.79,348,4,353,70,18,5460.11,348,353,37,1498,9,0,3,6,0,0,10
2018-01,图书文娱,文具,单商家多SKU,6,1697.70,5,0,6,1,1,81.27,5,6,1,23,0,0,0,0,0,0,0
2018-01,图书文娱,文具,同SKU多件,8,1109.20,8,0,8,1,1,177.72,8,7,2,24,0,0,0,0,0,0,1
2018-01,图书文娱,文具,多商家,5,669.45,5,0,5,0,0,50.29,5,5,0,20,0,0,0,0,0,0,0
2018-01,服饰鞋包,旅行箱包,单件,119,18017.85,117,0,119,3,7,1275.28,117,119,15,500,2,0,1,1,0,0,2
2018-01,服饰鞋包,旅行箱包,单商家多SKU,1,110.80,1,0,1,0,0,9.08,1,1,0,5,0,0,0,0,0,0,0
2018-01,服饰鞋包,旅行箱包,同SKU多件,3,609.57,3,0,3,0,0,21.10,3,3,1,9,1,0,0,0,1,0,0
2018-01,未知,无商品明细,无商品明细,49,0.00,0,49,0,0,0,,0,47,39,72,0,0,0,0,0,0,18
2018-01,未知,未知品类,单件,171,20063.07,159,1,167,53,17,2319.85,159,169,46,617,21,12,6,6,3,0,10
2018-01,未知,未知品类,单商家多SKU,1,21.00,1,0,1,0,0,7.98,1,1,0,4,0,0,0,0,0,0,0
2018-01,未知,未知品类,同SKU多件,9,2147.59,8,0,9,4,0,89.21,8,9,5,24,4,3,0,0,1,0,1
2018-01,未知,未知品类,多商家,2,428.19,2,0,2,0,0,18.36,2,2,1,6,1,0,0,0,1,0,0
2018-01,汽配工具,标识安防,单件,6,628.79,6,0,6,0,0,51.20,6,6,0,27,0,0,0,0,0,0,0
2018-01,汽配工具,标识安防,同SKU多件,1,420.00,1,0,1,1,1,18.13,1,1,1,1,1,0,1,0,0,0,0
2018-01,汽配工具,汽车用品,单件,225,30158.09,224,1,225,13,13,2976.85,224,223,26,920,6,0,2,3,2,0,7
2018-01,汽配工具,汽车用品,单商家多SKU,7,1822.29,7,0,7,2,0,70.84,7,7,2,25,1,0,0,0,1,0,0
2018-01,汽配工具,汽车用品,同SKU多件,9,3143.84,9,0,9,0,1,133.87,9,9,2,36,1,0,0,0,1,0,1
2018-01,汽配工具,汽车用品,多商家,3,870.80,3,0,3,0,0,21.75,3,3,1,11,0,0,0,0,0,0,1
2018-01,家居家纺,派对用品,单件,2,135.80,2,0,2,0,0,31.19,2,2,1,7,1,0,0,0,1,0,0
2018-01,3C数码,游戏主机,单件,52,8145.18,49,0,49,7,1,822.66,49,51,7,199,1,0,1,0,0,0,3
2018-01,3C数码,游戏主机,同SKU多件,1,55.80,1,0,1,0,0,16.07,1,1,0,5,0,0,0,0,0,0,0
2018-01,钟表与潮流好物,潮流好物,单件,277,37801.24,273,1,276,7,11,3249.88,273,275,30,1154,10,0,5,3,3,1,9
2018-01,钟表与潮流好物,潮流好物,同SKU多件,6,1392.80,6,0,6,2,1,105.13,6,6,1,24,0,0,0,0,0,0,0
2018-01,钟表与潮流好物,潮流好物,多商家,3,662.83,3,0,3,0,0,39.45,3,3,3,3,1,0,0,0,1,0,0
2018-01,汽配工具,灯具照明,单件,5,1892.99,5,0,5,1,0,35.09,5,5,0,21,0,0,0,0,0,0,0
2018-01,汽配工具,灯具照明,同SKU多件,1,500.00,1,0,1,0,0,6.30,1,1,0,4,0,0,0,0,0,0,0
2018-01,家用电器,烤箱咖啡机,单件,1,369.99,1,0,1,0,0,6.20,1,1,0,5,0,0,0,0,0,0,0
2018-01,母婴玩具,玩具,单件,151,20866.03,147,0,150,10,10,1946.61,147,149,18,615,9,0,7,2,0,2,4
2018-01,母婴玩具,玩具,单商家多SKU,3,444.04,3,0,3,0,1,55.79,3,3,1,11,0,0,0,0,0,0,0
2018-01,母婴玩具,玩具,同SKU多件,3,657.68,3,0,3,1,0,27.37,3,3,1,12,1,0,0,0,1,0,0
2018-01,母婴玩具,玩具,多商家,1,104.90,1,0,1,0,0,7.10,1,1,1,1,0,0,0,0,0,0,0
2018-01,3C数码,电子产品,单件,299,14078.67,296,0,298,22,16,3891.63,296,297,38,1233,17,1,13,3,1,1,8
2018-01,3C数码,电子产品,单商家多SKU,2,68.35,2,0,2,0,0,20.19,2,2,1,7,1,0,0,0,1,0,0
2018-01,3C数码,电子产品,同SKU多件,18,1732.26,18,0,18,1,1,225.78,18,18,9,49,6,0,1,1,5,0,1
2018-01,3C数码,电子产品,多商家,3,117.40,3,0,3,0,0,29.94,3,3,2,8,1,0,0,0,1,0,0
2018-01,3C数码,电脑整机,单件,12,7450.00,11,0,12,1,1,174.64,11,12,2,47,0,0,0,0,0,0,0
2018-01,3C数码,电脑配件,单件,501,55856.38,482,8,497,31,20,6972.72,482,495,65,2014,15,2,6,6,1,0,21
2018-01,3C数码,电脑配件,单商家多SKU,18,4226.41,18,0,18,6,1,256.51,18,18,3,73,2,0,0,0,2,0,1
2018-01,3C数码,电脑配件,同SKU多件,58,18787.20,58,0,58,6,3,771.30,58,58,17,210,11,0,2,2,8,0,3
2018-01,3C数码,电脑配件,多商家,13,4276.46,13,0,13,0,0,141.65,13,13,9,27,7,0,1,0,6,0,2
2018-01,服饰鞋包,男装,单件,4,310.80,4,0,4,0,0,58.47,4,4,1,14,1,0,0,0,1,0,1
2018-01,服饰鞋包,男装,同SKU多件,1,239.80,1,0,1,1,0,14.98,1,1,0,5,0,0,0,0,0,0,0
2018-01,家用电器,空调冷暖,单件,15,1999.38,15,0,15,3,1,179.90,15,15,1,66,0,0,0,0,0,0,0
2018-01,家用电器,空调冷暖,同SKU多件,7,2675.36,7,0,7,2,1,137.45,7,7,2,25,1,0,0,0,1,0,1
2018-01,服饰鞋包,箱包配饰,单件,109,7232.12,109,0,109,11,7,1393.23,109,107,4,489,1,0,0,0,1,0,2
2018-01,服饰鞋包,箱包配饰,单商家多SKU,2,177.40,2,0,2,1,1,35.08,2,2,1,6,0,0,0,0,0,0,0
2018-01,服饰鞋包,箱包配饰,同SKU多件,3,368.30,3,0,3,0,0,24.97,3,3,0,13,0,0,0,0,0,0,0
2018-01,服饰鞋包,箱包配饰,多商家,2,213.80,2,0,2,0,0,11.83,2,2,1,4,1,0,0,0,1,0,1
2018-01,母婴玩具,纸尿裤卫生,同SKU多件,1,125.00,1,0,1,0,0,10.70,1,1,1,1,0,0,0,0,0,0,0
2018-01,美妆个护,美妆健康,单件,526,67142.77,517,2,523,28,30,6758.93,517,521,59,2203,11,0,2,7,1,1,15
2018-01,美妆个护,美妆健康,单商家多SKU,9,1207.81,9,0,9,1,0,97.60,9,9,2,32,2,0,0,0,2,0,1
2018-01,美妆个护,美妆健康,同SKU多件,31,3552.03,31,0,31,3,3,442.07,31,31,7,116,3,0,0,1,2,0,4
2018-01,美妆个护,美妆健康,多商家,5,616.88,5,0,5,0,0,44.97,5,5,4,9,1,0,0,0,1,0,2
2018-01,家居家纺,艺术品,单件,18,2400.78,18,0,18,2,1,253.20,18,18,4,65,0,0,0,0,0,0,0
2018-01,家居家纺,艺术品,多商家,1,239.89,1,0,1,0,0,3.46,1,1,1,1,0,0,0,0,0,0,1
2018-01,运动户外,运动休闲,单件,530,81781.83,520,2,524,48,34,7279.99,520,526,77,2150,16,0,4,7,5,0,25
2018-01,运动户外,运动休闲,单商家多SKU,5,531.60,5,0,5,0,0,67.37,5,5,2,15,2,0,0,0,2,0,0
2018-01,运动户外,运动休闲,同SKU多件,37,6757.44,36,0,36,4,0,451.65,36,36,12,124,8,0,1,0,7,0,3
2018-01,运动户外,运动休闲,多商家,6,1703.44,6,0,6,0,0,98.01,6,5,5,7,3,0,0,1,2,0,0
2018-01,服饰鞋包,运动服饰,单件,1,59.90,1,0,1,0,0,13.80,1,1,0,5,0,0,0,0,0,0,0
2018-01,图书文娱,进口图书,单件,6,583.00,6,0,6,1,0,44.69,6,6,2,23,1,0,0,0,1,0,1
2018-01,食品酒水,酒水饮料,单件,32,1682.64,32,0,32,9,1,427.01,32,32,1,139,0,0,0,0,0,0,0
2018-01,食品酒水,酒水饮料,单商家多SKU,1,64.49,1,0,1,0,0,6.57,1,1,1,1,0,0,0,0,0,0,1
2018-01,食品酒水,酒水饮料,同SKU多件,7,560.48,6,0,7,2,0,91.59,6,7,2,24,1,0,0,1,0,0,0
2018-01,钟表与潮流好物,钟表礼品,单件,314,69709.84,299,1,304,12,14,3876.83,299,310,39,1274,11,0,3,6,1,3,12
2018-01,钟表与潮流好物,钟表礼品,单商家多SKU,10,849.80,10,0,10,0,2,122.87,10,10,4,34,2,0,0,0,2,0,0
2018-01,钟表与潮流好物,钟表礼品,同SKU多件,7,3272.00,7,0,7,1,1,98.72,7,7,2,25,0,0,0,0,0,0,1
2018-01,钟表与潮流好物,钟表礼品,多商家,6,2043.50,6,0,6,0,0,51.38,6,6,3,17,0,0,0,0,0,0,3
2018-01,服饰鞋包,鞋靴,单件,6,412.00,6,0,6,1,1,104.63,6,6,2,23,1,0,0,1,0,0,0
2018-01,服饰鞋包,鞋靴,单商家多SKU,1,254.70,1,0,1,0,0,18.76,1,1,0,5,0,0,0,0,0,0,0
2018-01,图书文娱,音乐,单件,1,24.97,1,0,1,1,0,8.10,1,1,0,5,0,0,0,0,0,0,0
2018-01,食品酒水,食品,单件,18,748.61,17,0,17,1,3,327.97,17,18,4,66,1,0,0,1,0,0,1
2018-01,食品酒水,食品,同SKU多件,1,119.80,1,0,1,0,0,22.96,1,1,0,3,0,0,0,0,0,0,0
2018-01,食品酒水,食品饮料,单件,9,323.19,9,0,9,0,0,113.78,9,9,1,41,0,0,0,0,0,0,0
2018-01,食品酒水,食品饮料,同SKU多件,1,17.98,1,0,1,0,0,15.52,1,1,0,3,0,0,0,0,0,0,0
2018-01,美妆个护,香水香氛,单件,199,18173.61,193,2,199,6,16,2572.38,193,198,33,799,4,0,0,2,2,0,11
2018-01,美妆个护,香水香氛,单商家多SKU,6,389.23,6,0,6,1,1,73.00,6,6,3,18,1,0,0,0,1,0,0
2018-01,美妆个护,香水香氛,同SKU多件,6,1367.15,6,0,6,0,0,74.37,6,6,1,27,0,0,0,0,0,0,0
2018-01,美妆个护,香水香氛,多商家,1,198.90,1,0,1,0,0,6.06,1,1,1,1,1,0,0,0,1,0,1
2018-01,家居家纺,鲜花绿植,单件,4,98.40,4,0,4,0,1,63.30,4,4,1,16,0,0,0,0,0,0,1
2018-01,家居家纺,鲜花绿植,同SKU多件,3,186.20,3,0,3,0,0,27.25,3,2,0,9,0,0,0,0,0,0,0
2018-02,图书文娱,专业图书,单件,20,959.07,20,0,20,0,2,275.41,20,20,2,89,0,0,0,0,0,0,0
2018-02,图书文娱,专业图书,单商家多SKU,2,348.14,2,0,2,0,0,26.04,2,2,1,4,1,0,0,0,1,0,1
2018-02,图书文娱,专业图书,同SKU多件,1,104.00,1,0,1,0,0,6.21,1,1,1,1,1,0,0,0,1,0,0
2018-02,图书文娱,乐器,单件,36,8139.53,36,0,36,5,6,644.52,36,36,4,149,0,0,0,0,0,0,1
2018-02,图书文娱,乐器,同SKU多件,3,876.20,3,0,3,0,1,42.48,3,3,1,10,0,0,0,0,0,0,1
2018-02,汽配工具,五金工具,单件,10,1258.40,10,0,10,2,1,139.64,10,10,1,44,1,0,0,1,0,0,0
2018-02,汽配工具,五金工具,同SKU多件,1,59.80,1,0,1,0,0,14.79,1,0,0,0,0,0,0,0,0,0,0
2018-02,服饰鞋包,内衣泳装,单件,7,399.30,7,0,7,5,3,169.41,7,6,3,17,0,0,0,0,0,0,2
2018-02,其他,农业工商,单件,18,6182.80,17,0,17,3,3,295.35,17,18,4,68,0,0,0,0,0,0,2
2018-02,其他,农业工商,单商家多SKU,1,328.00,1,0,1,0,0,16.12,1,1,0,5,0,0,0,0,0,0,0
2018-02,其他,农业工商,同SKU多件,2,894.00,2,0,2,0,0,28.30,2,2,0,10,0,0,0,0,0,0,0
2018-02,家居家纺,办公家具,单件,56,9607.42,54,0,56,11,7,1352.65,54,55,15,191,4,0,1,0,3,0,4
2018-02,家居家纺,办公家具,单商家多SKU,3,1825.73,3,0,3,3,0,103.86,3,3,1,8,2,0,0,0,2,0,0
2018-02,家居家纺,办公家具,同SKU多件,12,6131.71,12,0,12,3,2,274.91,12,12,7,29,6,0,1,0,5,0,2
2018-02,家居家纺,办公家具,多商家,1,369.89,1,0,1,0,0,9.41,1,1,1,1,1,0,1,0,0,0,0
2018-02,家居家纺,卧室家具,单件,6,1041.80,5,0,6,2,0,76.58,5,6,1,25,0,0,0,0,0,0,0
2018-02,家居家纺,卧室家具,同SKU多件,1,53.00,1,0,1,0,0,7.44,1,1,0,5,0,0,0,0,0,0,0
2018-02,家居家纺,厨房餐厅庭院家具,单件,13,3517.46,12,1,12,2,2,206.73,12,13,4,47,1,0,1,1,0,0,2
2018-02,家居家纺,厨房餐厅庭院家具,同SKU多件,3,1167.80,3,0,3,0,0,22.37,3,3,0,14,0,0,0,0,0,0,0
2018-02,汽配工具,园林建材,单件,11,1065.37,11,0,11,3,2,179.10,11,11,0,50,0,0,0,0,0,0,0
2018-02,汽配工具,园林建材,单商家多SKU,2,268.88,2,0,2,1,0,24.04,2,2,1,6,1,0,0,0,1,0,0
2018-02,汽配工具,园林建材,同SKU多件,1,204.00,1,0,1,0,0,10.38,1,1,0,5,0,0,0,0,0,0,0
2018-02,汽配工具,园艺工具,单件,190,21052.19,187,1,190,41,25,3222.40,187,190,32,752,6,0,3,1,2,0,11
2018-02,汽配工具,园艺工具,单商家多SKU,10,1329.40,10,0,10,4,2,206.03,10,10,3,36,1,0,0,0,1,0,2
2018-02,汽配工具,园艺工具,同SKU多件,30,3977.74,30,0,30,12,4,519.41,30,30,12,97,8,0,2,0,7,0,2
2018-02,汽配工具,园艺工具,多商家,1,498.00,1,0,1,0,0,16.99,1,1,1,1,1,0,0,0,1,0,0
2018-02,3C数码,固定电话,单件,8,2776.87,7,1,7,4,1,128.21,7,8,5,20,0,0,0,0,0,0,0
2018-02,3C数码,固定电话,同SKU多件,2,3361.80,2,0,2,1,0,34.18,2,2,1,6,0,0,0,0,0,0,0
2018-02,家居家纺,圣诞用品,单件,15,1073.25,15,0,15,12,3,320.11,15,15,2,61,1,0,0,0,1,0,1
2018-02,家居家纺,圣诞用品,同SKU多件,2,986.40,2,0,2,0,1,66.35,2,1,1,1,1,0,0,1,1,0,0
2018-02,图书文娱,大众图书,单件,28,1892.70,27,1,27,4,3,388.46,27,28,3,123,0,0,0,0,0,0,1
2018-02,服饰鞋包,女装,单件,1,29.99,1,0,1,0,0,12.78,1,1,0,4,0,0,0,0,0,0,0
2018-02,母婴玩具,婴童用品,单件,159,23803.36,155,3,157,11,29,2845.53,155,157,36,578,7,0,1,3,4,0,15
2018-02,母婴玩具,婴童用品,单商家多SKU,1,69.40,1,0,1,0,0,10.02,1,1,0,5,0,0,0,0,0,0,0
2018-02,母婴玩具,婴童用品,同SKU多件,5,771.56,5,0,5,0,0,80.97,5,5,1,19,1,0,1,0,1,0,0
2018-02,母婴玩具,婴童用品,多商家,2,1464.13,2,0,2,0,0,21.13,2,2,1,6,0,0,0,0,0,0,0
2018-02,汽配工具,安防工具,单件,6,5767.75,6,0,6,1,0,79.69,6,6,0,28,0,0,0,0,0,0,0
2018-02,汽配工具,安防工具,同SKU多件,1,198.00,1,0,1,0,0,14.93,1,1,0,4,0,0,0,0,0,0,0
2018-02,宠物,宠物用品,单件,81,7850.08,78,1,80,11,8,1099.58,78,80,14,323,3,0,2,0,1,0,6
2018-02,宠物,宠物用品,同SKU多件,7,1605.95,7,0,7,2,1,120.83,7,7,1,29,0,0,0,0,0,0,1
2018-02,宠物,宠物用品,多商家,1,139.00,1,0,1,0,0,9.41,1,1,1,1,1,0,0,0,1,0,0
2018-02,家居家纺,客厅家具,单件,17,2482.90,17,0,17,2,1,278.40,17,17,2,69,2,0,2,0,1,0,0
2018-02,家居家纺,客厅家具,同SKU多件,2,1919.88,2,0,2,1,1,68.44,2,2,2,2,0,0,0,0,0,0,0
2018-02,家居家纺,家具软装,单件,265,29292.43,261,1,265,34,43,4627.81,261,263,53,1023,9,0,7,1,0,1,18
2018-02,家居家纺,家具软装,单商家多SKU,5,744.27,5,0,5,1,0,78.28,5,5,2,17,1,0,0,0,1,0,0
2018-02,家居家纺,家具软装,同SKU多件,58,7534.47,56,1,56,6,11,859.05,56,56,22,176,13,0,0,1,12,0,9
2018-02,家居家纺,家具软装,多商家,6,1009.09,6,0,6,2,0,73.95,6,5,2,15,2,0,0,0,2,0,2
2018-02,家居家纺,家庭日用,单件,306,30440.97,299,5,304,40,40,4913.08,299,302,47,1212,11,0,8,2,1,0,15
2018-02,家居家纺,家庭日用,单商家多SKU,2,119.52,2,0,2,0,1,94.02,2,2,0,10,0,0,0,0,0,0,0
2018-02,家居家纺,家庭日用,同SKU多件,30,4290.40,29,0,29,3,1,392.99,29,30,9,107,9,0,1,1,7,0,2
2018-02,家居家纺,家庭日用,多商家,3,684.37,3,0,3,0,0,43.76,3,3,2,7,1,0,1,0,0,0,2
2018-02,家用电器,家用电器,单件,47,5533.74,46,1,47,7,2,649.78,46,47,6,198,1,0,1,0,0,0,1
2018-02,家用电器,家用电器,同SKU多件,1,50.00,1,0,1,0,0,12.13,1,1,0,5,0,0,0,0,0,0,0
2018-02,家用电器,家用电器2,单件,21,8998.83,21,0,21,1,2,354.85,21,21,5,82,2,0,1,0,1,0,0
2018-02,汽配工具,家装建材,单件,29,4737.70,28,1,29,3,2,428.52,28,28,5,111,2,0,1,1,0,0,1
2018-02,汽配工具,家装建材,同SKU多件,3,566.20,3,0,3,0,1,63.07,3,3,1,10,0,0,0,0,0,0,1
2018-02,家用电器,小家电,单件,28,5009.16,28,0,28,2,3,392.58,28,28,3,123,1,0,0,1,0,0,1
2018-02,家用电器,小家电,同SKU多件,2,236.00,2,0,2,0,0,20.59,2,2,2,2,2,0,0,0,2,0,1
2018-02,家居家纺,居家舒适,单件,18,2605.88,18,0,18,0,0,227.16,18,18,3,74,3,0,1,3,0,0,1
2018-02,家居家纺,居家舒适,同SKU多件,1,319.98,1,0,1,0,1,34.56,1,1,0,3,0,0,0,0,0,0,0
2018-02,家居家纺,居家舒适,多商家,1,145.90,1,0,1,0,0,11.85,1,1,1,1,0,0,0,0,0,0,0
2018-02,家居家纺,居家舒适2,单件,1,12.90,1,0,1,0,1,32.45,1,1,1,2,0,0,0,0,0,0,1
2018-02,家居家纺,居家舒适2,同SKU多件,1,25.80,1,0,1,0,1,44.15,1,1,1,1,0,0,0,0,0,0,0
2018-02,其他,工商业用品,单件,21,3489.89,21,0,21,2,3,341.46,21,21,2,90,0,0,0,0,0,0,1
2018-02,其他,工商业用品,单商家多SKU,1,107.80,1,0,1,0,0,13.24,1,1,0,4,0,0,0,0,0,0,0
2018-02,其他,工商业用品,同SKU多件,6,955.90,6,0,6,0,1,106.12,6,5,2,17,2,0,0,0,2,0,0
2018-02,其他,工商业用品,多商家,1,182.00,1,0,1,0,0,13.25,1,1,0,5,0,0,0,0,0,0,0
2018-02,其他,平台综合,单件,15,1303.22,15,0,15,1,2,259.79,15,15,1,66,0,0,0,0,0,0,0
2018-02,其他,平台综合,单商家多SKU,2,232.88,2,0,2,0,0,26.54,2,2,0,9,0,0,0,0,0,0,0
2018-02,其他,平台综合,同SKU多件,3,429.77,3,0,3,0,0,31.54,3,3,2,7,1,0,1,0,0,0,0
2018-02,3C数码,平板打印,单件,11,585.17,11,0,11,4,0,156.77,11,11,2,44,0,0,0,0,0,0,0
2018-02,3C数码,平板打印,同SKU多件,1,109.80,1,0,1,1,1,29.17,1,1,1,1,0,0,0,0,0,0,1
2018-02,家居家纺,床品布艺卫浴,单件,511,47398.62,506,3,508,57,103,9313.57,506,505,114,1883,20,0,5,11,4,0,40
2018-02,家居家纺,床品布艺卫浴,单商家多SKU,17,3040.74,17,0,17,1,3,315.12,17,17,6,55,2,0,1,0,2,0,3
2018-02,家居家纺,床品布艺卫浴,同SKU多件,51,8210.40,51,0,51,8,8,900.16,51,51,18,167,7,0,1,0,7,0,9
2018-02,家居家纺,床品布艺卫浴,多商家,13,2048.76,13,0,13,0,0,112.60,13,13,10,26,6,0,1,1,6,0,1
2018-02,家居家纺,床垫沙发,单件,6,389.40,5,0,6,0,3,150.41,5,6,3,16,0,0,0,0,0,0,0
2018-02,汽配工具,建筑工具,单件,48,7628.42,47,1,47,3,10,768.59,47,48,10,183,0,0,0,0,0,0,2
2018-02,汽配工具,建筑工具,单商家多SKU,2,539.65,2,0,2,0,0,28.79,2,2,0,8,0,0,0,0,0,0,0
2018-02,汽配工具,建筑工具,同SKU多件,3,666.90,3,0,3,1,0,39.36,3,3,1,11,1,0,0,0,1,0,0
2018-02,图书文娱,影视光碟,单件,1,24.90,1,0,1,0,0,13.11,1,1,0,5,0,0,0,0,0,0,0
2018-02,3C数码,影音设备,单件,15,2828.49,15,0,15,3,5,314.76,15,15,6,49,0,0,0,0,0,0,2
2018-02,3C数码,手机通讯,单件,319,12755.54,314,3,319,44,44,5190.28,314,316,50,1249,14,0,6,8,0,1,9
2018-02,3C数码,手机通讯,单商家多SKU,5,362.38,5,0,5,0,1,110.46,5,5,3,14,2,0,0,0,2,0,0
2018-02,3C数码,手机通讯,同SKU多件,9,987.32,9,0,9,2,1,149.82,9,9,3,27,3,0,0,2,2,0,0
2018-02,3C数码,摄影摄像,单件,2,227.99,2,0,2,0,0,29.56,2,2,0,10,0,0,0,0,0,0,0
2018-02,图书文娱,文具,单件,132,11163.19,120,4,131,19,16,2076.10,120,131,27,504,2,0,0,2,0,0,10
2018-02,图书文娱,文具,单商家多SKU,2,167.00,2,0,2,0,1,30.97,2,2,1,6,0,0,0,0,0,0,1
2018-02,图书文娱,文具,同SKU多件,10,558.91,9,0,10,1,2,153.44,9,10,5,31,1,0,0,0,1,0,0
2018-02,服饰鞋包,旅行箱包,单件,43,6362.57,41,2,43,5,5,637.95,41,42,12,149,1,0,1,0,0,0,4
2018-02,服饰鞋包,旅行箱包,单商家多SKU,1,97.80,1,0,1,0,0,6.31,1,1,1,1,0,0,0,0,0,0,0
2018-02,服饰鞋包,旅行箱包,同SKU多件,1,143.98,1,0,1,0,0,6.18,1,1,0,5,0,0,0,0,0,0,0
2018-02,未知,无商品明细,无商品明细,34,0.00,0,33,0,0,0,,0,33,26,55,0,0,0,0,0,0,8
2018-02,未知,未知品类,单件,102,11143.59,99,2,100,4,7,1455.86,99,102,13,417,2,0,1,1,0,0,4
2018-02,未知,未知品类,同SKU多件,6,1558.41,6,0,6,0,0,102.34,6,6,2,20,2,0,0,0,2,0,1
2018-02,未知,未知品类,多商家,1,57.45,1,0,1,0,0,9.16,1,1,1,1,1,0,0,0,1,0,0
2018-02,汽配工具,标识安防,单件,7,437.79,7,0,7,0,1,81.39,7,7,0,31,0,0,0,0,0,0,0
2018-02,汽配工具,标识安防,同SKU多件,3,278.00,3,0,3,0,0,33.84,3,3,1,9,1,0,0,0,1,0,0
2018-02,汽配工具,汽车用品,单件,286,38001.25,282,1,286,18,33,4618.73,282,284,51,1098,11,1,3,6,2,1,22
2018-02,汽配工具,汽车用品,单商家多SKU,5,1293.10,5,0,5,0,0,32.19,5,5,2,17,0,0,0,0,0,0,1
2018-02,汽配工具,汽车用品,同SKU多件,10,2230.54,10,0,10,1,0,97.19,10,10,1,44,1,0,0,0,1,0,0
2018-02,汽配工具,汽车用品,多商家,1,167.00,1,0,1,0,0,4.94,1,1,0,5,0,0,0,0,0,0,0
2018-02,3C数码,游戏主机,单件,50,11820.73,49,0,49,2,7,874.62,49,50,12,177,2,0,1,0,1,0,2
2018-02,3C数码,游戏主机,同SKU多件,1,158.00,1,0,1,0,0,10.95,1,1,0,5,0,0,0,0,0,0,0
2018-02,钟表与潮流好物,潮流好物,单件,174,29549.91,169,1,174,23,22,2966.03,169,170,31,674,4,0,3,1,0,0,8
2018-02,钟表与潮流好物,潮流好物,单商家多SKU,1,125.98,0,0,1,0,0,,0,1,1,1,0,0,0,0,0,0,0
2018-02,钟表与潮流好物,潮流好物,同SKU多件,4,861.34,4,0,4,1,1,79.65,4,4,3,8,2,0,1,0,1,0,0
2018-02,钟表与潮流好物,潮流好物,多商家,1,274.98,1,0,1,0,0,1.98,1,1,1,2,1,0,1,0,0,0,0
2018-02,汽配工具,灯具照明,单件,4,917.00,4,0,4,0,0,58.41,4,4,1,12,2,0,1,0,1,0,1
2018-02,汽配工具,灯具照明,同SKU多件,4,605.80,4,0,4,2,0,45.62,4,4,0,16,0,0,0,0,0,0,0
2018-02,家用电器,烤箱咖啡机,单件,5,3024.90,5,0,5,0,1,87.66,5,5,1,18,0,0,0,0,0,0,0
2018-02,母婴玩具,玩具,单件,129,13754.91,122,4,125,14,17,1774.43,122,128,23,500,3,0,3,0,0,0,4
2018-02,母婴玩具,玩具,单商家多SKU,1,119.98,1,0,1,0,0,15.45,1,1,0,3,1,0,0,0,1,0,0
2018-02,母婴玩具,玩具,同SKU多件,6,814.14,6,0,6,0,1,106.01,6,6,2,18,3,0,0,0,3,0,0
2018-02,母婴玩具,玩具,多商家,1,154.80,1,0,1,0,0,12.08,1,1,0,5,0,0,0,0,0,0,0
2018-02,3C数码,电子产品,单件,278,12909.88,277,1,277,37,44,4999.62,277,275,42,1088,7,0,6,1,0,0,14
2018-02,3C数码,电子产品,单商家多SKU,3,153.90,3,0,3,0,0,27.83,3,3,1,9,0,0,0,0,0,0,1
2018-02,3C数码,电子产品,同SKU多件,18,1635.50,18,0,18,4,4,317.33,18,18,5,65,3,0,0,0,3,0,1
2018-02,3C数码,电子产品,多商家,1,53.33,1,0,1,0,1,28.41,1,1,1,1,1,0,0,0,1,0,0
2018-02,3C数码,电竞电脑,多商家,1,154.99,1,0,1,0,0,11.11,1,1,1,1,1,0,0,0,1,0,1
2018-02,3C数码,电脑配件,单件,688,75066.17,678,5,685,140,96,12355.05,678,682,152,2569,46,5,12,22,6,2,42
2018-02,3C数码,电脑配件,单商家多SKU,27,4242.82,27,0,27,11,3,546.34,27,27,12,78,3,1,0,1,2,0,5
2018-02,3C数码,电脑配件,同SKU多件,74,19409.33,74,0,74,18,13,1428.53,74,74,31,230,13,1,2,1,10,0,6
2018-02,3C数码,电脑配件,多商家,11,2071.92,11,0,11,1,0,165.46,11,11,7,27,4,0,0,0,4,0,1
2018-02,服饰鞋包,男装,单件,3,388.09,3,0,3,0,0,43.03,3,3,1,9,1,0,0,1,0,0,0
2018-02,家用电器,空调冷暖,单件,10,2040.49,10,0,10,0,1,167.75,10,10,1,42,0,0,0,0,0,0,1
2018-02,家用电器,空调冷暖,同SKU多件,1,586.40,1,0,1,0,0,7.95,1,1,0,5,0,0,0,0,0,0,0
2018-02,服饰鞋包,箱包配饰,单件,97,8467.53,97,0,97,8,6,1355.51,97,97,13,391,3,0,1,2,0,0,4
2018-02,服饰鞋包,箱包配饰,单商家多SKU,4,1276.40,4,0,4,0,0,30.23,4,4,0,19,0,0,0,0,0,0,0
2018-02,服饰鞋包,箱包配饰,同SKU多件,1,70.00,1,0,1,1,0,11.15,1,1,0,5,0,0,0,0,0,0,0
2018-02,母婴玩具,纸尿裤卫生,同SKU多件,1,100.00,1,0,1,0,0,6.37,1,1,0,3,0,0,0,0,0,0,0
2018-02,美妆个护,美妆健康,单件,560,79150.18,550,8,559,43,69,8649.79,550,558,85,2270,10,0,5,4,1,1,31
2018-02,美妆个护,美妆健康,单商家多SKU,10,1715.66,10,0,10,1,1,167.85,10,8,2,29,1,0,0,0,1,0,0
2018-02,美妆个护,美妆健康,同SKU多件,34,5854.42,32,0,34,3,4,430.07,32,34,10,125,4,0,1,1,2,0,0
2018-02,美妆个护,美妆健康,多商家,3,391.59,3,0,3,0,0,29.83,3,3,1,9,1,0,0,0,1,0,0
2018-02,家居家纺,艺术品,单件,11,1029.73,10,1,10,3,0,124.47,10,11,4,40,2,0,1,1,0,0,1
2018-02,家居家纺,艺术品,同SKU多件,1,221.98,1,0,1,1,0,24.68,1,1,0,4,0,0,0,0,0,0,0
2018-02,运动户外,运动休闲,单件,529,66273.86,515,6,523,40,76,8695.02,515,527,96,2069,12,0,5,7,0,1,34
2018-02,运动户外,运动休闲,单商家多SKU,5,1745.80,5,0,5,1,0,55.37,5,5,1,18,1,0,0,0,1,0,0
2018-02,运动户外,运动休闲,同SKU多件,51,7932.29,51,0,51,9,6,869.37,51,51,21,156,8,0,0,1,7,0,5
2018-02,图书文娱,进口图书,单件,3,325.00,3,0,3,0,0,17.01,3,3,0,13,0,0,0,0,0,0,0
2018-02,食品酒水,酒水饮料,单件,24,1656.78,23,0,24,0,3,362.21,23,24,4,100,0,0,0,0,0,0,2
2018-02,食品酒水,酒水饮料,同SKU多件,2,205.17,2,0,2,0,0,18.47,2,2,0,9,0,0,0,0,0,0,0
2018-02,食品酒水,酒水饮料,多商家,1,105.49,1,0,1,0,0,12.92,1,1,0,3,0,0,0,0,0,0,0
2018-02,钟表与潮流好物,钟表礼品,单件,304,60956.33,291,7,300,15,57,5637.80,291,301,79,1115,9,2,6,2,2,0,30
2018-02,钟表与潮流好物,钟表礼品,单商家多SKU,5,774.46,5,0,5,0,0,53.51,5,5,2,16,1,0,0,0,1,0,0
2018-02,钟表与潮流好物,钟表礼品,同SKU多件,8,1731.39,8,0,8,1,1,141.68,8,8,3,22,3,0,0,1,2,0,0
2018-02,服饰鞋包,鞋靴,单件,9,973.90,9,0,9,0,2,193.26,9,9,2,33,0,0,0,0,0,0,1
2018-02,服饰鞋包,鞋靴,同SKU多件,1,59.80,1,0,1,0,0,15.12,1,1,0,5,0,0,0,0,0,0,0
2018-02,图书文娱,音乐,单件,2,244.97,2,0,2,0,0,24.31,2,2,0,8,0,0,0,0,0,0,0
2018-02,食品酒水,食品,单件,26,1176.65,25,1,26,0,2,376.66,25,26,4,104,0,0,0,0,0,0,0
2018-02,食品酒水,食品,同SKU多件,5,756.77,5,0,5,1,0,44.09,5,5,1,18,1,0,1,0,0,0,0
2018-02,食品酒水,食品饮料,单件,19,981.13,18,0,19,3,1,207.61,18,19,2,75,1,0,1,0,0,0,0
2018-02,食品酒水,食品饮料,同SKU多件,2,77.97,2,0,2,1,0,8.96,2,2,0,10,0,0,0,0,0,0,0
2018-02,美妆个护,香水香氛,单件,185,18593.67,181,3,184,12,20,2627.77,181,184,27,765,2,0,1,1,0,0,9
2018-02,美妆个护,香水香氛,单商家多SKU,1,27.98,1,0,1,0,0,7.97,1,1,0,3,0,0,0,0,0,0,0
2018-02,美妆个护,香水香氛,同SKU多件,10,1895.26,10,0,10,0,0,132.31,10,10,1,45,1,0,0,0,1,0,0
2018-02,家居家纺,鲜花绿植,单件,4,134.48,4,0,4,0,0,27.38,4,4,0,19,0,0,0,0,0,0,0
2018-03,图书文娱,专业图书,单件,15,864.50,15,0,15,0,4,232.75,15,15,2,65,1,0,1,0,0,1,0
2018-03,图书文娱,专业图书,单商家多SKU,1,49.94,1,0,1,1,0,15.33,1,1,1,1,0,0,0,0,0,0,0
2018-03,图书文娱,乐器,单件,48,10131.34,46,0,47,4,7,723.25,46,48,7,199,0,0,0,0,0,0,1
2018-03,图书文娱,乐器,同SKU多件,1,451.20,1,0,1,0,0,7.98,1,1,0,5,0,0,0,0,0,0,0
2018-03,图书文娱,乐器,多商家,2,239.66,2,0,2,0,0,20.90,2,2,1,6,1,0,0,0,1,0,0
2018-03,汽配工具,五金工具,单件,7,867.50,7,0,7,0,0,79.73,7,7,1,28,0,0,0,0,0,0,0
2018-03,汽配工具,五金工具,同SKU多件,1,63.80,1,0,1,0,0,13.67,1,1,0,5,0,0,0,0,0,0,0
2018-03,服饰鞋包,内衣泳装,单件,5,289.40,5,0,5,2,2,101.00,5,5,2,15,0,0,0,0,0,0,1
2018-03,其他,农业工商,单件,22,4924.00,22,0,22,0,0,199.08,22,22,3,94,3,0,2,1,0,0,0
2018-03,其他,农业工商,同SKU多件,3,1095.00,2,0,3,0,0,5.47,2,3,1,10,0,0,0,0,0,0,1
2018-03,家居家纺,办公家具,单件,118,19155.57,116,0,117,30,9,2520.81,116,118,20,442,7,0,5,2,1,1,4
2018-03,家居家纺,办公家具,单商家多SKU,7,3189.62,7,0,7,4,0,141.65,7,7,5,15,1,0,0,0,1,0,1
2018-03,家居家纺,办公家具,同SKU多件,23,8376.47,23,0,23,9,3,630.72,23,23,11,65,4,0,0,1,4,0,2
2018-03,家居家纺,办公家具,多商家,2,433.89,2,0,2,0,0,17.78,2,2,2,3,0,0,0,0,0,0,1
2018-03,家居家纺,卧室家具,单件,6,1071.80,6,0,6,1,1,111.06,6,6,1,25,0,0,0,0,0,0,0
2018-03,家居家纺,厨具,单件,1,389.00,1,0,1,0,0,6.12,1,1,0,4,0,0,0,0,0,0,0
2018-03,家居家纺,厨房餐厅庭院家具,单件,12,2842.66,12,0,12,3,3,198.90,12,12,2,47,1,0,1,0,0,0,0
2018-03,汽配工具,园林建材,单件,17,2210.08,16,0,17,0,2,190.10,16,17,3,71,0,0,0,0,0,0,0
2018-03,汽配工具,园林建材,单商家多SKU,2,176.70,2,0,2,0,0,30.09,2,2,0,9,0,0,0,0,0,0,0
2018-03,汽配工具,园林建材,多商家,1,269.85,1,0,1,0,0,26.58,1,1,1,1,0,0,0,0,0,0,0
2018-03,汽配工具,园艺工具,单件,165,21625.28,161,0,164,18,30,2795.82,161,165,33,641,2,0,0,2,0,0,14
2018-03,汽配工具,园艺工具,单商家多SKU,2,627.70,2,0,2,0,0,35.03,2,2,1,6,0,0,0,0,0,0,1
2018-03,汽配工具,园艺工具,同SKU多件,31,4661.44,29,1,30,4,8,554.52,29,30,8,110,3,0,0,0,3,0,3
2018-03,3C数码,固定电话,单件,10,1178.79,10,0,10,2,2,164.74,10,10,4,30,0,0,0,0,0,0,3
2018-03,3C数码,固定电话,同SKU多件,2,751.80,2,0,2,0,0,31.35,2,2,0,10,0,0,0,0,0,0,0
2018-03,家居家纺,圣诞用品,单件,12,854.95,12,0,12,1,3,350.07,12,12,5,36,1,0,0,1,0,0,3
2018-03,图书文娱,大众图书,单件,30,1283.88,29,0,29,1,2,403.76,29,30,2,135,0,0,0,0,0,0,1
2018-03,图书文娱,大众图书,单商家多SKU,2,168.05,2,0,2,1,0,26.14,2,2,0,10,0,0,0,0,0,0,0
2018-03,图书文娱,大众图书,同SKU多件,2,260.00,2,0,2,0,0,24.67,2,2,1,6,0,0,0,0,0,0,1
2018-03,服饰鞋包,女装,同SKU多件,1,119.96,1,0,1,0,0,1.83,1,1,0,4,0,0,0,0,0,0,0
2018-03,母婴玩具,婴童用品,单件,206,40272.23,197,2,203,24,36,3038.62,197,204,53,741,14,0,3,4,7,0,19
2018-03,母婴玩具,婴童用品,单商家多SKU,2,193.40,2,0,2,0,0,25.55,2,2,0,10,0,0,0,0,0,0,0
2018-03,母婴玩具,婴童用品,同SKU多件,6,1383.72,6,0,6,0,0,45.88,6,6,2,19,2,0,0,0,2,0,0
2018-03,母婴玩具,婴童用品,多商家,1,225.00,1,0,1,0,0,11.42,1,1,1,1,1,0,0,0,1,0,1
2018-03,汽配工具,安防工具,单件,11,3305.87,11,0,11,3,2,146.14,11,11,4,37,2,0,2,0,0,1,0
2018-03,汽配工具,安防工具,同SKU多件,2,2069.00,2,0,2,1,0,28.39,2,2,0,10,0,0,0,0,0,0,0
2018-03,宠物,宠物用品,单件,96,11727.59,94,0,96,14,19,1582.35,94,96,19,368,2,0,0,2,0,0,11
2018-03,宠物,宠物用品,单商家多SKU,1,290.80,1,0,1,0,0,11.23,1,1,1,1,1,0,0,0,1,0,0
2018-03,宠物,宠物用品,同SKU多件,11,1493.80,11,0,11,2,1,176.01,11,11,3,36,5,0,0,0,5,0,0
2018-03,家居家纺,客厅家具,单件,19,3521.87,19,0,19,0,2,282.10,19,19,6,67,3,0,2,1,0,0,2
2018-03,家居家纺,家具软装,单件,335,33804.81,323,2,333,26,64,5426.47,323,332,72,1269,10,0,4,4,3,0,22
2018-03,家居家纺,家具软装,单商家多SKU,7,1000.88,7,0,7,0,1,113.17,7,7,1,25,2,0,0,1,1,0,1
2018-03,家居家纺,家具软装,同SKU多件,83,15587.28,83,0,83,7,11,1253.40,83,82,29,263,14,0,3,1,11,0,4
2018-03,家居家纺,家具软装,多商家,9,1871.07,9,0,9,0,0,95.85,9,9,4,27,3,0,1,0,2,0,5
2018-03,家居家纺,家庭日用,单件,290,28645.04,275,2,286,21,49,4133.23,275,288,63,1093,9,0,8,1,1,0,22
2018-03,家居家纺,家庭日用,单商家多SKU,2,868.22,2,0,2,0,0,31.10,2,2,1,6,1,0,0,0,1,0,0
2018-03,家居家纺,家庭日用,同SKU多件,34,6376.23,33,0,34,2,3,420.69,33,34,11,124,5,0,0,0,5,0,2
2018-03,家居家纺,家庭日用,多商家,5,1744.18,5,0,5,0,0,39.13,5,5,2,12,2,0,0,0,2,0,2
2018-03,家用电器,家用电器,单件,70,9876.59,70,0,70,2,3,971.54,70,69,11,273,6,0,3,3,0,0,1
2018-03,家用电器,家用电器2,单件,12,5648.20,12,0,12,2,1,180.86,12,12,2,49,0,0,0,0,0,0,0
2018-03,汽配工具,家装建材,单件,25,4829.61,24,0,24,4,6,373.84,24,25,5,100,0,0,0,0,0,0,1
2018-03,汽配工具,家装建材,同SKU多件,7,550.00,7,0,7,1,1,96.05,7,7,2,23,1,0,0,0,1,0,1
2018-03,汽配工具,家装建材,多商家,1,237.95,1,0,1,0,0,7.27,1,1,1,2,1,0,0,0,1,0,1
2018-03,家用电器,小家电,单件,34,13895.35,32,1,33,0,4,383.00,32,33,7,128,1,0,0,0,1,0,3
2018-03,家用电器,小家电,同SKU多件,1,65.80,1,0,1,0,0,1.43,1,1,0,5,0,0,0,0,0,0,0
2018-03,家居家纺,居家舒适,单件,19,2385.58,19,0,19,2,10,446.84,19,19,6,64,1,0,0,1,0,0,2
2018-03,家居家纺,居家舒适,多商家,1,81.80,1,0,1,0,0,19.25,1,1,1,1,0,0,0,0,0,0,1
2018-03,家居家纺,居家舒适2,单件,1,34.99,1,0,1,0,0,5.16,1,1,0,5,0,0,0,0,0,0,0
2018-03,其他,工商业用品,单件,22,2266.45,22,0,22,4,5,340.80,22,21,4,82,1,0,0,1,0,0,1
2018-03,其他,工商业用品,单商家多SKU,1,214.00,1,0,1,0,0,9.89,1,1,0,5,0,0,0,0,0,0,0
2018-03,其他,工商业用品,同SKU多件,2,364.00,2,0,2,0,0,9.53,2,2,1,6,1,0,0,0,1,0,0
2018-03,其他,平台综合,单件,14,1278.84,14,0,14,2,4,251.85,14,14,2,52,0,0,0,0,0,0,1
2018-03,其他,平台综合,单商家多SKU,1,190.00,1,0,1,0,0,7.25,1,1,1,1,0,0,0,0,0,0,0
2018-03,其他,平台综合,多商家,1,106.08,1,0,1,0,0,7.01,1,1,0,3,1,0,0,0,1,0,0
2018-03,3C数码,平板打印,单件,1,53.49,1,0,1,0,0,12.98,1,1,0,4,0,0,0,0,0,0,0
2018-03,3C数码,平板打印,同SKU多件,1,205.80,1,0,1,0,0,8.48,1,1,0,5,0,0,0,0,0,0,0
2018-03,家居家纺,床品布艺卫浴,单件,563,51755.18,548,0,562,30,129,9495.41,548,554,129,2044,21,0,8,12,2,0,40
2018-03,家居家纺,床品布艺卫浴,单商家多SKU,32,4259.10,31,0,31,0,2,411.10,31,32,10,109,2,0,0,1,1,0,4
2018-03,家居家纺,床品布艺卫浴,同SKU多件,52,8691.58,50,0,52,3,7,722.40,50,52,15,190,6,0,1,0,5,0,4
2018-03,家居家纺,床品布艺卫浴,多商家,20,4892.67,20,0,20,0,2,276.53,20,19,10,49,3,0,0,0,3,0,4
2018-03,家居家纺,床垫沙发,单件,4,440.00,4,0,4,0,1,72.40,4,4,1,15,0,0,0,0,0,0,0
2018-03,汽配工具,建筑工具,单件,42,7963.13,39,0,42,3,6,675.89,39,41,9,156,2,0,2,0,0,0,6
2018-03,汽配工具,建筑工具,单商家多SKU,1,138.99,1,0,1,0,0,15.90,1,1,0,4,0,0,0,0,0,0,0
2018-03,汽配工具,建筑工具,同SKU多件,7,1830.86,6,0,6,0,0,72.09,6,7,4,19,1,0,0,0,1,0,1
2018-03,汽配工具,建筑工具,多商家,2,696.35,2,0,2,0,0,8.17,2,2,1,4,1,0,0,0,1,0,2
2018-03,图书文娱,影视光碟,单件,2,49.80,2,0,2,1,0,37.07,2,2,0,10,0,0,0,0,0,0,0
2018-03,3C数码,影音设备,单件,31,10360.41,31,0,31,2,14,755.62,31,31,14,89,2,1,1,0,0,0,8
2018-03,3C数码,影音设备,同SKU多件,1,71.28,1,0,1,0,0,16.14,1,1,0,5,0,0,0,0,0,0,0
2018-03,3C数码,手机通讯,单件,315,24323.95,307,1,314,28,64,4942.07,307,312,82,1118,34,0,13,15,6,0,23
2018-03,3C数码,手机通讯,单商家多SKU,1,51.97,1,0,1,0,0,11.73,1,1,1,1,0,0,0,0,0,0,0
2018-03,3C数码,手机通讯,同SKU多件,9,1286.03,8,0,9,0,1,102.54,8,9,3,28,2,0,1,0,1,0,0
2018-03,3C数码,手机通讯,多商家,1,35.97,1,0,1,0,0,8.19,1,1,0,3,0,0,0,0,0,0,0
2018-03,3C数码,摄影摄像,单件,4,457.90,4,0,4,0,0,44.73,4,4,1,13,1,0,1,0,0,0,0
2018-03,3C数码,摄影摄像,同SKU多件,1,199.90,1,0,1,0,0,29.10,1,1,1,1,0,0,0,0,0,0,0
2018-03,图书文娱,文具,单件,131,12134.63,130,0,131,11,23,2034.78,130,131,23,516,2,0,1,2,0,0,12
2018-03,图书文娱,文具,单商家多SKU,4,223.75,4,0,4,0,2,88.45,4,4,2,10,0,0,0,0,0,0,2
2018-03,图书文娱,文具,同SKU多件,9,655.46,9,0,9,0,3,177.12,9,9,4,27,1,0,0,0,1,0,1
2018-03,图书文娱,文具,多商家,1,254.80,1,0,1,0,0,17.57,1,1,0,5,0,0,0,0,0,0,0
2018-03,服饰鞋包,旅行箱包,单件,47,4564.41,46,0,47,0,5,573.57,46,46,2,212,1,0,0,0,1,0,0
2018-03,服饰鞋包,旅行箱包,单商家多SKU,1,397.80,1,0,1,0,0,10.75,1,1,0,3,1,0,0,0,1,0,0
2018-03,服饰鞋包,旅行箱包,同SKU多件,4,949.56,4,0,4,0,1,46.19,4,4,2,10,1,0,0,0,1,0,1
2018-03,未知,无商品明细,无商品明细,23,0.00,0,23,0,0,0,,0,23,15,49,0,0,0,0,0,0,4
2018-03,未知,未知品类,单件,116,15306.68,114,0,116,2,20,1664.36,114,115,21,457,2,1,0,1,0,0,9
2018-03,未知,未知品类,单商家多SKU,5,504.44,5,0,5,1,2,86.75,5,5,3,15,2,0,0,0,2,0,0
2018-03,未知,未知品类,同SKU多件,4,1638.84,4,0,4,1,1,70.69,4,4,2,13,1,0,0,0,1,0,0
2018-03,汽配工具,标识安防,单件,5,711.92,5,0,5,2,1,184.96,5,5,1,19,0,0,0,0,0,0,0
2018-03,汽配工具,标识安防,同SKU多件,2,209.98,2,0,2,0,1,34.33,2,2,0,8,1,0,0,0,1,0,0
2018-03,汽配工具,汽车用品,单件,305,40157.45,297,0,303,15,55,4689.11,297,303,58,1169,8,0,4,4,1,1,27
2018-03,汽配工具,汽车用品,单商家多SKU,2,814.10,2,0,2,0,0,25.60,2,2,1,7,0,0,0,0,0,0,1
2018-03,汽配工具,汽车用品,同SKU多件,12,3077.40,12,0,12,1,3,214.71,12,12,2,47,0,0,0,0,0,0,0
2018-03,汽配工具,汽车用品,多商家,4,763.58,4,0,4,0,1,108.86,4,4,2,10,1,0,0,0,1,0,1
2018-03,家居家纺,派对用品,单件,4,870.10,4,0,4,0,0,62.85,4,4,1,15,0,0,0,0,0,0,0
2018-03,家居家纺,派对用品,同SKU多件,1,43.80,1,0,1,0,0,18.23,1,1,0,3,0,0,0,0,0,0,0
2018-03,3C数码,游戏主机,单件,49,11503.83,48,0,49,8,11,875.18,48,47,9,179,1,1,0,0,0,0,4
2018-03,3C数码,游戏主机,单商家多SKU,1,18.15,1,0,1,0,0,4.16,1,1,0,5,0,0,0,0,0,0,0
2018-03,3C数码,游戏主机,同SKU多件,3,257.74,3,0,3,0,1,43.79,3,2,1,4,0,0,0,0,0,0,0
2018-03,3C数码,游戏主机,多商家,1,98.99,1,0,1,0,0,16.74,1,1,1,1,0,0,0,0,0,0,1
2018-03,钟表与潮流好物,潮流好物,单件,233,37187.87,230,0,233,9,33,3402.45,230,233,45,910,5,1,2,2,0,0,19
2018-03,钟表与潮流好物,潮流好物,单商家多SKU,1,72.00,1,0,1,0,0,7.12,1,1,0,5,0,0,0,0,0,0,0
2018-03,钟表与潮流好物,潮流好物,同SKU多件,6,744.36,6,0,6,0,0,44.31,6,6,2,17,2,0,1,0,1,0,0
2018-03,钟表与潮流好物,潮流好物,多商家,2,433.96,2,0,2,0,0,27.06,2,2,1,5,1,0,0,0,1,0,0
2018-03,汽配工具,灯具照明,单件,11,2456.90,11,0,11,0,3,183.43,11,11,2,40,1,0,1,0,0,1,1
2018-03,汽配工具,灯具照明,同SKU多件,1,79.80,1,0,1,1,1,28.54,1,1,1,1,0,0,0,0,0,0,0
2018-03,家用电器,烤箱咖啡机,单件,7,7890.90,7,0,7,0,0,86.98,7,7,0,34,0,0,0,0,0,0,0
2018-03,母婴玩具,玩具,单件,210,21936.32,205,1,209,21,34,3062.33,205,209,47,798,12,2,7,2,2,1,17
2018-03,母婴玩具,玩具,单商家多SKU,7,1040.78,6,0,7,3,1,94.87,6,7,7,7,4,1,0,1,2,0,1
2018-03,母婴玩具,玩具,同SKU多件,4,399.80,3,1,3,0,1,38.59,3,4,1,14,0,0,0,0,0,0,0
2018-03,3C数码,电子产品,单件,228,10650.79,221,0,227,9,42,3450.81,221,228,47,869,4,2,1,1,0,0,16
2018-03,3C数码,电子产品,同SKU多件,14,1874.32,14,0,14,2,3,212.69,14,14,5,48,3,0,0,0,3,0,1
2018-03,3C数码,电脑配件,单件,557,67848.22,549,1,555,70,90,8830.87,549,554,98,2176,17,4,7,5,1,1,26
2018-03,3C数码,电脑配件,单商家多SKU,7,980.69,7,0,7,2,2,129.62,7,6,1,23,0,0,0,0,0,0,0
2018-03,3C数码,电脑配件,同SKU多件,63,14194.68,63,0,63,10,9,992.51,63,63,19,215,12,0,0,2,10,0,3
2018-03,3C数码,电脑配件,多商家,10,2682.92,10,0,10,0,0,129.47,10,10,4,30,1,0,0,0,1,0,4
2018-03,家用电器,空调冷暖,单件,22,2127.68,21,0,22,2,3,326.88,21,22,4,83,1,0,0,1,0,0,2
2018-03,家用电器,空调冷暖,同SKU多件,1,380.00,1,0,1,0,0,12.32,1,1,0,3,0,0,0,0,0,0,0
2018-03,家用电器,空调冷暖,多商家,1,192.90,1,0,1,0,0,11.32,1,1,1,1,0,0,0,0,0,0,1
2018-03,母婴玩具,童装,单商家多SKU,2,149.96,2,0,2,0,0,14.62,2,2,0,10,0,0,0,0,0,0,0
2018-03,服饰鞋包,箱包配饰,单件,121,9744.55,119,0,120,10,27,1952.77,119,120,25,464,2,0,0,2,0,0,5
2018-03,服饰鞋包,箱包配饰,单商家多SKU,3,163.50,3,0,3,0,1,56.03,3,3,2,7,1,0,0,0,1,0,1
2018-03,服饰鞋包,箱包配饰,同SKU多件,3,215.58,3,0,3,0,0,16.66,3,3,0,15,0,0,0,0,0,0,0
2018-03,服饰鞋包,箱包配饰,多商家,1,67.97,1,0,1,0,0,4.13,1,1,0,5,0,0,0,0,0,0,0
2018-03,母婴玩具,纸尿裤卫生,单件,1,38.00,0,0,1,0,0,,0,1,1,1,0,0,0,0,0,0,0
2018-03,母婴玩具,纸尿裤卫生,同SKU多件,1,125.00,1,0,1,0,0,14.62,1,1,0,3,0,0,0,0,0,0,0
2018-03,美妆个护,美妆健康,单件,575,80734.32,560,3,569,65,140,9758.53,560,571,137,2124,17,0,3,11,4,0,49
2018-03,美妆个护,美妆健康,单商家多SKU,6,769.24,6,0,6,1,1,66.95,6,6,2,21,1,0,0,0,1,0,1
2018-03,美妆个护,美妆健康,同SKU多件,36,7752.89,35,0,35,4,3,456.42,35,34,9,127,6,0,0,1,5,0,3
2018-03,美妆个护,美妆健康,多商家,4,885.96,4,0,4,0,0,19.52,4,4,3,8,1,0,0,0,1,0,2
2018-03,家居家纺,艺术品,单件,6,433.50,6,0,6,1,1,74.57,6,6,1,24,1,0,0,1,0,0,0
2018-03,家居家纺,艺术品,多商家,1,37.90,1,0,1,0,0,9.60,1,1,1,1,0,0,0,0,0,0,0
2018-03,运动户外,运动休闲,单件,601,71826.12,576,5,589,37,120,9409.31,576,595,122,2272,8,0,3,4,1,0,50
2018-03,运动户外,运动休闲,单商家多SKU,5,1084.54,5,0,5,0,0,51.69,5,5,0,25,0,0,0,0,0,0,0
2018-03,运动户外,运动休闲,同SKU多件,55,9884.99,53,0,54,4,7,646.29,53,54,18,176,7,0,1,0,6,0,5
2018-03,运动户外,运动休闲,多商家,10,2651.31,10,0,10,0,0,69.61,10,10,7,22,4,0,0,0,3,1,4
2018-03,服饰鞋包,运动服饰,单件,1,89.90,1,0,1,0,0,2.01,1,1,0,5,0,0,0,0,0,0,0
2018-03,图书文娱,进口图书,单件,1,105.00,1,0,1,0,0,1.24,1,1,0,5,0,0,0,0,0,0,0
2018-03,图书文娱,进口图书,同SKU多件,1,154.00,1,0,1,0,0,1.15,1,1,0,5,0,0,0,0,0,0,0
2018-03,食品酒水,酒水饮料,单件,18,857.70,18,0,18,1,5,276.35,18,18,3,72,0,0,0,0,0,0,1
2018-03,食品酒水,酒水饮料,单商家多SKU,1,49.60,1,0,1,1,0,21.94,1,1,1,1,1,0,0,0,1,0,1
2018-03,食品酒水,酒水饮料,同SKU多件,1,86.00,1,0,1,0,0,4.85,1,1,0,5,0,0,0,0,0,0,0
2018-03,钟表与潮流好物,钟表礼品,单件,403,95252.43,394,0,401,38,98,7865.06,394,393,92,1476,14,0,4,5,6,2,32
2018-03,钟表与潮流好物,钟表礼品,单商家多SKU,3,557.90,3,0,3,0,0,28.78,3,3,0,14,0,0,0,0,0,0,0
2018-03,钟表与潮流好物,钟表礼品,同SKU多件,4,1408.00,4,0,4,0,1,60.76,4,4,3,7,2,0,0,0,2,0,0
2018-03,钟表与潮流好物,钟表礼品,多商家,5,899.77,5,0,5,0,1,78.27,5,5,5,6,3,0,0,0,3,0,2
2018-03,服饰鞋包,鞋靴,单件,12,1252.80,11,0,12,3,2,211.98,11,12,5,39,0,0,0,0,0,0,0
2018-03,图书文娱,音乐,单件,1,299.00,1,0,1,0,0,18.40,1,1,0,5,0,0,0,0,0,0,0
2018-03,食品酒水,食品,单件,31,1382.94,31,0,31,2,5,373.82,31,31,6,120,1,0,0,1,0,0,3
2018-03,食品酒水,食品,单商家多SKU,1,76.96,1,0,1,0,1,25.41,1,1,1,1,0,0,0,0,0,0,1
2018-03,食品酒水,食品,同SKU多件,1,100.00,1,0,1,0,0,4.31,1,1,0,5,0,0,0,0,0,0,0
2018-03,食品酒水,食品饮料,单件,15,2256.30,15,0,15,1,2,245.74,15,15,0,65,0,0,0,0,0,0,1
2018-03,食品酒水,食品饮料,同SKU多件,1,43.47,1,0,1,0,0,19.05,1,1,0,5,0,0,0,0,0,0,0
2018-03,食品酒水,食品饮料,多商家,1,123.00,1,0,1,0,0,2.22,1,1,0,5,0,0,0,0,0,0,0
2018-03,美妆个护,香水香氛,单件,171,18805.01,167,0,171,4,35,2660.01,167,170,30,691,5,1,2,1,1,1,12
2018-03,美妆个护,香水香氛,单商家多SKU,3,81.94,3,0,3,1,0,26.34,3,3,2,7,0,0,0,0,0,0,1
2018-03,美妆个护,香水香氛,同SKU多件,7,1185.81,7,0,7,0,2,87.98,7,7,4,20,1,0,1,0,1,0,2
2018-03,美妆个护,香水香氛,多商家,3,364.19,3,0,3,0,0,19.49,3,3,1,11,0,0,0,0,0,0,0
2018-03,家居家纺,鲜花绿植,单件,3,89.67,3,0,3,0,0,29.51,3,3,0,15,0,0,0,0,0,0,0
2018-04,图书文娱,专业图书,单件,23,1172.10,23,0,23,0,0,225.63,22,23,3,103,0,0,0,0,0,0,0
2018-04,图书文娱,乐器,单件,54,18927.06,54,0,54,1,1,562.45,54,54,4,240,1,0,0,1,0,0,0
2018-04,图书文娱,乐器,同SKU多件,2,356.00,2,0,2,0,0,10.68,2,2,0,8,1,0,0,0,1,0,1
2018-04,图书文娱,乐器,多商家,1,92.25,1,0,1,0,0,4.87,1,1,0,3,0,0,0,0,0,0,0
2018-04,汽配工具,五金工具,单件,15,1241.19,15,0,15,0,1,143.13,15,15,2,64,1,0,1,1,0,0,0
2018-04,汽配工具,五金工具,同SKU多件,1,91.80,1,0,1,0,0,2.01,1,1,0,5,0,0,0,0,0,0,0
2018-04,服饰鞋包,内衣泳装,单件,6,359.40,6,0,6,2,1,72.28,6,6,1,25,0,0,0,0,0,0,0
2018-04,其他,农业工商,单件,12,4500.70,12,0,12,0,1,146.49,12,12,3,48,0,0,0,0,0,0,0
2018-04,家居家纺,办公家具,单件,66,11337.26,64,0,66,8,4,1117.68,64,65,11,252,5,0,3,3,0,0,1
2018-04,家居家纺,办公家具,单商家多SKU,2,845.82,2,0,2,0,0,52.58,2,2,1,5,0,0,0,0,0,0,1
2018-04,家居家纺,办公家具,同SKU多件,14,6552.16,14,0,14,4,1,283.63,14,14,3,52,2,0,0,0,2,1,1
2018-04,家居家纺,办公家具,多商家,4,1837.02,4,0,4,0,0,39.22,4,4,3,8,2,0,1,1,2,0,3
2018-04,家居家纺,卧室家具,单件,6,1112.90,5,0,6,1,1,101.29,5,6,2,22,0,0,0,0,0,0,0
2018-04,家居家纺,卧室家具,同SKU多件,1,358.00,1,0,1,0,0,6.86,1,1,0,5,0,0,0,0,0,0,0
2018-04,家居家纺,厨具,同SKU多件,1,280.00,1,0,1,0,0,5.87,1,1,1,1,1,0,0,0,1,0,1
2018-04,家居家纺,厨房餐厅庭院家具,单件,16,2849.58,15,0,15,0,0,110.72,15,15,1,64,0,0,0,0,0,0,0
2018-04,家居家纺,厨房餐厅庭院家具,同SKU多件,1,134.00,1,0,1,0,0,3.08,1,1,0,4,0,0,0,0,0,0,0
2018-04,家居家纺,厨房餐厅庭院家具,多商家,1,170.75,1,0,1,0,0,7.35,1,1,0,5,0,0,0,0,0,0,0
2018-04,汽配工具,园林建材,单件,6,295.11,6,0,6,0,0,54.88,6,6,0,30,0,0,0,0,0,0,0
2018-04,汽配工具,园林建材,单商家多SKU,1,56.90,1,0,1,1,0,9.29,1,1,0,4,0,0,0,0,0,0,0
2018-04,汽配工具,园林建材,同SKU多件,3,841.56,3,0,3,0,1,56.44,3,3,0,14,0,0,0,0,0,0,0
2018-04,汽配工具,园林建材,多商家,1,76.32,1,0,1,0,0,7.29,1,1,1,2,1,0,0,0,1,0,0
2018-04,汽配工具,园艺工具,单件,202,30268.11,196,0,201,8,12,2388.66,196,201,17,853,1,0,1,0,0,0,4
2018-04,汽配工具,园艺工具,单商家多SKU,6,1185.70,6,0,6,0,1,97.26,6,6,1,25,1,0,0,0,1,0,0
2018-04,汽配工具,园艺工具,同SKU多件,22,3034.64,22,0,22,0,0,247.23,22,22,5,86,3,0,0,0,3,0,1
2018-04,汽配工具,园艺工具,多商家,1,49.76,1,0,1,0,0,7.17,1,1,1,1,0,0,0,0,0,0,0
2018-04,3C数码,固定电话,单件,9,1386.94,9,0,9,0,0,126.63,9,9,2,33,1,0,0,0,1,0,0
2018-04,3C数码,固定电话,同SKU多件,1,535.00,1,0,1,0,0,9.77,1,1,1,1,1,0,0,0,1,0,1
2018-04,家居家纺,圣诞用品,单件,7,236.27,7,0,7,0,0,81.71,7,7,0,32,0,0,0,0,0,0,0
2018-04,家居家纺,圣诞用品,同SKU多件,2,38.88,2,0,2,0,0,14.87,2,2,0,9,0,0,0,0,0,0,0
2018-04,图书文娱,大众图书,单件,38,5783.11,37,0,38,2,2,379.08,37,38,5,165,0,0,0,0,0,0,1
2018-04,图书文娱,大众图书,单商家多SKU,3,207.70,3,0,3,0,1,64.94,3,3,0,14,0,0,0,0,0,0,0
2018-04,图书文娱,大众图书,同SKU多件,2,304.70,2,0,2,0,0,17.93,2,2,0,10,0,0,0,0,0,0,0
2018-04,服饰鞋包,女装,同SKU多件,1,174.95,1,0,1,1,0,10.19,1,1,0,4,0,0,0,0,0,0,0
2018-04,母婴玩具,婴童用品,单件,205,46793.40,198,1,203,16,10,2393.09,198,204,34,817,14,0,4,5,5,0,11
2018-04,母婴玩具,婴童用品,单商家多SKU,4,1589.80,4,0,4,0,0,46.61,4,4,1,15,1,0,0,0,1,0,0
2018-04,母婴玩具,婴童用品,同SKU多件,9,1452.18,9,0,9,1,1,104.37,9,9,1,35,1,0,0,1,0,0,0
2018-04,母婴玩具,婴童用品,多商家,1,189.89,1,0,1,0,0,6.02,1,1,0,5,0,0,0,0,0,0,0
2018-04,汽配工具,安防工具,单件,22,2829.26,22,0,22,2,0,287.30,22,21,4,86,2,0,2,1,0,0,1
2018-04,汽配工具,安防工具,同SKU多件,1,58.00,1,0,1,1,0,19.67,1,1,0,3,0,0,0,0,0,0,0
2018-04,宠物,宠物用品,单件,138,15934.98,136,0,138,15,7,1634.17,136,137,16,581,5,0,2,2,1,0,4
2018-04,宠物,宠物用品,单商家多SKU,1,49.89,1,0,1,1,0,7.29,1,1,0,4,0,0,0,0,0,0,0
2018-04,宠物,宠物用品,同SKU多件,10,2132.65,9,1,9,1,0,84.32,9,10,2,37,1,0,0,0,1,0,1
2018-04,宠物,宠物用品,多商家,3,583.38,3,0,3,0,0,16.21,3,3,2,7,1,0,0,1,0,0,2
2018-04,家居家纺,客厅家具,单件,17,3014.42,16,0,16,1,2,296.54,16,17,7,54,0,0,0,0,0,0,1
2018-04,家居家纺,客厅家具,单商家多SKU,3,670.64,3,0,3,0,0,45.91,3,3,1,8,1,0,0,0,1,0,1
2018-04,家居家纺,客厅家具,同SKU多件,4,1373.64,4,0,4,2,0,18.95,4,4,1,10,2,0,0,1,1,0,0
2018-04,家居家纺,客厅家具,多商家,1,513.89,1,0,1,0,0,10.18,1,1,1,1,0,0,0,0,0,0,1
2018-04,家居家纺,家具软装,单件,370,41396.80,362,1,368,20,12,4206.75,362,369,32,1603,8,0,6,3,1,0,7
2018-04,家居家纺,家具软装,单商家多SKU,11,2132.88,11,0,11,0,1,135.14,11,11,4,36,2,0,0,0,2,0,3
2018-04,家居家纺,家具软装,同SKU多件,58,9579.00,58,0,58,2,0,488.04,58,58,15,215,12,0,0,1,11,0,1
2018-04,家居家纺,家具软装,多商家,17,3178.39,17,0,17,0,0,175.39,17,17,7,53,4,0,0,0,4,0,5
2018-04,家居家纺,家庭日用,单件,377,39204.56,368,0,375,29,22,4187.65,367,376,46,1556,10,0,6,4,1,0,19
2018-04,家居家纺,家庭日用,单商家多SKU,6,832.79,6,0,6,1,0,40.33,6,6,1,25,0,0,0,0,0,0,0
2018-04,家居家纺,家庭日用,同SKU多件,27,4660.49,27,0,27,4,1,232.97,27,27,5,107,3,0,0,0,3,0,2
2018-04,家居家纺,家庭日用,多商家,6,1072.17,6,0,6,0,0,41.32,6,6,3,17,3,0,0,0,3,0,3
2018-04,家用电器,家用电器,单件,106,15124.25,104,0,106,14,6,1156.12,104,106,16,433,6,1,1,2,2,0,5
2018-04,家用电器,家用电器2,单件,23,20741.69,23,0,23,2,0,233.05,23,23,1,103,1,0,0,1,0,0,0
2018-04,汽配工具,家装建材,单件,51,8335.90,50,0,51,7,4,602.81,50,51,8,201,3,0,3,0,0,0,2
2018-04,汽配工具,家装建材,单商家多SKU,1,163.50,1,0,1,0,0,2.90,1,1,1,2,0,0,0,0,0,0,0
2018-04,汽配工具,家装建材,同SKU多件,7,819.10,7,0,7,2,0,42.70,7,7,2,25,1,0,1,0,0,0,1
2018-04,家用电器,小家电,单件,56,11948.80,55,1,55,0,3,505.39,55,56,3,250,0,0,0,0,0,0,0
2018-04,家用电器,小家电,同SKU多件,4,201.63,4,0,4,0,0,26.90,4,4,0,18,0,0,0,0,0,0,0
2018-04,家居家纺,居家舒适,单件,12,1540.00,12,0,12,1,1,142.06,12,12,1,51,0,0,0,0,0,0,0
2018-04,家居家纺,居家舒适,同SKU多件,2,309.50,2,0,2,0,0,20.19,2,2,1,5,0,0,0,0,0,0,0
2018-04,其他,工商业用品,单件,42,4698.61,42,0,42,3,3,390.32,42,42,2,182,2,0,2,0,1,0,2
2018-04,其他,工商业用品,单商家多SKU,2,362.00,2,0,2,0,0,24.22,2,2,0,10,0,0,0,0,0,0,0
2018-04,其他,工商业用品,同SKU多件,2,316.00,2,0,2,0,0,14.48,2,2,0,10,0,0,0,0,0,0,0
2018-04,其他,工商业用品,多商家,1,179.90,1,0,1,0,0,9.15,1,1,0,3,0,0,0,0,0,0,1
2018-04,其他,平台综合,单件,15,627.23,15,0,15,3,0,153.20,15,15,0,69,1,0,0,1,0,0,0
2018-04,3C数码,平板打印,单件,1,52.00,1,0,1,0,0,7.25,1,1,0,5,0,0,0,0,0,0,0
2018-04,家居家纺,床品布艺卫浴,单件,500,52321.45,494,1,499,24,31,5869.65,492,494,65,2048,26,0,14,12,2,0,13
2018-04,家居家纺,床品布艺卫浴,单商家多SKU,33,5495.71,33,0,33,1,2,433.51,33,31,6,123,5,0,0,2,2,1,1
2018-04,家居家纺,床品布艺卫浴,同SKU多件,46,8249.73,45,0,46,1,0,424.61,45,46,11,177,9,0,1,0,8,0,0
2018-04,家居家纺,床品布艺卫浴,多商家,26,6137.72,25,0,26,0,0,223.24,25,26,15,69,5,0,0,0,5,0,3
2018-04,汽配工具,建筑工具,单件,65,10177.25,63,0,64,4,4,688.14,63,64,11,259,3,0,0,2,1,0,4
2018-04,汽配工具,建筑工具,同SKU多件,10,2889.83,10,0,10,1,0,68.39,10,10,0,45,1,0,0,0,1,0,0
2018-04,汽配工具,建筑工具,多商家,1,309.90,1,0,1,0,0,4.34,1,1,0,4,0,0,0,0,0,0,0
2018-04,图书文娱,影视光碟,单件,3,42.70,3,0,3,0,0,33.58,3,3,0,12,0,0,0,0,0,0,0
2018-04,图书文娱,影视光碟,单商家多SKU,1,49.80,1,0,1,0,0,11.32,1,1,0,5,0,0,0,0,0,0,0
2018-04,3C数码,影音设备,单件,27,6126.18,27,0,27,4,0,312.19,27,27,5,107,2,0,1,1,0,0,0
2018-04,3C数码,影音设备,同SKU多件,1,399.00,1,0,1,0,0,6.11,1,1,0,5,0,0,0,0,0,0,0
2018-04,家居家纺,手工艺品,单件,1,15.99,1,0,1,0,0,8.02,1,1,0,4,0,0,0,0,0,0,0
2018-04,3C数码,手机通讯,单件,226,14758.30,221,0,225,20,13,2597.72,221,224,28,914,13,0,7,7,3,1,3
2018-04,3C数码,手机通讯,单商家多SKU,4,242.92,4,0,4,0,0,36.80,4,4,1,15,1,0,0,0,1,0,0
2018-04,3C数码,手机通讯,同SKU多件,15,1448.90,15,0,15,3,0,143.51,15,15,6,48,3,0,1,0,2,0,0
2018-04,3C数码,手机通讯,多商家,2,180.94,2,0,2,0,0,5.15,2,2,2,2,0,0,0,0,0,0,1
2018-04,3C数码,摄影摄像,单件,5,521.74,5,0,5,0,1,79.79,5,5,1,22,0,0,0,0,0,0,0
2018-04,图书文娱,文具,单件,112,10504.74,109,0,111,6,6,1195.35,109,111,10,492,2,0,1,1,0,0,1
2018-04,图书文娱,文具,单商家多SKU,2,211.00,2,0,2,0,0,20.23,2,2,1,7,0,0,0,0,0,0,1
2018-04,图书文娱,文具,同SKU多件,15,917.38,15,0,15,0,0,118.31,15,14,3,57,2,0,0,0,2,0,0
2018-04,服饰鞋包,旅行箱包,单件,47,7323.02,47,0,47,1,2,512.89,47,47,0,217,0,0,0,0,0,0,0
2018-04,服饰鞋包,旅行箱包,单商家多SKU,2,768.60,2,0,2,0,0,11.87,2,2,0,9,0,0,0,0,0,0,0
2018-04,服饰鞋包,旅行箱包,同SKU多件,2,199.96,2,0,2,0,0,8.18,2,2,1,6,1,0,0,0,1,0,0
2018-04,服饰鞋包,旅行箱包,多商家,2,586.90,2,0,2,0,0,6.14,2,2,1,6,0,0,0,0,0,0,0
2018-04,未知,无商品明细,无商品明细,5,0.00,0,5,0,0,0,,0,5,4,10,0,0,0,0,0,0,3
2018-04,未知,未知品类,单件,67,7477.72,65,0,66,3,2,690.56,65,67,11,282,4,0,3,0,0,1,4
2018-04,未知,未知品类,单商家多SKU,1,85.35,1,0,1,0,0,10.14,1,1,0,4,0,0,0,0,0,0,0
2018-04,未知,未知品类,同SKU多件,2,379.52,2,0,2,0,0,11.69,2,2,0,9,0,0,0,0,0,0,0
2018-04,未知,未知品类,多商家,1,274.90,1,0,1,0,0,5.63,1,1,0,5,0,0,0,0,0,0,0
2018-04,汽配工具,标识安防,单件,14,1669.03,14,0,14,1,0,147.80,14,14,1,59,0,0,0,0,0,0,0
2018-04,汽配工具,标识安防,同SKU多件,7,494.27,7,0,7,0,0,66.33,7,7,1,29,1,0,0,0,1,0,0
2018-04,汽配工具,标识安防,多商家,1,59.00,1,0,1,0,0,6.01,1,1,1,2,1,0,0,0,1,0,0
2018-04,汽配工具,汽车用品,单件,318,44664.65,310,1,316,21,17,3610.45,310,318,41,1324,7,0,6,1,0,0,11
2018-04,汽配工具,汽车用品,单商家多SKU,3,779.70,3,0,3,0,0,28.26,3,3,1,11,1,0,0,0,1,0,0
2018-04,汽配工具,汽车用品,同SKU多件,8,3414.79,8,0,8,0,0,78.60,8,8,1,34,1,0,0,0,1,0,0
2018-04,汽配工具,汽车用品,多商家,6,807.86,6,0,6,0,0,73.60,6,6,4,11,2,0,0,0,2,0,1
2018-04,家居家纺,派对用品,同SKU多件,1,43.80,1,0,1,0,0,10.87,1,1,1,1,1,0,0,0,1,0,1
2018-04,3C数码,游戏主机,单件,37,5834.41,33,1,34,7,2,476.64,33,36,7,142,0,0,0,0,0,0,2
2018-04,3C数码,游戏主机,单商家多SKU,1,18.15,1,0,1,0,0,15.01,1,1,0,5,0,0,0,0,0,0,0
2018-04,3C数码,游戏主机,同SKU多件,4,1166.94,2,2,2,1,0,27.95,2,4,2,11,0,0,0,0,0,0,0
2018-04,3C数码,游戏主机,多商家,1,389.89,1,0,1,0,0,5.30,1,1,1,2,0,0,0,0,0,0,0
2018-04,钟表与潮流好物,潮流好物,单件,187,33759.96,186,1,186,17,12,2468.82,186,181,18,778,4,0,3,2,1,0,3
2018-04,钟表与潮流好物,潮流好物,单商家多SKU,2,309.09,2,0,2,0,0,24.30,2,2,1,6,0,0,0,0,0,0,1
2018-04,钟表与潮流好物,潮流好物,同SKU多件,3,655.56,3,0,3,0,0,32.83,3,3,0,14,0,0,0,0,0,0,0
2018-04,钟表与潮流好物,潮流好物,多商家,1,139.89,1,0,1,0,0,10.74,1,1,1,2,0,0,0,0,0,0,1
2018-04,汽配工具,灯具照明,单件,29,3807.89,29,0,29,0,0,271.33,29,29,2,122,1,0,1,0,1,1,0
2018-04,汽配工具,灯具照明,单商家多SKU,1,185.00,1,0,1,0,0,12.82,1,1,0,4,0,0,0,0,0,0,0
2018-04,汽配工具,灯具照明,同SKU多件,3,529.80,3,0,3,0,0,32.70,3,2,2,3,2,0,1,0,1,0,1
2018-04,汽配工具,灯具照明,多商家,2,451.99,2,0,2,0,0,19.37,2,1,0,4,0,0,0,0,0,0,0
2018-04,家用电器,烤箱咖啡机,单件,15,13980.98,13,0,15,0,1,144.97,13,15,3,61,0,0,0,0,0,0,0
2018-04,母婴玩具,玩具,单件,187,22373.98,184,1,186,4,7,1861.07,183,185,16,791,6,1,4,1,0,0,4
2018-04,母婴玩具,玩具,同SKU多件,7,899.50,7,0,7,0,0,51.22,7,7,2,27,2,0,0,1,2,0,1
2018-04,母婴玩具,玩具,多商家,2,115.54,2,0,2,0,0,12.11,2,2,0,10,0,0,0,0,0,0,0
2018-04,3C数码,电子产品,单件,192,9003.22,190,0,192,2,10,2287.01,190,191,25,780,9,0,7,1,1,0,9
2018-04,3C数码,电子产品,同SKU多件,7,565.42,7,0,7,0,0,72.12,7,7,1,29,1,0,0,0,1,0,0
2018-04,3C数码,电子产品,多商家,3,1595.76,3,0,3,0,0,29.75,3,3,2,9,2,0,0,0,2,0,0
2018-04,3C数码,电脑整机,单件,11,11378.92,11,0,11,0,0,123.16,11,11,0,51,0,0,0,0,0,0,0
2018-04,3C数码,电脑整机,同SKU多件,2,2396.00,2,0,2,0,0,16.56,2,2,1,5,1,0,0,0,1,0,1
2018-04,3C数码,电脑配件,单件,428,46492.14,414,1,425,34,14,4752.78,414,425,47,1785,18,3,11,4,1,1,12
2018-04,3C数码,电脑配件,单商家多SKU,4,1615.60,4,0,4,0,0,37.60,4,4,2,12,0,0,0,0,0,0,1
2018-04,3C数码,电脑配件,同SKU多件,32,8608.44,31,0,32,0,2,369.90,31,32,12,106,7,0,1,3,5,0,2
2018-04,3C数码,电脑配件,多商家,16,2857.86,15,0,16,0,0,140.80,15,15,10,34,4,0,0,0,4,0,4
2018-04,服饰鞋包,男装,单件,1,195.00,1,0,1,0,1,32.09,1,0,0,0,0,0,0,0,0,0,0
2018-04,家用电器,空调冷暖,单件,21,2941.99,21,0,21,0,0,206.20,21,21,1,96,0,0,0,0,0,0,0
2018-04,家用电器,空调冷暖,同SKU多件,1,319.80,1,0,1,0,0,10.79,1,0,0,0,0,0,0,0,0,0,0
2018-04,服饰鞋包,箱包配饰,单件,90,8141.88,87,1,89,1,2,786.65,87,88,7,388,4,0,2,1,0,1,2
2018-04,服饰鞋包,箱包配饰,单商家多SKU,2,424.20,1,0,1,0,0,12.65,1,2,1,5,0,0,0,0,0,0,1
2018-04,服饰鞋包,箱包配饰,同SKU多件,1,179.97,1,0,1,1,0,12.39,1,1,0,5,0,0,0,0,0,0,0
2018-04,服饰鞋包,箱包配饰,多商家,2,234.90,2,0,2,0,0,20.46,2,2,1,6,0,0,0,0,0,0,0
2018-04,母婴玩具,纸尿裤卫生,单件,4,149.00,4,0,4,0,0,49.16,4,4,0,17,0,0,0,0,0,0,0
2018-04,美妆个护,美妆健康,单件,567,82900.94,562,0,567,24,32,6946.75,562,561,54,2410,13,2,4,7,0,0,22
2018-04,美妆个护,美妆健康,单商家多SKU,13,2307.65,13,0,13,0,0,134.16,13,13,3,48,2,0,0,0,2,0,0
2018-04,美妆个护,美妆健康,同SKU多件,34,4950.56,32,0,33,1,1,301.16,32,34,10,119,8,0,1,1,7,0,1
2018-04,美妆个护,美妆健康,多商家,8,1700.39,8,0,8,0,0,62.72,8,8,2,28,2,0,0,0,2,0,2
2018-04,家居家纺,艺术品,单件,26,2140.28,26,0,26,2,0,250.01,26,24,1,108,0,0,0,0,0,0,0
2018-04,运动户外,运动休闲,单件,475,56019.58,465,2,472,26,20,5076.58,464,473,48,2034,12,1,4,6,3,0,14
2018-04,运动户外,运动休闲,单商家多SKU,6,1673.09,6,0,6,1,0,56.52,5,6,0,30,0,0,0,0,0,0,0
2018-04,运动户外,运动休闲,同SKU多件,41,8601.93,39,0,40,2,1,447.74,39,41,9,157,6,0,0,1,6,0,4
2018-04,运动户外,运动休闲,多商家,7,1344.49,7,0,7,1,0,56.85,7,7,4,17,3,0,0,0,3,0,4
2018-04,服饰鞋包,运动服饰,单件,1,89.90,1,0,1,0,0,10.82,1,1,0,5,0,0,0,0,0,0,0
2018-04,图书文娱,进口图书,单件,4,317.99,4,0,4,0,0,13.42,4,4,0,19,0,0,0,0,0,0,0
2018-04,食品酒水,酒水饮料,单件,22,984.54,22,0,22,0,0,156.13,22,22,1,102,0,0,0,0,0,0,0
2018-04,食品酒水,酒水饮料,同SKU多件,6,3929.40,6,0,6,0,0,45.38,6,6,2,20,2,0,0,0,2,0,0
2018-04,钟表与潮流好物,钟表礼品,单件,442,84731.72,431,0,440,33,17,5615.05,431,438,44,1887,13,2,4,5,2,1,16
2018-04,钟表与潮流好物,钟表礼品,单商家多SKU,9,1347.70,9,0,9,0,0,81.52,9,9,2,33,2,0,0,0,2,0,2
2018-04,钟表与潮流好物,钟表礼品,同SKU多件,13,3739.30,13,0,13,0,0,165.68,13,13,1,51,0,0,0,0,0,0,0
2018-04,钟表与潮流好物,钟表礼品,多商家,7,3159.66,7,0,7,0,0,87.58,7,7,4,17,3,0,0,0,3,0,2
2018-04,服饰鞋包,鞋靴,单件,11,1438.70,11,0,11,0,1,191.94,11,11,2,44,1,0,0,1,0,0,1
2018-04,图书文娱,音乐,单件,5,1696.86,5,0,5,0,1,84.78,5,5,1,20,1,0,1,0,0,0,0
2018-04,图书文娱,音乐CD/DVD,单件,1,65.00,1,0,1,0,0,19.51,1,1,0,5,0,0,0,0,0,0,0
2018-04,食品酒水,食品,单件,31,1283.06,31,0,31,1,1,320.64,31,30,2,129,3,0,3,0,0,0,0
2018-04,食品酒水,食品,同SKU多件,4,325.40,4,0,4,0,0,28.80,4,4,0,20,0,0,0,0,0,0,0
2018-04,食品酒水,食品,多商家,1,134.37,1,0,1,0,0,2.23,1,1,0,5,0,0,0,0,0,0,0
2018-04,食品酒水,食品饮料,单件,14,433.75,14,0,14,0,0,134.65,14,14,0,63,0,0,0,0,0,0,0
2018-04,食品酒水,食品饮料,同SKU多件,2,171.32,2,0,2,0,0,19.21,2,2,0,9,0,0,0,0,0,0,0
2018-04,美妆个护,香水香氛,单件,146,16550.58,145,0,146,7,3,1442.30,145,146,16,629,7,0,1,6,1,0,4
2018-04,美妆个护,香水香氛,单商家多SKU,4,294.23,4,0,4,0,0,28.08,4,4,1,15,0,0,0,0,0,0,1
2018-04,美妆个护,香水香氛,同SKU多件,5,557.36,5,0,5,1,0,33.57,5,5,1,20,0,0,0,0,0,0,0
2018-04,美妆个护,香水香氛,多商家,3,385.59,3,0,3,0,0,18.44,3,3,1,11,0,0,0,0,0,0,0
2018-04,家居家纺,鲜花绿植,单件,2,94.50,2,0,2,0,0,25.77,2,2,0,9,0,0,0,0,0,0,0
2018-04,家居家纺,鲜花绿植,多商家,1,172.14,1,0,1,0,0,2.08,1,1,1,1,1,0,0,0,1,0,0
2018-05,图书文娱,专业图书,单件,54,2939.70,53,0,54,5,9,645.90,53,53,5,229,1,0,0,1,0,0,1
2018-05,图书文娱,专业图书,同SKU多件,1,115.78,1,0,1,0,0,13.28,1,1,0,5,0,0,0,0,0,0,0
2018-05,图书文娱,乐器,单件,55,18470.20,55,0,55,3,3,571.79,54,55,5,240,2,0,1,1,0,0,0
2018-05,图书文娱,乐器,同SKU多件,2,209.98,2,0,2,0,0,21.37,2,2,0,8,0,0,0,0,0,0,0
2018-05,图书文娱,乐器,多商家,1,65.90,1,0,1,0,0,2.91,1,1,0,5,0,0,0,0,0,0,0
2018-05,汽配工具,五金工具,单件,5,417.90,5,0,5,0,0,74.31,5,5,0,24,0,0,0,0,0,0,0
2018-05,服饰鞋包,内衣泳装,单件,4,199.60,4,0,4,0,0,59.73,4,4,1,17,1,0,0,1,0,0,0
2018-05,服饰鞋包,内衣泳装,同SKU多件,1,7.80,1,0,1,0,0,6.70,1,1,0,5,0,0,0,0,0,0,0
2018-05,其他,农业工商,单件,8,3279.75,8,0,8,1,1,73.52,8,8,0,36,0,0,0,0,0,0,0
2018-05,家居家纺,办公家具,单件,72,15091.34,71,0,72,19,5,1426.01,71,72,9,288,5,0,3,3,2,0,2
2018-05,家居家纺,办公家具,单商家多SKU,1,449.82,1,0,1,0,0,20.08,1,1,0,5,0,0,0,0,0,0,0
2018-05,家居家纺,办公家具,同SKU多件,9,5284.80,9,0,9,5,0,175.50,9,9,2,34,1,0,0,0,1,0,0
2018-05,家居家纺,办公家具,多商家,1,348.20,1,0,1,0,0,19.66,1,1,1,1,1,0,0,0,1,0,1
2018-05,家居家纺,卧室家具,单件,4,1305.00,4,0,4,1,0,51.14,4,4,0,17,0,0,0,0,0,0,0
2018-05,家居家纺,卧室家具,同SKU多件,1,179.98,1,0,1,0,0,14.90,1,1,0,4,0,0,0,0,0,0,0
2018-05,家用电器,厨房料理电器,单件,2,1958.00,2,0,2,0,0,26.13,2,2,0,10,0,0,0,0,0,0,0
2018-05,家居家纺,厨房餐厅庭院家具,单件,7,1084.49,7,0,7,0,0,54.54,7,7,1,27,1,0,0,0,1,0,0
2018-05,家居家纺,厨房餐厅庭院家具,同SKU多件,3,1225.60,3,0,3,0,0,19.48,3,3,1,10,1,0,0,0,1,0,1
2018-05,汽配工具,园林建材,单件,10,902.58,10,0,10,0,0,111.29,10,10,0,48,0,0,0,0,0,0,0
2018-05,汽配工具,园林建材,单商家多SKU,2,142.25,2,0,2,0,0,20.23,2,2,0,8,0,0,0,0,0,0,0
2018-05,汽配工具,园林建材,同SKU多件,1,56.90,1,0,1,0,0,8.41,1,1,1,2,1,0,0,0,1,0,0
2018-05,汽配工具,园艺工具,单件,184,30313.58,181,0,184,3,13,2156.42,179,183,11,798,6,0,3,2,1,0,5
2018-05,汽配工具,园艺工具,单商家多SKU,6,1000.60,6,0,6,0,1,99.74,6,5,1,22,1,0,0,0,1,0,0
2018-05,汽配工具,园艺工具,同SKU多件,33,5897.61,33,0,33,1,0,405.80,33,32,2,138,4,0,0,0,4,0,0
2018-05,汽配工具,园艺工具,多商家,3,515.30,3,0,3,0,0,28.22,3,3,2,7,1,0,0,0,1,0,0
2018-05,3C数码,固定电话,单件,10,1071.10,9,1,9,0,1,76.14,9,10,1,43,0,0,0,0,0,0,1
2018-05,3C数码,固定电话,同SKU多件,2,875.00,2,0,2,0,0,21.35,2,2,1,5,1,0,0,0,1,0,0
2018-05,家居家纺,圣诞用品,单件,6,524.53,6,0,6,0,0,75.13,6,6,0,30,0,0,0,0,0,0,0
2018-05,图书文娱,大众图书,单件,48,5903.38,45,1,47,2,1,518.76,45,48,4,211,1,0,1,0,0,0,0
2018-05,图书文娱,大众图书,单商家多SKU,2,137.75,2,0,2,0,0,5.82,2,2,0,8,1,0,0,0,1,0,0
2018-05,图书文娱,大众图书,同SKU多件,1,17.80,1,0,1,0,0,7.87,1,1,0,4,0,0,0,0,0,0,0
2018-05,母婴玩具,婴童用品,单件,197,29244.64,191,1,192,13,8,2028.85,189,197,17,840,8,0,5,3,0,0,4
2018-05,母婴玩具,婴童用品,单商家多SKU,1,173.80,1,0,1,0,0,9.32,1,1,1,1,0,0,0,0,0,0,0
2018-05,母婴玩具,婴童用品,同SKU多件,12,1174.94,12,0,12,1,1,126.87,11,11,1,44,0,0,0,0,0,0,0
2018-05,母婴玩具,婴童用品,多商家,9,3679.81,9,0,9,0,0,98.71,9,9,5,23,1,0,1,0,0,0,4
2018-05,汽配工具,安防工具,单件,20,5885.13,17,0,17,1,0,205.44,17,20,7,66,3,0,1,1,1,0,2
2018-05,汽配工具,安防工具,单商家多SKU,1,446.97,1,0,1,0,0,17.19,1,1,0,5,0,0,0,0,0,0,0
2018-05,汽配工具,安防工具,同SKU多件,2,1053.60,1,1,1,0,1,22.62,1,2,1,4,0,0,0,0,0,0,1
2018-05,宠物,宠物用品,单件,117,10430.53,117,0,117,9,4,1127.92,117,116,10,511,5,0,1,4,0,0,1
2018-05,宠物,宠物用品,单商家多SKU,1,19.80,1,0,1,1,0,8.82,1,1,1,2,0,0,0,0,0,0,0
2018-05,宠物,宠物用品,同SKU多件,8,1225.14,8,0,8,1,1,99.37,8,8,2,28,1,0,0,0,1,0,0
2018-05,宠物,宠物用品,多商家,1,57.89,1,0,1,0,0,1.86,1,1,1,1,0,0,0,0,0,0,1
2018-05,家居家纺,客厅家具,单件,11,1235.65,11,0,11,0,0,164.29,11,11,1,47,1,0,1,0,0,0,0
2018-05,家居家纺,客厅家具,同SKU多件,1,988.44,1,0,1,0,0,9.33,1,1,0,5,0,0,0,0,0,0,0
2018-05,家居家纺,客厅家具,多商家,1,666.89,1,0,1,0,0,7.74,1,1,1,1,0,0,0,0,0,0,0
2018-05,家居家纺,家具软装,单件,357,37470.61,352,0,356,31,25,4253.72,351,357,34,1539,14,0,7,5,1,3,12
2018-05,家居家纺,家具软装,单商家多SKU,15,3530.43,15,0,15,0,0,191.81,15,15,4,55,3,0,0,0,3,0,2
2018-05,家居家纺,家具软装,同SKU多件,75,10549.65,74,1,74,6,8,860.09,74,74,16,285,8,0,0,1,7,0,8
2018-05,家居家纺,家具软装,多商家,10,2734.56,10,0,10,0,0,66.13,9,10,7,22,1,0,0,0,1,0,3
2018-05,家居家纺,家庭日用,单件,414,45847.00,413,0,414,13,20,4229.09,412,412,25,1813,11,0,6,3,4,0,8
2018-05,家居家纺,家庭日用,单商家多SKU,7,1223.42,7,0,7,0,1,49.63,7,6,2,20,2,0,1,0,1,0,0
2018-05,家居家纺,家庭日用,同SKU多件,61,14629.91,61,0,61,3,3,578.03,61,60,12,234,13,0,3,0,11,0,2
2018-05,家居家纺,家庭日用,多商家,8,1389.26,8,0,8,0,1,104.24,8,8,3,19,4,0,0,0,4,0,3
2018-05,家用电器,家用电器,单件,62,6114.37,62,0,62,3,4,668.15,62,62,9,252,4,1,0,3,1,0,3
2018-05,家用电器,家用电器,同SKU多件,1,35.30,1,0,1,0,1,17.04,1,1,0,4,0,0,0,0,0,0,0
2018-05,家用电器,家用电器2,单件,23,14441.24,23,0,23,1,1,238.27,23,23,3,98,1,0,1,0,0,0,2
2018-05,汽配工具,家装建材,单件,46,7346.99,46,0,46,11,1,550.89,46,45,8,186,3,0,1,2,0,0,2
2018-05,汽配工具,家装建材,同SKU多件,10,1896.54,10,0,10,3,1,140.47,10,10,1,41,2,0,0,1,1,0,0
2018-05,汽配工具,家装建材,多商家,4,581.82,4,0,4,1,0,33.41,4,4,3,6,1,0,0,0,1,0,3
2018-05,家用电器,小家电,单件,30,8113.78,30,0,30,2,2,379.13,30,30,4,126,2,0,1,1,1,0,2
2018-05,家用电器,小家电,同SKU多件,8,2252.21,8,0,8,0,1,79.02,8,8,2,28,1,0,0,0,1,0,0
2018-05,家居家纺,居家舒适,单件,15,2165.30,14,0,15,1,1,188.79,14,15,3,58,0,0,0,0,0,0,2
2018-05,家居家纺,居家舒适,单商家多SKU,1,170.90,1,0,1,0,0,6.97,1,1,0,5,0,0,0,0,0,0,0
2018-05,家居家纺,居家舒适,同SKU多件,2,434.50,2,0,2,0,0,14.62,2,2,1,4,1,0,0,0,1,0,0
2018-05,家居家纺,居家舒适,多商家,1,129.89,1,0,1,0,0,7.10,1,1,1,1,1,0,0,0,1,0,1
2018-05,其他,工商业用品,单件,30,2976.99,29,0,30,1,2,219.10,29,30,4,128,2,0,1,1,0,0,2
2018-05,其他,工商业用品,单商家多SKU,1,220.00,1,0,1,0,0,10.33,1,1,0,5,0,0,0,0,0,0,0
2018-05,其他,工商业用品,同SKU多件,4,694.00,4,0,4,0,0,37.01,4,4,1,13,1,0,1,0,0,1,0
2018-05,其他,平台综合,单件,11,822.47,11,0,11,0,1,116.48,11,11,1,45,1,0,1,0,0,0,0
2018-05,其他,平台综合,同SKU多件,1,69.98,1,0,1,0,0,4.91,1,1,1,1,1,0,0,0,1,0,0
2018-05,其他,平台综合,多商家,1,123.00,1,0,1,0,0,6.86,1,1,1,1,0,0,0,0,0,0,0
2018-05,3C数码,平板打印,单件,1,49.90,1,0,1,0,0,8.20,1,1,0,5,0,0,0,0,0,0,0
2018-05,家居家纺,床品布艺卫浴,单件,492,51833.37,488,1,491,22,29,5965.58,485,489,51,2047,16,0,8,10,1,0,12
2018-05,家居家纺,床品布艺卫浴,单商家多SKU,27,4648.83,27,0,27,1,3,310.15,26,26,5,96,3,0,0,0,3,0,2
2018-05,家居家纺,床品布艺卫浴,同SKU多件,53,10544.51,52,0,53,2,2,583.69,52,52,10,199,8,0,0,1,7,0,1
2018-05,家居家纺,床品布艺卫浴,多商家,27,4240.07,27,0,27,0,0,229.58,27,25,10,78,5,0,1,1,3,0,4
2018-05,汽配工具,建筑工具,单件,70,15612.14,70,0,70,3,4,739.62,70,70,7,299,2,0,1,1,0,0,4
2018-05,汽配工具,建筑工具,单商家多SKU,2,662.00,2,0,2,0,0,33.66,2,2,0,9,0,0,0,0,0,0,0
2018-05,汽配工具,建筑工具,同SKU多件,15,4088.46,15,0,15,0,0,144.13,15,15,4,55,2,0,0,1,1,0,0
2018-05,汽配工具,建筑工具,多商家,1,667.00,1,0,1,0,0,7.96,1,1,0,5,0,0,0,0,0,0,0
2018-05,图书文娱,影视光碟,单件,5,359.96,5,0,5,0,0,52.74,5,5,0,23,0,0,0,0,0,0,0
2018-05,图书文娱,影视光碟,同SKU多件,1,79.98,1,0,1,0,0,8.43,1,1,1,1,1,0,0,0,1,0,0
2018-05,3C数码,影音设备,单件,18,2612.88,18,0,18,5,4,265.23,18,18,4,69,2,0,2,1,1,1,2
2018-05,3C数码,影音设备,同SKU多件,1,29.80,1,0,1,0,0,2.31,1,1,0,4,0,0,0,0,0,0,0
2018-05,家居家纺,手工艺品,单件,1,89.80,1,0,1,0,0,3.12,1,1,0,4,0,0,0,0,0,0,0
2018-05,3C数码,手机通讯,单件,228,20283.87,222,0,224,12,11,2533.21,219,227,18,969,9,1,3,5,0,0,5
2018-05,3C数码,手机通讯,同SKU多件,9,480.88,9,0,9,0,0,83.77,9,9,1,36,1,0,0,0,1,0,0
2018-05,3C数码,手机通讯,多商家,3,865.94,3,0,3,0,0,28.16,3,3,0,14,0,0,0,0,0,0,0
2018-05,3C数码,摄影摄像,单件,16,2177.69,15,0,16,1,1,188.45,15,16,1,72,0,0,0,0,0,0,1
2018-05,3C数码,摄影摄像,同SKU多件,1,99.60,1,0,1,0,0,1.87,1,1,0,5,0,0,0,0,0,0,0
2018-05,图书文娱,文具,单件,114,10323.13,114,0,114,4,6,1257.43,111,113,8,507,1,0,1,0,0,0,2
2018-05,图书文娱,文具,单商家多SKU,1,1727.00,1,0,1,0,0,19.03,1,1,1,1,0,0,0,0,0,0,1
2018-05,图书文娱,文具,同SKU多件,4,587.58,4,0,4,0,0,39.34,4,4,1,16,1,0,0,0,1,0,0
2018-05,图书文娱,文具,多商家,3,310.77,3,0,3,0,0,18.02,3,3,0,14,0,0,0,0,0,0,0
2018-05,服饰鞋包,旅行箱包,单件,39,5278.67,39,0,39,0,1,361.79,39,39,2,166,5,0,2,3,0,0,0
2018-05,服饰鞋包,旅行箱包,单商家多SKU,1,379.80,1,0,1,0,0,6.92,1,1,0,5,0,0,0,0,0,0,0
2018-05,服饰鞋包,旅行箱包,同SKU多件,3,945.00,3,0,3,0,0,11.68,3,3,1,11,1,0,0,0,1,0,0
2018-05,未知,无商品明细,无商品明细,20,0.00,0,20,0,0,0,,0,20,19,28,0,0,0,0,0,0,9
2018-05,未知,未知品类,单件,29,2567.52,28,1,28,1,0,244.49,28,29,2,127,0,0,0,0,0,0,0
2018-05,未知,未知品类,同SKU多件,5,304.08,5,0,5,0,2,93.63,5,5,3,11,0,0,0,0,0,0,1
2018-05,汽配工具,标识安防,单件,4,307.80,4,0,4,0,0,41.17,4,4,0,17,0,0,0,0,0,0,0
2018-05,汽配工具,标识安防,同SKU多件,1,299.80,1,0,1,0,0,7.19,1,1,0,5,0,0,0,0,0,0,0
2018-05,汽配工具,汽车用品,单件,285,39344.54,282,1,284,6,25,3033.25,281,285,36,1192,16,0,6,9,2,0,13
2018-05,汽配工具,汽车用品,同SKU多件,9,1125.00,9,0,9,0,0,108.59,8,9,1,37,1,1,1,0,0,0,0
2018-05,汽配工具,汽车用品,多商家,4,506.60,4,0,4,0,0,47.06,4,4,2,11,2,0,0,0,2,0,0
2018-05,家居家纺,派对用品,单件,2,56.90,2,0,2,0,0,12.46,2,2,0,10,0,0,0,0,0,0,0
2018-05,家居家纺,派对用品,同SKU多件,1,43.80,1,0,1,0,0,8.59,1,1,1,1,1,0,0,0,1,0,1
2018-05,3C数码,游戏主机,单件,34,3718.55,32,0,32,3,1,317.61,31,34,3,142,1,0,0,1,0,0,2
2018-05,3C数码,游戏主机,同SKU多件,5,1920.62,5,0,5,0,0,61.74,5,5,2,15,1,0,0,0,1,0,1
2018-05,钟表与潮流好物,潮流好物,单件,160,28271.81,159,0,160,6,9,1759.34,159,159,17,667,5,0,2,2,2,0,7
2018-05,钟表与潮流好物,潮流好物,单商家多SKU,1,439.98,1,0,1,0,0,24.23,1,1,0,5,0,0,0,0,0,0,0
2018-05,钟表与潮流好物,潮流好物,同SKU多件,3,793.46,3,0,3,0,0,41.64,3,3,1,11,0,0,0,0,0,0,0
2018-05,钟表与潮流好物,潮流好物,多商家,1,241.89,1,0,1,0,0,6.38,1,1,1,1,1,0,0,0,1,0,0
2018-05,汽配工具,灯具照明,单件,28,3649.84,27,0,28,1,2,284.41,27,28,3,120,0,0,0,0,0,0,0
2018-05,汽配工具,灯具照明,同SKU多件,4,1827.97,3,1,3,0,0,27.95,3,3,1,11,0,0,0,0,0,0,1
2018-05,家用电器,烤箱咖啡机,单件,9,10161.60,9,0,9,1,2,102.30,9,9,1,38,0,0,0,0,0,0,1
2018-05,母婴玩具,玩具,单件,205,30070.95,202,1,204,11,12,2038.31,200,205,16,894,6,1,5,1,0,1,7
2018-05,母婴玩具,玩具,单商家多SKU,1,234.89,1,0,1,1,0,32.44,1,1,0,4,0,0,0,0,0,0,0
2018-05,母婴玩具,玩具,同SKU多件,5,786.58,5,0,5,0,1,57.51,5,5,1,21,1,1,1,0,0,0,0
2018-05,母婴玩具,玩具,多商家,2,752.79,2,0,2,0,0,18.17,2,2,1,6,0,0,0,0,0,0,1
2018-05,3C数码,电子产品,单件,215,15498.43,211,2,213,6,8,2243.92,210,212,16,914,2,0,1,1,0,0,7
2018-05,3C数码,电子产品,单商家多SKU,1,819.80,1,0,1,0,0,18.82,1,1,0,5,0,0,0,0,0,0,0
2018-05,3C数码,电子产品,同SKU多件,7,990.96,7,0,7,0,0,63.96,7,7,1,28,0,0,0,0,0,0,0
2018-05,3C数码,电脑整机,单件,3,2100.00,2,0,3,0,1,19.17,2,3,1,11,0,0,0,0,0,0,1
2018-05,3C数码,电脑整机,同SKU多件,4,7329.92,4,0,4,0,0,35.80,4,4,0,19,0,0,0,0,0,0,0
2018-05,3C数码,电脑配件,单件,368,38115.39,359,0,363,5,15,4140.82,358,366,55,1494,32,5,21,10,1,0,3
2018-05,3C数码,电脑配件,单商家多SKU,6,4055.00,6,0,6,0,0,69.41,6,6,2,22,1,0,1,0,0,0,1
2018-05,3C数码,电脑配件,同SKU多件,27,8906.55,26,1,26,3,1,331.82,26,27,3,108,1,0,0,0,1,0,0
2018-05,3C数码,电脑配件,多商家,5,360.54,5,0,5,0,0,60.55,5,5,2,14,1,0,0,0,1,0,3
2018-05,服饰鞋包,男装,单件,1,129.99,1,0,1,0,0,10.94,1,1,0,5,0,0,0,0,0,0,0
2018-05,家用电器,空调冷暖,单件,13,1681.20,12,1,12,0,0,114.90,12,13,3,51,0,0,0,0,0,0,1
2018-05,家用电器,空调冷暖,同SKU多件,1,370.00,1,0,1,0,0,7.26,1,1,0,5,0,0,0,0,0,0,0
2018-05,服饰鞋包,箱包配饰,单件,97,8566.49,97,0,97,2,7,922.90,95,97,4,442,3,0,2,2,0,0,3
2018-05,服饰鞋包,箱包配饰,单商家多SKU,4,2680.79,3,0,4,0,0,16.81,3,4,0,20,0,0,0,0,0,0,0
2018-05,服饰鞋包,箱包配饰,同SKU多件,1,48.00,1,0,1,0,0,2.59,1,1,0,5,0,0,0,0,0,0,0
2018-05,服饰鞋包,箱包配饰,多商家,2,188.88,2,0,2,0,0,8.54,2,2,0,8,1,0,0,1,0,0,0
2018-05,母婴玩具,纸尿裤卫生,单件,3,117.00,3,0,3,0,0,29.50,3,3,0,14,0,0,0,0,0,0,0
2018-05,美妆个护,美妆健康,单件,610,80192.20,595,5,602,68,67,7085.54,594,607,66,2578,16,0,6,8,3,0,20
2018-05,美妆个护,美妆健康,单商家多SKU,21,4528.82,19,0,20,1,2,147.45,19,21,3,88,2,0,0,1,1,0,1
2018-05,美妆个护,美妆健康,同SKU多件,44,9533.17,44,0,44,3,2,445.11,44,44,7,186,2,0,0,0,2,0,0
2018-05,美妆个护,美妆健康,多商家,4,2303.66,4,0,4,0,0,49.26,4,4,0,16,1,0,0,0,1,0,0
2018-05,家居家纺,艺术品,单件,34,2591.88,32,0,34,11,5,422.54,32,34,7,136,0,0,0,0,0,0,2
2018-05,家居家纺,艺术品,同SKU多件,1,99.98,1,0,1,0,0,17.16,1,1,1,1,1,0,0,0,1,0,0
2018-05,运动户外,运动休闲,单件,405,53090.21,402,1,404,12,26,4231.45,401,403,39,1732,13,0,4,7,2,1,16
2018-05,运动户外,运动休闲,单商家多SKU,3,796.60,3,0,3,0,0,25.00,3,3,0,15,0,0,0,0,0,0,0
2018-05,运动户外,运动休闲,同SKU多件,32,4861.04,32,0,32,4,3,255.03,32,32,2,148,0,0,0,0,0,0,1
2018-05,运动户外,运动休闲,多商家,7,1077.48,7,0,7,0,0,69.15,7,7,2,22,2,0,0,0,2,0,2
2018-05,图书文娱,进口图书,单件,8,198.92,8,0,8,0,0,35.81,8,8,0,39,0,0,0,0,0,0,0
2018-05,图书文娱,进口图书,单商家多SKU,1,212.00,1,0,1,0,0,13.87,1,1,0,5,0,0,0,0,0,0,0
2018-05,食品酒水,酒水饮料,单件,25,1837.27,24,0,24,1,0,185.02,24,25,3,111,2,0,0,2,0,0,1
2018-05,食品酒水,酒水饮料,同SKU多件,8,924.81,8,0,8,0,0,58.59,8,8,2,28,2,0,0,0,2,0,0
2018-05,钟表与潮流好物,钟表礼品,单件,566,112511.44,555,0,561,84,50,7726.86,555,565,80,2325,26,3,6,19,1,0,29
2018-05,钟表与潮流好物,钟表礼品,单商家多SKU,9,5688.00,9,0,9,0,1,97.62,9,9,5,26,4,0,0,1,3,0,0
2018-05,钟表与潮流好物,钟表礼品,同SKU多件,14,3634.95,14,0,14,2,1,163.58,14,14,6,40,6,0,1,0,5,0,3
2018-05,钟表与潮流好物,钟表礼品,多商家,6,2113.27,6,0,6,0,0,57.12,6,6,4,14,1,0,0,0,1,0,2
2018-05,服饰鞋包,鞋靴,单件,10,1582.70,10,0,10,0,0,158.69,10,10,0,45,0,0,0,0,0,0,0
2018-05,图书文娱,音乐,单件,4,676.10,4,0,4,0,0,43.11,4,4,0,18,0,0,0,0,0,0,0
2018-05,食品酒水,食品,单件,29,1087.95,29,0,29,0,2,230.52,29,29,1,128,2,0,1,1,0,0,0
2018-05,食品酒水,食品,同SKU多件,5,286.18,5,0,5,1,0,46.68,5,5,0,23,0,0,0,0,0,0,0
2018-05,食品酒水,食品,多商家,1,100.50,1,0,1,0,0,11.09,1,1,0,5,0,0,0,0,0,0,0
2018-05,食品酒水,食品饮料,单件,11,655.50,11,0,11,0,0,95.12,11,11,0,55,0,0,0,0,0,0,0
2018-05,食品酒水,食品饮料,同SKU多件,4,583.94,4,0,4,0,0,38.38,4,4,0,18,0,0,0,0,0,0,0
2018-05,美妆个护,香水香氛,单件,164,22366.30,163,0,163,21,12,1740.81,163,164,14,728,5,0,0,5,1,0,6
2018-05,美妆个护,香水香氛,单商家多SKU,2,197.98,2,0,2,0,2,72.68,2,2,1,5,0,0,0,0,0,0,0
2018-05,美妆个护,香水香氛,同SKU多件,11,1746.72,11,0,11,1,1,97.33,11,11,4,39,3,0,1,1,2,0,1
2018-05,美妆个护,香水香氛,多商家,2,417.60,2,0,2,0,0,9.52,2,2,2,2,1,0,0,0,1,0,2
2018-05,家居家纺,鲜花绿植,单件,1,16.40,1,0,1,1,0,16.88,1,1,0,3,0,0,0,0,0,0,0
2018-06,图书文娱,专业图书,单件,24,1661.54,24,0,24,1,0,217.21,24,24,1,113,1,1,0,1,0,0,0
2018-06,图书文娱,专业图书,多商家,1,92.89,1,0,1,0,0,12.17,1,1,1,2,0,0,0,0,0,0,1
2018-06,图书文娱,乐器,单件,45,16022.12,45,0,45,3,1,431.28,45,44,3,195,2,0,1,1,0,1,1
2018-06,图书文娱,乐器,多商家,1,155.80,1,0,1,0,0,3.84,1,1,0,5,0,0,0,0,0,0,0
2018-06,汽配工具,五金工具,单件,4,527.00,4,0,4,0,0,36.79,4,4,0,20,0,0,0,0,0,0,0
2018-06,服饰鞋包,内衣泳装,单件,2,109.80,2,0,2,1,0,25.24,2,2,0,7,0,0,0,0,0,0,0
2018-06,服饰鞋包,内衣泳装,同SKU多件,1,19.50,1,0,1,0,0,7.12,1,1,0,5,0,0,0,0,0,0,0
2018-06,其他,农业工商,单件,10,3515.80,10,0,10,0,0,107.64,10,10,1,42,1,0,0,0,1,0,0
2018-06,家居家纺,办公家具,单件,48,9110.53,47,0,48,9,1,882.05,47,48,7,194,5,0,4,1,0,1,2
2018-06,家居家纺,办公家具,单商家多SKU,1,225.88,1,0,1,0,0,25.38,1,1,1,1,1,0,1,0,1,0,0
2018-06,家居家纺,办公家具,同SKU多件,10,3089.28,10,0,10,2,0,163.13,10,10,2,36,3,0,0,0,3,0,2
2018-06,家居家纺,办公家具,多商家,1,299.89,1,0,1,0,0,19.90,1,1,1,1,1,0,0,0,1,0,0
2018-06,家居家纺,卧室家具,单件,5,893.99,5,0,5,3,0,96.46,5,5,1,19,1,0,1,0,0,0,0
2018-06,家居家纺,卧室家具,同SKU多件,1,160.00,1,0,1,0,0,6.99,1,1,0,5,0,0,0,0,0,0,0
2018-06,家居家纺,卧室家具,多商家,2,614.24,2,0,2,0,0,6.46,2,2,1,6,0,0,0,0,0,0,0
2018-06,家居家纺,厨房餐厅庭院家具,单件,16,2096.23,15,1,15,1,0,103.58,15,16,5,56,1,0,0,0,1,0,1
2018-06,家居家纺,厨房餐厅庭院家具,单商家多SKU,1,140.80,1,0,1,0,0,2.87,1,1,0,5,0,0,0,0,0,0,0
2018-06,家居家纺,厨房餐厅庭院家具,同SKU多件,5,1481.30,5,0,5,1,0,73.36,5,5,3,12,1,0,0,0,1,0,1
2018-06,汽配工具,园林建材,单件,10,751.45,10,0,10,0,0,84.54,10,10,1,44,0,0,0,0,0,0,0
2018-06,汽配工具,园林建材,多商家,1,75.99,1,0,1,0,0,4.26,1,1,0,5,0,0,0,0,0,0,0
2018-06,汽配工具,园艺工具,单件,124,13720.01,123,0,124,4,1,1040.34,119,124,5,559,2,0,2,0,1,0,1
2018-06,汽配工具,园艺工具,单商家多SKU,4,818.10,4,0,4,0,0,26.86,4,4,1,16,0,0,0,0,0,0,0
2018-06,汽配工具,园艺工具,同SKU多件,16,2216.83,16,0,16,1,0,123.44,16,16,6,55,2,0,0,0,2,0,1
2018-06,汽配工具,园艺工具,多商家,4,1468.86,4,0,4,0,0,35.40,4,4,2,9,0,0,0,0,0,0,1
2018-06,3C数码,固定电话,单件,13,1386.52,13,0,13,1,0,129.53,13,13,0,60,0,0,0,0,0,0,0
2018-06,3C数码,固定电话,同SKU多件,2,693.80,2,0,2,0,0,11.14,2,2,1,6,0,0,0,0,0,0,0
2018-06,家居家纺,圣诞用品,单件,5,242.63,5,0,5,2,0,50.37,5,5,0,22,0,0,0,0,0,0,0
2018-06,家居家纺,圣诞用品,同SKU多件,1,63.56,1,0,1,0,0,2.94,1,1,0,5,0,0,0,0,0,0,0
2018-06,图书文娱,大众图书,单件,28,2274.92,26,1,27,1,0,221.22,26,27,1,126,0,0,0,0,0,0,0
2018-06,图书文娱,大众图书,单商家多SKU,2,290.69,2,0,2,0,0,14.57,2,2,0,10,0,0,0,0,0,0,0
2018-06,图书文娱,大众图书,同SKU多件,3,779.78,3,0,3,0,0,20.76,3,3,0,13,0,0,0,0,0,0,0
2018-06,母婴玩具,婴童用品,单件,193,28493.64,191,0,193,10,1,1876.85,191,191,15,818,6,0,2,4,1,1,3
2018-06,母婴玩具,婴童用品,单商家多SKU,1,209.97,1,0,1,0,0,4.53,1,1,1,1,0,0,0,0,0,0,1
2018-06,母婴玩具,婴童用品,同SKU多件,6,1036.82,6,0,6,0,0,34.86,6,6,1,26,1,0,0,0,1,0,0
2018-06,母婴玩具,婴童用品,多商家,6,1275.66,6,0,6,0,0,56.83,6,6,2,20,1,0,0,0,1,0,2
2018-06,汽配工具,安防工具,单件,16,2565.37,16,0,16,4,0,165.13,16,16,2,66,1,0,0,1,0,0,0
2018-06,宠物,宠物用品,单件,132,15723.24,132,0,132,11,1,1181.63,131,132,7,596,4,0,1,2,1,0,1
2018-06,宠物,宠物用品,单商家多SKU,2,231.97,2,0,2,0,0,20.74,2,2,0,8,0,0,0,0,0,0,0
2018-06,宠物,宠物用品,同SKU多件,12,2651.73,12,0,12,1,0,86.87,12,12,3,48,1,0,0,1,1,0,0
2018-06,宠物,宠物用品,多商家,5,967.13,5,0,5,0,0,43.45,5,5,1,19,1,0,0,0,1,0,1
2018-06,家居家纺,客厅家具,单件,24,3250.84,24,0,24,0,0,202.04,24,24,1,105,1,0,0,0,1,0,0
2018-06,家居家纺,客厅家具,同SKU多件,2,235.78,2,0,2,0,0,13.32,2,2,0,9,0,0,0,0,0,0,0
2018-06,家居家纺,家具软装,单件,232,29728.63,231,0,232,27,1,2272.11,229,231,18,1004,13,0,5,6,2,0,2
2018-06,家居家纺,家具软装,单商家多SKU,7,1806.85,7,0,7,2,0,63.59,7,7,1,30,1,0,0,0,1,0,0
2018-06,家居家纺,家具软装,同SKU多件,53,7976.78,52,0,53,5,0,511.56,52,53,15,192,9,0,0,1,8,0,3
2018-06,家居家纺,家具软装,多商家,13,2285.02,13,0,13,0,0,94.13,13,13,7,38,4,0,0,0,4,0,1
2018-06,家居家纺,家庭日用,单件,393,47264.65,388,3,390,27,5,3357.11,385,391,37,1709,13,0,8,4,0,1,6
2018-06,家居家纺,家庭日用,单商家多SKU,6,928.04,6,0,6,0,0,47.74,6,6,3,18,0,0,0,0,0,0,1
2018-06,家居家纺,家庭日用,同SKU多件,49,6993.10,48,1,48,6,1,361.77,48,49,18,162,15,0,1,1,15,0,4
2018-06,家居家纺,家庭日用,多商家,11,1131.70,11,0,11,1,0,78.53,11,10,5,29,2,0,0,1,2,0,4
2018-06,家用电器,家用电器,单件,67,5916.37,65,0,67,2,1,637.22,65,67,6,289,6,0,3,3,0,0,3
2018-06,家用电器,家用电器2,单件,17,8276.74,17,0,17,1,0,141.37,17,17,0,81,0,0,0,0,0,0,0
2018-06,家用电器,家用电器2,同SKU多件,1,35.98,1,0,1,0,0,9.97,1,1,0,4,0,0,0,0,0,0,0
2018-06,汽配工具,家装建材,单件,50,7282.50,50,0,50,12,0,621.61,50,50,4,219,2,0,0,1,1,1,1
2018-06,汽配工具,家装建材,单商家多SKU,1,159.80,1,0,1,0,0,12.99,1,1,0,5,0,0,0,0,0,0,0
2018-06,汽配工具,家装建材,同SKU多件,6,1123.45,6,0,6,1,0,83.61,6,6,0,27,0,0,0,0,0,0,0
2018-06,汽配工具,家装建材,多商家,2,635.84,2,0,2,0,0,25.47,2,2,0,8,1,0,0,0,1,0,0
2018-06,家用电器,小家电,单件,39,12898.70,38,0,39,4,0,261.64,36,38,5,162,2,0,1,1,1,0,0
2018-06,家用电器,小家电,同SKU多件,5,3124.00,5,0,5,0,0,43.74,5,5,2,13,1,0,0,1,1,0,2
2018-06,家居家纺,居家舒适,单件,14,2226.69,14,0,14,1,0,111.89,14,14,2,61,1,0,0,1,0,0,0
2018-06,家居家纺,居家舒适,单商家多SKU,2,319.60,2,0,2,0,0,16.94,2,2,0,8,1,0,0,0,1,0,0
2018-06,家居家纺,居家舒适2,同SKU多件,1,25.80,1,0,1,0,0,7.62,1,1,1,1,1,0,0,0,1,0,0
2018-06,其他,工商业用品,单件,17,1959.90,16,0,17,0,0,120.39,15,17,0,77,0,0,0,0,0,0,0
2018-06,其他,工商业用品,同SKU多件,3,552.00,3,0,3,0,0,16.70,3,3,0,12,1,0,0,0,1,0,0
2018-06,其他,工商业用品,多商家,1,197.80,1,0,1,0,0,10.81,1,1,0,5,0,0,0,0,0,0,0
2018-06,其他,平台综合,单件,7,556.46,7,0,7,2,0,83.77,7,7,1,27,1,0,0,1,0,0,0
2018-06,3C数码,平板打印,单件,1,50.00,1,0,1,0,0,24.27,1,1,0,4,0,0,0,0,0,0,0
2018-06,家居家纺,床品布艺卫浴,单件,552,55341.06,545,1,550,36,7,4954.74,543,550,59,2326,23,0,11,14,1,0,9
2018-06,家居家纺,床品布艺卫浴,单商家多SKU,34,5400.75,33,0,34,1,0,254.32,33,33,15,95,9,0,1,1,8,0,5
2018-06,家居家纺,床品布艺卫浴,同SKU多件,42,6740.64,42,0,42,2,0,343.07,42,41,13,145,6,0,0,1,5,0,0
2018-06,家居家纺,床品布艺卫浴,多商家,22,4102.79,22,0,22,0,0,140.01,22,22,7,76,6,0,1,0,5,0,6
2018-06,汽配工具,建筑工具,单件,100,21689.74,100,0,100,1,1,878.28,100,100,12,422,3,0,1,2,0,0,1
2018-06,汽配工具,建筑工具,同SKU多件,5,1071.20,5,0,5,2,0,48.44,5,5,0,20,0,0,0,0,0,0,0
2018-06,汽配工具,建筑工具,多商家,1,178.69,1,0,1,0,0,6.34,1,1,0,5,0,0,0,0,0,0,0
2018-06,图书文娱,影视光碟,单件,4,302.90,4,0,4,0,0,38.00,4,4,0,20,0,0,0,0,0,0,0
2018-06,图书文娱,影视光碟,多商家,1,109.88,1,0,1,0,0,8.03,1,1,0,4,0,0,0,0,0,0,0
2018-06,3C数码,影音设备,单件,18,1800.89,18,0,18,1,0,183.49,18,18,2,76,0,0,0,0,0,0,1
2018-06,3C数码,影音设备,同SKU多件,1,29.80,1,0,1,0,0,4.40,1,0,0,0,0,0,0,0,0,0,0
2018-06,3C数码,手机通讯,单件,194,21531.03,191,1,193,23,3,1718.00,190,193,17,827,10,0,6,3,1,0,1
2018-06,3C数码,手机通讯,单商家多SKU,2,179.95,2,0,2,0,0,8.68,2,2,0,10,0,0,0,0,0,0,0
2018-06,3C数码,手机通讯,同SKU多件,6,928.96,6,0,6,1,1,68.89,6,6,2,19,2,0,0,0,2,0,0
2018-06,3C数码,手机通讯,多商家,2,117.68,2,0,2,0,0,15.05,2,2,1,5,0,0,0,0,0,0,1
2018-06,3C数码,摄影摄像,单件,7,196.30,7,0,7,0,0,26.75,7,7,0,34,0,0,0,0,0,0,0
2018-06,3C数码,摄影摄像,同SKU多件,1,40.00,1,0,1,0,0,14.02,1,1,0,5,0,0,0,0,0,0,0
2018-06,3C数码,摄影摄像,多商家,1,339.44,1,0,1,0,0,,0,1,1,1,1,0,0,0,1,0,1
2018-06,图书文娱,文具,单件,126,11375.41,126,0,126,8,1,1054.96,126,126,6,578,4,0,0,4,0,0,3
2018-06,图书文娱,文具,单商家多SKU,6,654.56,6,0,6,0,0,59.99,6,6,0,30,0,0,0,0,0,0,0
2018-06,图书文娱,文具,同SKU多件,8,596.01,8,0,8,0,0,38.20,8,8,3,25,2,0,0,0,2,0,0
2018-06,图书文娱,文具,多商家,1,97.30,1,0,1,0,0,11.50,1,1,0,5,0,0,0,0,0,0,0
2018-06,服饰鞋包,旅行箱包,单件,35,4993.38,35,0,35,0,0,261.50,33,35,1,160,0,0,0,0,0,0,0
2018-06,服饰鞋包,旅行箱包,多商家,1,116.50,1,0,1,0,0,7.50,1,1,1,1,1,0,0,0,1,0,0
2018-06,未知,无商品明细,无商品明细,7,0.00,0,7,0,0,0,,0,7,7,9,0,0,0,0,0,0,3
2018-06,未知,未知品类,单件,20,2311.63,20,0,20,0,0,134.73,20,20,2,85,0,0,0,0,0,0,0
2018-06,未知,未知品类,同SKU多件,1,29.60,1,0,1,0,0,14.34,1,1,1,1,1,0,0,0,1,0,0
2018-06,汽配工具,标识安防,单件,13,2041.98,13,0,13,1,0,98.60,13,13,1,53,1,0,1,0,0,0,0
2018-06,汽配工具,标识安防,单商家多SKU,1,2919.40,1,0,1,0,0,13.21,1,1,0,3,1,0,0,0,1,0,0
2018-06,汽配工具,标识安防,同SKU多件,4,901.80,4,0,4,0,0,25.20,4,4,0,18,0,0,0,0,0,0,0
2018-06,汽配工具,汽车用品,单件,250,40501.79,247,0,250,11,6,2381.26,242,249,30,1051,14,0,6,7,2,0,5
2018-06,汽配工具,汽车用品,同SKU多件,17,4279.20,16,0,16,1,0,110.51,16,17,6,61,5,0,1,0,4,1,1
2018-06,汽配工具,汽车用品,多商家,2,646.80,2,0,2,0,0,19.56,2,2,1,6,0,0,0,0,0,0,1
2018-06,家居家纺,派对用品,单件,2,84.80,2,0,2,0,0,11.15,2,2,0,10,0,0,0,0,0,0,0
2018-06,3C数码,游戏主机,单件,39,3595.02,39,0,39,0,1,329.10,38,39,3,180,0,0,0,0,0,0,0
2018-06,3C数码,游戏主机,单商家多SKU,1,109.99,1,0,1,0,0,19.87,1,1,0,4,0,0,0,0,0,0,0
2018-06,3C数码,游戏主机,同SKU多件,1,3198.00,1,0,1,0,0,9.12,1,1,1,1,1,0,0,0,1,0,0
2018-06,钟表与潮流好物,潮流好物,单件,94,18899.43,94,0,94,9,5,1199.56,93,94,5,418,1,0,0,1,0,0,3
2018-06,钟表与潮流好物,潮流好物,同SKU多件,3,105.78,3,0,3,0,0,27.52,3,3,0,10,0,0,0,0,0,0,0
2018-06,钟表与潮流好物,潮流好物,多商家,2,315.06,2,0,2,0,0,12.47,2,2,2,2,1,0,0,0,1,0,0
2018-06,汽配工具,灯具照明,单件,30,3941.41,30,0,30,1,0,264.37,30,30,0,138,1,0,0,1,0,0,0
2018-06,汽配工具,灯具照明,同SKU多件,5,642.00,5,0,5,0,0,27.20,5,5,2,16,1,0,0,0,1,0,1
2018-06,家用电器,烤箱咖啡机,单件,3,3499.00,3,0,3,0,0,28.58,3,3,0,15,0,0,0,0,0,0,0
2018-06,母婴玩具,玩具,单件,163,17958.48,162,0,162,3,1,1280.12,160,162,10,730,6,1,4,1,1,0,1
2018-06,母婴玩具,玩具,单商家多SKU,3,634.48,3,0,3,1,0,54.29,3,3,1,11,1,0,0,1,0,0,0
2018-06,母婴玩具,玩具,同SKU多件,8,2077.30,8,0,8,1,0,75.36,8,8,2,31,1,0,0,0,1,0,0
2018-06,母婴玩具,玩具,多商家,3,606.18,3,0,3,0,0,14.59,3,3,0,14,0,0,0,0,0,0,0
2018-06,3C数码,电子产品,单件,158,8128.01,158,0,158,12,2,1467.65,158,158,8,721,8,0,6,1,1,0,3
2018-06,3C数码,电子产品,单商家多SKU,1,28.05,1,0,1,0,0,3.08,1,1,0,5,0,0,0,0,0,0,0
2018-06,3C数码,电子产品,同SKU多件,11,1254.13,11,0,11,0,0,77.92,11,11,4,38,3,0,0,1,2,0,0
2018-06,3C数码,电子产品,多商家,1,64.39,1,0,1,0,0,5.23,1,1,1,2,0,0,0,0,0,0,0
2018-06,3C数码,电脑整机,单件,6,8230.00,6,0,6,0,1,140.65,6,6,1,26,0,0,0,0,0,0,0
2018-06,3C数码,电脑整机,同SKU多件,2,4897.00,2,0,2,1,0,15.86,2,2,0,10,0,0,0,0,0,0,0
2018-06,3C数码,电脑配件,单件,321,34128.20,315,2,319,16,2,2935.54,310,321,39,1382,18,4,9,5,1,0,7
2018-06,3C数码,电脑配件,单商家多SKU,1,314.60,1,0,1,0,0,10.15,1,1,0,4,0,0,0,0,0,0,0
2018-06,3C数码,电脑配件,同SKU多件,27,6463.88,26,1,26,0,0,230.96,26,27,10,90,5,1,2,1,3,0,1
2018-06,3C数码,电脑配件,多商家,8,1504.98,8,0,8,0,0,90.14,8,8,1,34,0,0,0,0,0,0,0
2018-06,服饰鞋包,男装,单件,5,367.80,5,0,5,0,0,38.78,5,5,0,24,0,0,0,0,0,0,0
2018-06,服饰鞋包,男装,同SKU多件,1,80.00,1,0,1,0,0,8.82,1,1,0,5,0,0,0,0,0,0,0
2018-06,家用电器,空调冷暖,单件,8,2237.90,8,0,8,2,0,80.81,8,8,1,34,1,0,0,1,0,0,1
2018-06,家用电器,空调冷暖,同SKU多件,1,1330.00,1,0,1,0,0,6.13,1,1,1,1,1,0,0,0,1,0,1
2018-06,母婴玩具,童装,单件,1,89.99,1,0,1,0,0,1.97,1,1,0,5,0,0,0,0,0,0,0
2018-06,服饰鞋包,箱包配饰,单件,77,7126.59,77,0,77,6,0,691.62,77,77,3,350,1,0,0,1,0,0,0
2018-06,服饰鞋包,箱包配饰,单商家多SKU,1,330.00,1,0,1,0,0,17.57,1,1,0,5,0,0,0,0,0,0,0
2018-06,服饰鞋包,箱包配饰,同SKU多件,4,413.36,4,0,4,0,0,27.55,4,4,1,15,1,0,0,0,1,0,0
2018-06,母婴玩具,纸尿裤卫生,单件,7,321.00,7,0,7,0,0,62.45,7,7,1,29,0,0,0,0,0,0,0
2018-06,美妆个护,美妆健康,单件,728,96747.74,720,1,727,46,10,6510.73,714,725,47,3208,16,1,5,10,3,1,15
2018-06,美妆个护,美妆健康,单商家多SKU,17,3475.98,17,0,17,1,0,114.67,17,17,1,77,1,0,0,1,0,0,0
2018-06,美妆个护,美妆健康,同SKU多件,45,7081.47,44,0,45,5,0,319.03,44,44,7,183,4,0,0,2,3,0,1
2018-06,美妆个护,美妆健康,多商家,3,654.35,3,0,3,0,0,18.41,3,3,1,9,0,0,0,0,0,0,1
2018-06,家居家纺,艺术品,单件,27,2400.15,27,0,27,1,0,222.91,27,27,1,115,4,0,2,2,1,0,1
2018-06,家居家纺,艺术品,多商家,1,145.89,1,0,1,0,0,2.73,1,1,0,5,0,0,0,0,0,0,0
2018-06,运动户外,运动休闲,单件,336,37158.48,331,2,334,11,4,2861.45,329,335,24,1480,7,0,3,3,2,0,5
2018-06,运动户外,运动休闲,单商家多SKU,3,347.60,3,0,3,1,0,30.95,3,3,0,15,0,0,0,0,0,0,0
2018-06,运动户外,运动休闲,同SKU多件,32,7441.54,31,1,31,2,0,240.24,31,31,7,119,5,0,1,1,4,0,2
2018-06,运动户外,运动休闲,多商家,4,793.10,4,0,4,0,0,31.36,4,4,0,17,0,0,0,0,0,0,1
2018-06,图书文娱,进口图书,单件,9,468.17,9,0,9,1,0,85.53,9,9,0,45,0,0,0,0,0,0,0
2018-06,食品酒水,酒水饮料,单件,27,1173.47,27,0,27,1,1,165.92,26,27,3,114,2,0,1,1,0,0,1
2018-06,食品酒水,酒水饮料,同SKU多件,3,393.60,3,0,3,0,0,18.96,3,3,1,9,1,0,0,0,1,0,0
2018-06,钟表与潮流好物,钟表礼品,单件,426,82184.04,422,0,426,47,8,4256.45,418,424,53,1773,30,1,14,11,3,2,9
2018-06,钟表与潮流好物,钟表礼品,单商家多SKU,12,1711.60,12,0,12,0,0,65.59,12,12,1,53,0,0,0,0,0,0,0
2018-06,钟表与潮流好物,钟表礼品,同SKU多件,7,2316.24,7,0,7,1,0,65.95,7,7,1,27,0,0,0,0,0,0,0
2018-06,钟表与潮流好物,钟表礼品,多商家,3,862.68,3,0,3,0,0,26.69,3,3,1,11,0,0,0,0,0,0,0
2018-06,服饰鞋包,鞋靴,单件,10,1230.58,10,0,10,0,0,128.73,10,10,0,46,0,0,0,0,0,0,0
2018-06,图书文娱,音乐,单件,3,109.08,3,0,3,0,0,24.07,3,3,0,13,0,0,0,0,0,0,0
2018-06,食品酒水,食品,单件,24,1371.18,24,0,24,2,1,170.90,24,24,4,97,0,0,0,0,0,0,3
2018-06,食品酒水,食品饮料,单件,8,246.15,8,0,8,0,0,94.60,8,8,2,31,0,0,0,0,0,0,0
2018-06,食品酒水,食品饮料,同SKU多件,1,47.70,1,0,1,0,0,6.97,1,1,1,2,0,0,0,0,0,0,0
2018-06,美妆个护,香水香氛,单件,151,24329.18,148,0,151,10,3,1459.32,148,150,16,666,4,1,2,1,0,0,3
2018-06,美妆个护,香水香氛,单商家多SKU,1,148.29,1,0,1,0,0,14.51,1,1,0,5,0,0,0,0,0,0,0
2018-06,美妆个护,香水香氛,同SKU多件,11,1889.00,11,0,11,1,0,69.96,11,11,3,43,2,0,0,0,2,0,0
2018-06,美妆个护,香水香氛,多商家,3,646.90,3,0,3,0,0,18.54,3,3,1,9,1,0,0,0,1,0,0
2018-06,家居家纺,鲜花绿植,同SKU多件,1,108.00,1,0,1,0,0,7.35,1,1,0,5,0,0,0,0,0,0,0
2018-07,图书文娱,专业图书,单件,28,2106.81,26,0,28,2,0,178.71,25,26,5,105,3,0,1,2,0,0,2
2018-07,图书文娱,乐器,单件,29,6483.30,28,1,28,1,1,258.71,28,28,3,118,1,0,1,0,0,0,0
2018-07,图书文娱,乐器,单商家多SKU,1,979.00,1,0,1,0,0,13.16,1,1,0,5,0,0,0,0,0,0,0
2018-07,图书文娱,乐器,同SKU多件,2,1839.76,2,0,2,0,0,31.50,2,2,0,10,0,0,0,0,0,0,0
2018-07,图书文娱,乐器,多商家,1,285.80,1,0,1,0,0,8.26,1,1,0,5,0,0,0,0,0,0,0
2018-07,汽配工具,五金工具,单件,8,2865.20,8,0,8,1,1,95.89,8,8,0,40,0,0,0,0,0,0,0
2018-07,汽配工具,五金工具,同SKU多件,2,2636.00,2,0,2,0,0,15.34,2,2,0,9,0,0,0,0,0,0,0
2018-07,服饰鞋包,内衣泳装,单件,2,109.80,2,0,2,2,1,52.04,2,2,1,6,0,0,0,0,0,0,1
2018-07,其他,农业工商,单件,28,7686.69,25,0,28,4,0,200.13,25,28,3,109,1,0,0,1,0,0,2
2018-07,其他,农业工商,同SKU多件,1,70.00,1,0,1,0,0,4.06,1,1,0,5,0,0,0,0,0,0,0
2018-07,家居家纺,办公家具,单件,54,9237.84,52,1,52,10,6,980.33,52,52,10,197,5,0,1,1,4,0,5
2018-07,家居家纺,办公家具,同SKU多件,10,4537.43,10,0,10,3,1,230.13,10,10,4,31,2,0,1,0,1,0,2
2018-07,家居家纺,卧室家具,单件,4,816.90,4,0,4,0,0,35.22,4,4,0,19,0,0,0,0,0,0,0
2018-07,家居家纺,卧室家具,同SKU多件,3,570.00,3,0,3,1,0,32.16,3,3,1,9,0,0,0,0,0,0,0
2018-07,家用电器,厨房料理电器,单件,6,136.97,6,0,6,0,1,51.33,6,6,2,19,2,0,1,2,0,0,0
2018-07,家用电器,厨房料理电器,同SKU多件,1,35.06,1,0,1,0,0,4.28,1,1,1,1,1,0,1,0,0,0,0
2018-07,家居家纺,厨房餐厅庭院家具,单件,19,3671.95,18,0,19,1,0,101.98,18,19,1,88,0,0,0,0,0,0,0
2018-07,家居家纺,厨房餐厅庭院家具,同SKU多件,2,204.00,2,0,2,0,0,28.86,2,2,0,10,0,0,0,0,0,0,0
2018-07,汽配工具,园林建材,单件,17,1789.41,17,0,17,0,0,141.89,17,17,1,77,1,0,0,1,0,0,0
2018-07,汽配工具,园林建材,单商家多SKU,2,133.25,2,0,2,1,0,29.27,2,2,1,6,1,0,0,0,1,0,0
2018-07,汽配工具,园林建材,同SKU多件,1,33.81,0,1,0,0,0,,0,1,1,1,0,0,0,0,0,0,0
2018-07,汽配工具,园艺工具,单件,137,22827.16,135,0,137,10,2,1054.68,135,136,5,623,2,0,1,1,0,0,1
2018-07,汽配工具,园艺工具,同SKU多件,13,3190.83,13,0,13,2,1,115.20,13,13,6,42,2,0,0,0,2,0,2
2018-07,汽配工具,园艺工具,多商家,2,118.93,2,0,2,0,0,8.03,2,2,2,3,2,0,0,0,2,0,1
2018-07,3C数码,固定电话,单件,7,2159.39,7,0,7,0,0,67.41,7,7,0,32,0,0,0,0,0,0,0
2018-07,3C数码,固定电话,同SKU多件,1,7160.00,1,0,1,0,0,11.30,1,1,1,1,1,0,0,0,1,0,0
2018-07,家居家纺,圣诞用品,单件,8,509.56,8,0,8,0,1,61.58,8,8,0,35,0,0,0,0,0,0,0
2018-07,图书文娱,大众图书,单件,25,4077.45,25,0,25,2,2,207.33,25,25,2,111,0,0,0,0,0,0,0
2018-07,母婴玩具,婴童用品,单件,194,21221.73,191,1,192,20,11,1862.15,190,192,20,826,8,0,2,5,1,0,7
2018-07,母婴玩具,婴童用品,单商家多SKU,1,51.98,1,0,1,0,0,13.21,1,1,0,5,0,0,0,0,0,0,0
2018-07,母婴玩具,婴童用品,同SKU多件,7,578.85,6,1,6,0,0,43.66,6,7,1,31,0,0,0,0,0,0,0
2018-07,母婴玩具,婴童用品,多商家,4,349.13,4,0,4,0,0,29.37,4,4,1,17,1,0,0,0,1,0,0
2018-07,汽配工具,安防工具,单件,15,1888.95,15,0,15,2,0,109.07,15,15,1,64,1,0,0,1,0,0,1
2018-07,宠物,宠物用品,单件,122,16484.02,120,0,121,12,2,1024.39,120,121,13,527,5,0,3,0,2,1,2
2018-07,宠物,宠物用品,同SKU多件,18,3099.72,18,0,18,5,0,162.61,18,18,2,80,0,0,0,0,0,0,0
2018-07,家居家纺,客厅家具,单件,43,4881.80,42,0,43,8,4,443.60,42,43,4,188,0,0,0,0,0,0,4
2018-07,家居家纺,客厅家具,同SKU多件,3,1156.95,3,0,3,1,0,23.63,3,3,1,11,1,0,0,0,1,0,0
2018-07,家居家纺,客厅家具,多商家,3,878.68,3,0,3,0,0,18.65,3,3,1,11,0,0,0,0,0,0,0
2018-07,家居家纺,家具软装,单件,277,33983.42,273,2,275,27,10,2511.53,268,276,19,1220,9,0,4,4,1,0,4
2018-07,家居家纺,家具软装,单商家多SKU,8,2138.70,8,0,8,2,1,64.33,8,8,1,35,0,0,0,0,0,0,0
2018-07,家居家纺,家具软装,同SKU多件,44,7565.77,44,0,44,9,1,380.63,44,43,5,182,1,0,0,1,0,0,0
2018-07,家居家纺,家具软装,多商家,6,1273.04,6,0,6,0,0,41.72,6,5,1,19,1,0,0,0,1,0,0
2018-07,家居家纺,家庭日用,单件,409,50350.08,398,4,404,30,10,3236.13,398,404,29,1788,10,0,4,1,5,0,7
2018-07,家居家纺,家庭日用,单商家多SKU,9,2906.00,9,0,9,2,0,64.36,9,9,4,29,1,0,0,0,1,0,0
2018-07,家居家纺,家庭日用,同SKU多件,42,8042.63,41,1,41,3,0,300.52,41,42,9,156,5,0,2,0,3,0,3
2018-07,家居家纺,家庭日用,多商家,8,1650.41,8,0,8,0,0,49.10,8,8,2,26,3,0,0,0,3,0,3
2018-07,家用电器,家用电器,单件,79,5290.63,78,0,79,9,1,631.10,78,77,4,339,3,0,1,2,0,1,1
2018-07,家用电器,家用电器2,单件,21,12277.52,21,0,21,1,1,193.12,20,21,3,87,2,0,1,1,1,0,0
2018-07,家用电器,家用电器2,同SKU多件,1,319.80,1,0,1,0,0,15.18,1,1,0,4,0,0,0,0,0,0,0
2018-07,汽配工具,家装建材,单件,52,6142.75,51,0,52,11,2,624.81,50,52,4,232,1,0,1,0,0,0,2
2018-07,汽配工具,家装建材,单商家多SKU,1,199.75,1,0,1,1,0,25.09,1,1,0,3,0,0,0,0,0,0,0
2018-07,汽配工具,家装建材,同SKU多件,1,125.85,1,0,1,0,0,24.40,1,1,0,4,0,0,0,0,0,0,0
2018-07,汽配工具,家装建材,多商家,1,229.70,1,0,1,0,0,6.75,1,1,1,1,1,0,1,0,0,0,1
2018-07,家用电器,小家电,单件,32,6471.83,31,1,31,1,1,286.21,31,32,3,140,3,0,1,2,0,0,0
2018-07,家用电器,小家电,同SKU多件,3,1694.42,3,0,3,0,0,15.33,3,3,0,13,0,0,0,0,0,0,0
2018-07,家用电器,小家电,多商家,1,676.00,1,0,1,0,0,5.90,1,1,1,1,1,0,0,0,1,0,0
2018-07,家居家纺,居家舒适,单件,23,2906.48,22,0,23,2,1,212.46,22,23,2,100,0,0,0,0,0,0,0
2018-07,家居家纺,居家舒适2,单件,1,12.90,1,0,1,0,0,11.37,1,1,0,4,0,0,0,0,0,0,0
2018-07,家居家纺,居家舒适2,同SKU多件,1,25.80,1,0,1,0,0,9.70,1,1,0,3,0,0,0,0,0,0,0
2018-07,其他,工商业用品,单件,12,4559.21,12,0,12,0,0,92.07,12,12,1,54,1,0,1,0,0,0,0
2018-07,其他,工商业用品,同SKU多件,1,138.00,1,0,1,0,0,8.26,1,1,1,1,1,0,0,0,1,0,0
2018-07,其他,平台综合,单件,4,186.78,4,0,4,0,0,30.82,4,4,0,19,0,0,0,0,0,0,0
2018-07,家居家纺,床品布艺卫浴,单件,433,39425.26,426,3,430,25,8,3392.66,420,430,44,1827,18,0,4,13,2,0,8
2018-07,家居家纺,床品布艺卫浴,单商家多SKU,14,2908.79,14,0,14,3,0,107.29,14,14,0,63,2,0,1,0,1,0,0
2018-07,家居家纺,床品布艺卫浴,同SKU多件,42,7814.21,42,0,42,3,0,335.57,42,42,8,167,6,0,1,2,4,0,1
2018-07,家居家纺,床品布艺卫浴,多商家,26,5503.36,26,0,26,0,0,170.37,26,26,5,102,4,0,0,0,4,0,2
2018-07,家居家纺,床垫沙发,单件,1,129.90,1,0,1,0,0,8.68,1,1,0,3,0,0,0,0,0,0,0
2018-07,汽配工具,建筑工具,单件,86,12414.45,86,0,86,11,4,706.49,86,85,8,366,3,0,2,1,1,0,2
2018-07,汽配工具,建筑工具,单商家多SKU,1,219.80,1,0,1,0,0,9.47,1,1,0,5,0,0,0,0,0,0,0
2018-07,汽配工具,建筑工具,同SKU多件,9,2369.42,9,0,9,1,0,55.79,9,9,0,43,0,0,0,0,0,0,1
2018-07,汽配工具,建筑工具,多商家,2,266.79,2,0,2,0,0,19.48,2,2,1,6,1,0,0,0,1,0,0
2018-07,图书文娱,影视光碟,单件,1,83.99,1,0,1,0,1,15.93,1,1,1,2,0,0,0,0,0,0,0
2018-07,3C数码,影音设备,单件,20,2032.84,20,0,20,0,0,158.59,20,20,2,87,1,0,1,0,0,0,0
2018-07,3C数码,影音设备,同SKU多件,1,29.80,1,0,1,0,0,5.00,1,1,0,5,0,0,0,0,0,0,0
2018-07,家居家纺,手工艺品,单件,8,585.87,8,0,8,1,1,50.09,8,8,1,33,1,0,1,1,0,0,0
2018-07,家居家纺,手工艺品,单商家多SKU,1,58.90,1,0,1,0,0,3.81,1,1,0,3,1,0,1,0,0,0,0
2018-07,3C数码,手机通讯,单件,189,23961.37,185,1,187,17,7,1771.77,185,188,30,764,15,2,7,7,0,0,5
2018-07,3C数码,手机通讯,单商家多SKU,2,89.62,2,0,2,0,0,25.28,2,2,1,6,1,0,0,1,0,0,0
2018-07,3C数码,手机通讯,同SKU多件,11,2610.65,11,0,11,0,0,117.98,11,11,2,44,1,0,0,0,1,0,0
2018-07,3C数码,手机通讯,多商家,3,232.77,3,0,3,0,0,14.36,3,3,2,6,2,0,0,0,2,0,1
2018-07,3C数码,摄影摄像,单件,7,1178.54,7,0,7,0,0,45.25,7,7,1,31,0,0,0,0,0,0,0
2018-07,图书文娱,文具,单件,150,15116.26,149,0,149,9,5,1368.14,148,149,7,662,3,0,2,0,1,1,3
2018-07,图书文娱,文具,单商家多SKU,4,291.28,4,0,4,1,0,40.80,4,4,0,19,0,0,0,0,0,0,0
2018-07,图书文娱,文具,同SKU多件,10,1317.55,10,0,10,2,1,75.03,10,10,1,45,0,0,0,0,0,0,0
2018-07,图书文娱,文具,多商家,4,544.77,4,0,4,0,0,21.47,4,4,2,11,1,0,0,1,0,0,1
2018-07,服饰鞋包,旅行箱包,单件,52,5731.72,52,0,52,2,1,403.56,50,52,6,226,1,0,1,0,0,0,3
2018-07,服饰鞋包,旅行箱包,同SKU多件,1,90.00,1,0,1,0,0,2.90,1,1,0,5,0,0,0,0,0,0,0
2018-07,未知,无商品明细,无商品明细,19,0.00,0,19,0,0,0,,0,19,16,30,0,0,0,0,0,0,6
2018-07,未知,未知品类,单件,34,3900.92,34,0,34,3,0,260.93,33,33,6,137,4,0,0,3,1,0,0
2018-07,未知,未知品类,单商家多SKU,1,99.80,1,0,1,0,0,8.70,1,1,0,5,0,0,0,0,0,0,0
2018-07,未知,未知品类,同SKU多件,4,290.58,4,0,4,0,0,27.25,4,4,1,16,0,0,0,0,0,0,0
2018-07,未知,未知品类,多商家,1,315.80,1,0,1,0,0,6.95,1,1,0,5,0,0,0,0,0,0,0
2018-07,汽配工具,标识安防,单件,14,1615.15,14,0,14,1,0,127.04,14,14,1,60,0,0,0,0,0,0,0
2018-07,汽配工具,标识安防,单商家多SKU,1,190.54,1,0,1,0,0,11.22,1,1,0,5,0,0,0,0,0,0,0
2018-07,汽配工具,标识安防,同SKU多件,4,1979.50,4,0,4,0,0,36.60,4,4,1,15,1,0,0,0,1,0,0
2018-07,汽配工具,汽车用品,单件,310,40857.73,307,2,308,20,8,2575.34,303,310,24,1368,13,0,11,3,0,0,2
2018-07,汽配工具,汽车用品,单商家多SKU,3,259.82,3,0,3,0,0,25.16,3,3,0,15,0,0,0,0,0,0,0
2018-07,汽配工具,汽车用品,同SKU多件,10,1916.46,10,0,10,0,0,96.25,10,10,1,45,1,0,0,0,1,0,0
2018-07,汽配工具,汽车用品,多商家,3,721.38,3,0,3,0,0,18.54,2,3,1,8,1,0,0,1,0,0,0
2018-07,家居家纺,派对用品,单件,2,57.50,2,0,2,0,0,14.32,2,2,0,9,0,0,0,0,0,0,0
2018-07,3C数码,游戏主机,单件,49,8519.11,49,0,49,1,1,453.29,49,48,5,203,3,1,0,1,1,0,0
2018-07,钟表与潮流好物,潮流好物,单件,114,24935.22,110,2,112,2,4,974.21,110,114,11,491,7,1,3,5,1,0,3
2018-07,钟表与潮流好物,潮流好物,单商家多SKU,1,194.89,1,0,1,0,0,17.30,1,1,0,5,0,0,0,0,0,0,0
2018-07,钟表与潮流好物,潮流好物,同SKU多件,2,5394.90,1,1,1,0,0,7.38,1,2,1,4,0,0,0,0,0,0,0
2018-07,汽配工具,灯具照明,单件,31,5842.33,31,0,31,3,0,244.36,31,31,0,146,0,0,0,0,0,0,0
2018-07,汽配工具,灯具照明,单商家多SKU,1,109.79,1,0,1,0,0,1.29,1,1,0,5,0,0,0,0,0,0,0
2018-07,汽配工具,灯具照明,同SKU多件,7,1079.48,7,0,7,1,1,63.64,7,7,0,33,0,0,0,0,0,0,0
2018-07,汽配工具,灯具照明,多商家,1,318.00,1,0,1,0,0,7.98,1,1,0,4,0,0,0,0,0,0,0
2018-07,家用电器,烤箱咖啡机,单件,13,3745.67,13,0,13,2,0,112.07,13,13,0,63,0,0,0,0,0,0,0
2018-07,家用电器,烤箱咖啡机,单商家多SKU,1,954.00,1,0,1,0,0,2.96,1,1,0,5,0,0,0,0,0,0,0
2018-07,母婴玩具,玩具,单件,142,15755.86,139,2,140,9,5,1045.83,139,142,12,629,6,0,1,2,3,1,0
2018-07,母婴玩具,玩具,单商家多SKU,1,288.00,1,0,1,0,0,13.99,1,1,0,3,0,0,0,0,0,0,0
2018-07,母婴玩具,玩具,同SKU多件,3,453.78,3,0,3,0,0,20.68,3,3,2,7,0,0,0,0,0,0,0
2018-07,母婴玩具,玩具,多商家,3,908.59,3,0,3,0,0,10.89,3,3,2,8,0,0,0,0,0,0,1
2018-07,3C数码,电子产品,单件,135,8406.26,134,0,135,8,1,1016.26,132,133,11,583,5,1,1,5,0,0,3
2018-07,3C数码,电子产品,同SKU多件,9,2727.60,7,2,7,0,0,45.61,7,9,5,25,1,0,0,0,1,0,2
2018-07,3C数码,电竞电脑,单件,1,239.00,0,1,0,0,0,,0,1,1,1,0,0,0,0,0,0,1
2018-07,3C数码,电竞电脑,同SKU多件,1,438.00,1,0,1,0,0,2.81,1,1,0,5,0,0,0,0,0,0,0
2018-07,3C数码,电脑整机,单件,8,11239.00,8,0,8,2,2,99.31,8,7,1,30,0,0,0,0,0,0,0
2018-07,3C数码,电脑配件,单件,360,36655.74,353,3,357,27,13,3463.75,352,359,43,1518,16,3,5,8,0,0,9
2018-07,3C数码,电脑配件,单商家多SKU,4,803.31,4,0,4,1,0,31.66,4,4,1,16,1,0,0,0,1,0,0
2018-07,3C数码,电脑配件,同SKU多件,19,3599.74,18,0,19,2,0,171.05,18,19,2,82,1,1,0,0,0,0,1
2018-07,3C数码,电脑配件,多商家,5,870.60,5,0,5,0,0,44.46,5,5,0,20,1,0,0,0,1,0,0
2018-07,服饰鞋包,男装,单件,5,208.70,5,0,5,0,0,40.66,5,5,0,25,0,0,0,0,0,0,0
2018-07,家用电器,空调冷暖,单件,13,2144.86,13,0,13,1,0,115.56,13,13,3,54,1,0,1,0,0,0,0
2018-07,家用电器,空调冷暖,单商家多SKU,1,315.00,1,0,1,0,0,20.48,1,1,0,5,0,0,0,0,0,0,0
2018-07,家用电器,空调冷暖,同SKU多件,1,198.00,1,0,1,0,0,2.05,1,1,0,3,0,0,0,0,0,0,0
2018-07,服饰鞋包,箱包配饰,单件,75,6120.97,74,0,75,3,0,516.66,74,75,3,341,1,0,0,1,0,0,1
2018-07,服饰鞋包,箱包配饰,单商家多SKU,1,40.90,0,0,0,0,0,,0,1,0,5,0,0,0,0,0,0,0
2018-07,母婴玩具,纸尿裤卫生,单件,4,149.80,3,1,3,1,0,25.32,3,4,1,13,0,0,0,0,0,0,0
2018-07,美妆个护,美妆健康,单件,654,93619.02,640,2,651,118,53,6771.54,636,651,76,2773,22,2,2,15,6,0,37
2018-07,美妆个护,美妆健康,单商家多SKU,15,3220.69,15,0,15,4,0,101.18,15,15,1,66,2,0,0,0,2,0,0
2018-07,美妆个护,美妆健康,同SKU多件,36,7488.80,36,0,36,7,3,250.25,36,34,3,140,4,0,0,1,4,0,1
2018-07,美妆个护,美妆健康,多商家,6,1769.71,6,0,6,0,0,59.42,6,6,6,6,3,0,0,0,3,0,0
2018-07,家居家纺,艺术品,单件,21,1843.20,21,0,21,1,1,242.47,21,21,3,80,1,0,0,1,0,0,2
2018-07,运动户外,运动休闲,单件,374,47666.43,366,2,370,29,9,3013.27,365,373,36,1638,11,0,3,7,1,0,12
2018-07,运动户外,运动休闲,单商家多SKU,2,617.99,2,0,2,0,0,7.00,2,2,0,8,1,0,0,0,1,0,1
2018-07,运动户外,运动休闲,同SKU多件,29,5208.47,29,0,29,1,1,236.76,29,29,3,124,3,0,0,0,3,0,1
2018-07,运动户外,运动休闲,多商家,9,1971.09,9,0,9,0,0,75.29,9,9,3,28,3,0,0,0,3,0,3
2018-07,图书文娱,进口图书,单件,4,134.92,3,0,3,1,1,32.48,3,4,3,8,0,0,0,0,0,0,1
2018-07,图书文娱,进口图书,单商家多SKU,2,267.86,2,0,2,0,0,21.23,2,2,0,10,0,0,0,0,0,0,0
2018-07,食品酒水,酒水饮料,单件,15,1072.37,14,0,14,1,0,108.64,13,15,0,72,0,0,0,0,0,0,0
2018-07,食品酒水,酒水饮料,单商家多SKU,1,418.80,1,0,1,0,0,2.82,1,1,0,5,0,0,0,0,0,0,0
2018-07,钟表与潮流好物,钟表礼品,单件,497,92844.29,488,0,497,32,11,4682.55,484,491,76,1967,40,15,14,14,2,1,20
2018-07,钟表与潮流好物,钟表礼品,单商家多SKU,4,695.90,4,0,4,0,0,39.22,4,4,2,13,2,0,0,1,1,1,0
2018-07,钟表与潮流好物,钟表礼品,同SKU多件,5,927.80,5,0,5,0,0,53.08,5,5,0,21,1,0,0,0,1,0,0
2018-07,钟表与潮流好物,钟表礼品,多商家,7,1832.15,7,0,7,0,0,46.56,7,7,4,16,2,0,1,1,1,0,1
2018-07,服饰鞋包,鞋靴,单件,5,820.19,5,0,5,1,0,79.60,5,5,0,24,0,0,0,0,0,0,0
2018-07,图书文娱,音乐,单件,3,849.30,3,0,3,0,0,21.63,3,3,0,15,0,0,0,0,0,0,0
2018-07,食品酒水,食品,单件,54,2926.25,54,0,54,4,1,384.71,54,54,4,238,3,0,1,1,1,0,1
2018-07,食品酒水,食品,同SKU多件,4,388.43,4,0,4,0,0,27.99,4,3,1,11,1,0,0,0,1,0,0
2018-07,食品酒水,食品饮料,单件,12,621.75,11,1,11,0,0,84.62,11,12,1,53,0,0,0,0,0,0,1
2018-07,食品酒水,食品饮料,同SKU多件,3,191.98,3,0,3,0,0,18.08,3,3,0,13,0,0,0,0,0,0,0
2018-07,美妆个护,香水香氛,单件,151,19691.52,145,4,145,7,3,1106.65,145,150,9,681,1,0,0,1,0,0,2
2018-07,美妆个护,香水香氛,单商家多SKU,9,1153.29,9,0,9,0,0,62.83,9,9,0,41,0,0,0,0,0,0,0
2018-07,美妆个护,香水香氛,同SKU多件,11,1078.26,11,0,11,0,0,64.05,11,11,2,47,1,0,0,0,1,0,1
2018-07,美妆个护,香水香氛,多商家,1,237.00,1,0,1,0,0,2.96,1,1,0,5,0,0,0,0,0,0,0
2018-07,家居家纺,鲜花绿植,单件,2,47.99,2,0,2,0,0,20.31,2,2,0,10,0,0,0,0,0,0,0
2018-08,图书文娱,专业图书,单件,27,1433.79,27,0,27,3,3,169.36,27,27,0,127,0,0,0,0,0,0,0
2018-08,图书文娱,专业图书,同SKU多件,1,50.00,1,0,1,1,0,5.99,1,1,0,5,0,0,0,0,0,0,0
2018-08,图书文娱,乐器,单件,38,10390.64,38,0,38,6,3,316.62,38,38,1,170,0,0,0,0,0,0,1
2018-08,图书文娱,乐器,同SKU多件,1,128.70,1,0,1,0,0,8.08,1,1,0,3,0,0,0,0,0,0,0
2018-08,汽配工具,五金工具,单件,14,1255.77,14,0,14,1,1,120.55,14,13,1,58,0,0,0,0,0,0,0
2018-08,服饰鞋包,内衣泳装,单件,2,219.90,1,0,2,1,0,8.40,1,2,1,4,0,0,0,0,0,0,1
2018-08,其他,农业工商,单件,11,3582.79,11,0,11,0,0,58.10,11,11,1,44,1,0,0,1,0,0,0
2018-08,其他,农业工商,同SKU多件,3,1438.30,3,0,3,0,0,29.24,3,3,1,10,1,0,0,0,1,0,0
2018-08,家居家纺,办公家具,单件,19,4711.52,19,0,19,4,2,239.54,19,19,1,86,1,0,1,0,0,0,1
2018-08,家居家纺,办公家具,同SKU多件,5,2047.35,5,0,5,0,0,65.90,5,5,2,16,2,0,0,0,2,0,0
2018-08,家居家纺,卧室家具,单件,8,1649.00,8,0,8,0,0,61.95,8,8,0,38,0,0,0,0,0,0,0
2018-08,家居家纺,卧室家具,同SKU多件,2,548.00,2,0,2,1,1,27.98,2,2,1,7,0,0,0,0,0,0,1
2018-08,家用电器,厨房料理电器,单件,5,1838.50,4,1,4,0,0,28.00,4,5,1,18,0,0,0,0,0,0,0
2018-08,家居家纺,厨房餐厅庭院家具,单件,17,1671.97,16,0,17,2,0,95.98,16,17,1,76,0,0,0,0,0,0,1
2018-08,家居家纺,厨房餐厅庭院家具,同SKU多件,1,418.00,1,0,1,0,0,1.09,1,1,0,5,0,0,0,0,0,0,0
2018-08,汽配工具,园林建材,单件,13,1900.18,13,0,13,1,2,113.32,13,13,1,58,1,0,1,0,0,1,0
2018-08,汽配工具,园林建材,单商家多SKU,1,76.35,1,0,1,0,0,7.63,1,1,1,1,0,0,0,0,0,0,0
2018-08,汽配工具,园林建材,同SKU多件,2,188.98,2,0,2,0,0,4.70,2,2,1,7,1,0,0,1,0,0,0
2018-08,汽配工具,园林建材,多商家,2,1854.70,2,0,2,0,0,17.86,2,2,1,5,1,0,0,0,1,0,0
2018-08,汽配工具,园艺工具,单件,105,14465.53,103,1,104,8,3,797.11,102,105,6,461,1,0,0,1,0,0,2
2018-08,汽配工具,园艺工具,单商家多SKU,1,523.00,1,0,1,0,0,6.42,1,1,0,3,0,0,0,0,0,0,0
2018-08,汽配工具,园艺工具,同SKU多件,8,794.62,8,0,8,0,0,59.39,8,8,0,37,0,0,0,0,0,0,0
2018-08,汽配工具,园艺工具,多商家,2,266.23,2,0,2,0,0,19.39,2,2,1,6,1,0,0,0,1,0,1
2018-08,3C数码,固定电话,单件,10,2724.17,10,0,10,2,1,98.60,10,10,2,42,1,0,0,1,0,0,0
2018-08,家居家纺,圣诞用品,单件,11,564.37,10,0,10,1,0,67.98,10,11,1,44,1,0,0,1,0,0,0
2018-08,图书文娱,大众图书,单件,31,1443.98,31,0,31,6,5,228.27,31,31,2,142,0,0,0,0,0,0,2
2018-08,图书文娱,大众图书,单商家多SKU,1,61.00,1,0,1,0,0,13.14,1,1,1,1,0,0,0,0,0,0,1
2018-08,图书文娱,大众图书,同SKU多件,1,39.90,1,0,1,0,0,3.15,1,1,0,4,0,0,0,0,0,0,0
2018-08,服饰鞋包,女装,单件,1,34.99,1,0,1,1,0,15.40,1,1,0,5,0,0,0,0,0,0,0
2018-08,服饰鞋包,女装,单商家多SKU,1,94.98,1,0,1,0,0,2.52,1,1,0,3,0,0,0,0,0,0,0
2018-08,母婴玩具,婴童用品,单件,190,20380.85,185,1,186,27,17,1466.40,185,190,25,800,5,0,0,5,0,0,5
2018-08,母婴玩具,婴童用品,单商家多SKU,2,197.60,2,0,2,0,0,17.91,2,2,0,9,0,0,0,0,0,0,0
2018-08,母婴玩具,婴童用品,同SKU多件,5,507.28,5,0,5,0,0,23.80,5,5,0,25,0,0,0,0,0,0,0
2018-08,母婴玩具,婴童用品,多商家,6,1059.09,6,0,6,0,0,39.10,6,6,3,20,1,0,0,0,1,0,2
2018-08,汽配工具,安防工具,单件,18,3069.87,17,1,17,1,0,144.21,17,18,3,69,1,0,0,0,1,0,1
2018-08,汽配工具,安防工具,单商家多SKU,1,450.25,1,0,1,0,0,4.11,1,1,0,5,0,0,0,0,0,0,0
2018-08,汽配工具,安防工具,同SKU多件,2,515.00,2,0,2,0,0,7.23,2,2,0,9,0,0,0,0,0,0,0
2018-08,宠物,宠物用品,单件,141,20706.94,140,1,140,15,7,1051.33,139,141,9,623,1,0,0,1,1,0,6
2018-08,宠物,宠物用品,单商家多SKU,5,1134.36,5,0,5,1,1,51.20,5,5,2,17,1,0,0,1,0,0,0
2018-08,宠物,宠物用品,同SKU多件,18,2833.08,18,0,18,2,1,109.32,18,18,1,83,0,0,0,0,0,0,0
2018-08,宠物,宠物用品,多商家,3,239.59,3,0,3,0,0,23.65,3,3,2,7,0,0,0,0,0,0,1
2018-08,家居家纺,客厅家具,单件,32,4531.98,32,0,32,8,5,283.82,31,32,4,132,3,0,2,1,0,0,2
2018-08,家居家纺,客厅家具,同SKU多件,1,106.60,1,0,1,0,0,1.49,1,1,0,5,0,0,0,0,0,0,0
2018-08,家居家纺,客厅家具,多商家,4,755.76,4,0,4,0,0,27.56,4,4,4,6,1,0,0,0,1,0,2
2018-08,家居家纺,家具软装,单件,277,29645.13,274,1,276,34,18,2335.29,273,276,16,1231,7,0,1,6,1,0,5
2018-08,家居家纺,家具软装,单商家多SKU,9,1816.44,9,0,9,1,1,79.91,9,9,3,30,1,0,0,0,1,0,1
2018-08,家居家纺,家具软装,同SKU多件,34,5244.64,34,0,34,6,2,290.31,34,34,5,140,3,0,0,0,3,0,1
2018-08,家居家纺,家具软装,多商家,11,4266.54,11,0,11,0,0,107.19,11,11,6,28,3,0,1,0,2,0,3
2018-08,家居家纺,家庭日用,单件,507,52793.97,494,4,502,39,27,3423.41,491,504,44,2207,11,0,5,7,1,0,11
2018-08,家居家纺,家庭日用,单商家多SKU,1,809.40,1,0,1,0,0,6.98,1,1,0,5,0,0,0,0,0,0,0
2018-08,家居家纺,家庭日用,同SKU多件,41,5506.12,41,0,41,4,4,267.93,41,40,5,169,3,0,1,0,2,0,0
2018-08,家居家纺,家庭日用,多商家,6,978.57,6,0,6,0,0,27.93,6,6,4,14,3,0,0,0,3,0,1
2018-08,家用电器,家用电器,单件,63,6554.40,61,1,62,6,6,543.77,60,63,7,264,3,0,1,1,1,0,1
2018-08,家用电器,家用电器,同SKU多件,1,30.00,1,0,1,0,0,5.02,1,1,0,5,0,0,0,0,0,0,0
2018-08,家用电器,家用电器2,单件,15,9882.76,14,1,14,3,1,141.84,14,15,3,56,0,0,0,0,0,0,2
2018-08,汽配工具,家装建材,单件,36,5369.43,35,0,36,7,2,422.00,35,36,5,144,2,0,1,0,1,0,3
2018-08,汽配工具,家装建材,单商家多SKU,1,379.75,1,0,1,1,0,14.17,1,1,0,5,0,0,0,0,0,0,0
2018-08,汽配工具,家装建材,同SKU多件,3,577.28,3,0,3,1,0,33.31,3,3,0,15,0,0,0,0,0,0,0
2018-08,汽配工具,家装建材,多商家,3,656.30,3,0,3,0,0,30.95,3,3,2,6,3,0,0,0,3,0,0
2018-08,家用电器,小家电,单件,25,6759.06,23,1,23,1,1,178.29,23,24,3,96,2,0,0,2,0,0,1
2018-08,家居家纺,居家舒适,单件,14,2061.48,14,0,14,0,1,103.64,13,14,0,68,0,0,0,0,0,0,0
2018-08,家居家纺,居家舒适,同SKU多件,1,179.80,1,0,1,0,0,9.15,1,1,1,1,0,0,0,0,0,0,0
2018-08,其他,工商业用品,单件,8,2254.69,8,0,8,0,1,35.03,8,8,1,33,0,0,0,0,0,0,0
2018-08,其他,工商业用品,同SKU多件,1,110.00,1,0,1,0,0,4.93,1,1,0,3,0,0,0,0,0,0,0
2018-08,其他,平台综合,单件,8,949.27,8,0,8,2,1,84.35,8,8,2,30,0,0,0,0,0,0,0
2018-08,家居家纺,床品布艺卫浴,单件,468,46480.07,465,0,467,30,25,3551.18,460,464,55,1938,19,0,10,11,2,0,15
2018-08,家居家纺,床品布艺卫浴,单商家多SKU,26,4061.48,26,0,26,1,2,184.14,26,26,6,99,4,0,0,1,3,0,3
2018-08,家居家纺,床品布艺卫浴,同SKU多件,37,6370.75,37,0,37,2,1,274.12,37,37,1,167,3,0,1,0,2,0,0
2018-08,家居家纺,床品布艺卫浴,多商家,23,4660.10,23,0,23,0,0,161.91,23,23,9,68,5,0,0,0,5,0,5
2018-08,汽配工具,建筑工具,单件,105,18407.49,105,0,105,6,11,729.70,105,105,8,450,4,0,2,2,0,0,3
2018-08,汽配工具,建筑工具,单商家多SKU,2,371.78,2,0,2,0,0,20.75,2,2,0,8,0,0,0,0,0,0,0
2018-08,汽配工具,建筑工具,同SKU多件,11,2120.32,11,0,11,2,1,89.61,11,11,2,43,1,0,0,0,1,0,1
2018-08,汽配工具,建筑工具,多商家,3,1801.00,3,0,3,0,0,21.33,3,3,0,13,0,0,0,0,0,0,0
2018-08,图书文娱,影视光碟,单件,1,8.90,1,0,1,0,0,6.00,1,1,0,5,0,0,0,0,0,0,0
2018-08,3C数码,影音设备,单件,21,1882.80,21,0,21,3,0,149.04,21,21,1,97,1,0,1,0,0,0,0
2018-08,3C数码,影音设备,单商家多SKU,1,242.90,1,0,1,0,0,6.88,1,1,0,5,0,0,0,0,0,0,0
2018-08,3C数码,影音设备,同SKU多件,2,59.60,2,0,2,0,0,11.60,2,2,1,4,1,0,0,0,1,0,0
2018-08,家居家纺,手工艺品,单件,9,901.76,9,0,9,2,0,48.73,9,9,1,41,1,0,1,0,0,0,0
2018-08,3C数码,手机通讯,单件,231,31367.03,225,0,227,13,11,2058.14,225,229,30,948,16,1,12,2,1,0,3
2018-08,3C数码,手机通讯,单商家多SKU,3,115.45,3,0,3,0,0,6.59,3,3,1,9,1,0,0,1,0,0,0
2018-08,3C数码,手机通讯,同SKU多件,11,5999.52,11,0,11,0,0,115.34,11,11,3,36,2,0,0,0,2,0,1
2018-08,3C数码,手机通讯,多商家,1,59.89,1,0,1,0,0,3.23,1,1,1,1,1,0,0,0,1,0,0
2018-08,3C数码,摄影摄像,单件,8,653.48,7,0,7,0,0,43.65,7,8,1,31,0,0,0,0,0,0,1
2018-08,3C数码,摄影摄像,同SKU多件,1,31.80,1,0,1,0,0,3.98,1,1,0,5,0,0,0,0,0,0,0
2018-08,图书文娱,文具,单件,147,14236.39,146,0,147,18,10,1209.27,143,146,6,667,1,0,1,0,0,0,3
2018-08,图书文娱,文具,单商家多SKU,3,438.60,3,0,3,0,0,24.40,3,3,0,15,0,0,0,0,0,0,0
2018-08,图书文娱,文具,同SKU多件,8,688.76,8,0,8,3,2,61.41,8,8,0,36,0,0,0,0,0,0,0
2018-08,图书文娱,文具,多商家,1,358.16,1,0,1,0,0,6.55,1,1,0,5,0,0,0,0,0,0,0
2018-08,服饰鞋包,旅行箱包,单件,59,6371.15,57,1,58,3,2,376.34,55,59,7,254,0,0,0,0,0,0,3
2018-08,服饰鞋包,旅行箱包,同SKU多件,2,119.60,2,0,2,0,0,10.92,2,2,0,10,0,0,0,0,0,0,0
2018-08,服饰鞋包,旅行箱包,多商家,1,174.90,1,0,1,0,0,2.13,1,1,1,2,1,0,0,0,1,0,1
2018-08,未知,无商品明细,无商品明细,60,0.00,0,60,0,0,0,,0,58,37,125,0,0,0,0,0,0,7
2018-08,未知,未知品类,单件,27,2235.50,26,0,26,2,0,198.52,26,27,1,119,1,0,1,0,0,0,0
2018-08,未知,未知品类,同SKU多件,1,95.10,1,0,1,1,1,9.24,1,1,0,5,0,0,0,0,0,0,0
2018-08,未知,未知品类,多商家,1,84.89,1,0,1,0,0,4.38,1,1,0,5,0,0,0,0,0,0,0
2018-08,汽配工具,标识安防,单件,12,1266.25,12,0,12,0,0,92.11,12,12,0,57,0,0,0,0,0,0,0
2018-08,汽配工具,标识安防,同SKU多件,4,559.34,4,0,4,0,0,30.20,4,4,0,16,1,0,0,0,1,0,0
2018-08,汽配工具,汽车用品,单件,330,42186.16,323,3,327,30,19,2345.89,319,329,32,1407,11,0,3,7,2,0,12
2018-08,汽配工具,汽车用品,单商家多SKU,2,1146.72,2,0,2,0,0,13.31,2,2,0,10,0,0,0,0,0,0,0
2018-08,汽配工具,汽车用品,同SKU多件,10,1240.54,10,0,10,1,1,82.17,10,10,1,42,1,0,0,0,1,0,0
2018-08,汽配工具,汽车用品,多商家,7,872.30,7,0,7,0,0,41.73,7,7,3,22,3,0,0,1,2,0,1
2018-08,家居家纺,派对用品,单件,13,1205.39,13,0,13,1,0,87.55,13,13,1,56,2,0,0,2,0,0,0
2018-08,3C数码,游戏主机,单件,51,3978.79,48,1,48,1,0,357.25,48,51,7,202,4,1,3,1,0,0,2
2018-08,3C数码,游戏主机,同SKU多件,5,845.70,5,0,5,0,0,47.41,5,5,1,18,1,1,0,0,0,0,0
2018-08,钟表与潮流好物,潮流好物,单件,115,15859.98,111,0,115,20,11,942.42,110,115,19,466,6,2,2,1,1,0,5
2018-08,钟表与潮流好物,潮流好物,同SKU多件,3,384.80,3,0,3,1,0,31.89,3,3,1,9,2,0,1,0,1,0,1
2018-08,钟表与潮流好物,潮流好物,多商家,1,69.80,1,0,1,0,0,5.46,1,1,1,1,0,0,0,0,0,0,1
2018-08,汽配工具,灯具照明,单件,43,5828.28,43,0,43,2,4,338.48,43,43,2,182,0,0,0,0,0,0,2
2018-08,汽配工具,灯具照明,单商家多SKU,2,939.70,2,0,2,0,0,11.58,2,2,0,10,0,0,0,0,0,0,0
2018-08,汽配工具,灯具照明,同SKU多件,3,413.98,3,0,3,0,0,16.56,3,3,1,11,1,0,1,0,0,0,0
2018-08,汽配工具,灯具照明,多商家,1,319.99,1,0,1,0,0,8.15,1,1,1,1,1,0,0,0,1,0,0
2018-08,家用电器,烤箱咖啡机,单件,17,2996.72,17,0,17,1,0,114.79,17,17,1,73,1,0,0,1,0,0,0
2018-08,母婴玩具,玩具,单件,138,15225.68,135,3,135,13,11,941.92,134,135,15,572,8,0,4,4,1,0,6
2018-08,母婴玩具,玩具,同SKU多件,9,844.60,8,1,8,2,1,53.33,8,9,3,33,1,0,0,1,0,0,0
2018-08,母婴玩具,玩具,多商家,6,1942.44,6,0,6,0,0,31.99,6,6,3,16,3,0,0,0,3,0,2
2018-08,3C数码,电子产品,单件,107,10104.39,106,0,106,5,6,814.29,106,107,13,450,6,0,2,4,0,0,4
2018-08,3C数码,电子产品,同SKU多件,4,181.68,4,0,4,0,0,50.55,4,4,1,15,1,0,0,0,1,0,1
2018-08,3C数码,电子产品,多商家,3,831.59,3,0,3,0,0,10.75,2,3,1,9,2,0,0,0,2,0,0
2018-08,3C数码,电竞电脑,单件,1,219.00,1,0,1,0,0,10.66,1,1,0,4,0,0,0,0,0,0,0
2018-08,3C数码,电脑整机,单件,7,4223.50,7,0,7,1,0,49.87,7,7,0,30,0,0,0,0,0,0,0
2018-08,3C数码,电脑整机,同SKU多件,2,3098.00,2,0,2,0,0,16.27,2,2,1,6,1,0,0,0,1,0,1
2018-08,3C数码,电脑整机,多商家,1,1467.80,1,0,1,1,0,8.55,1,1,1,1,1,0,0,0,1,0,1
2018-08,3C数码,电脑配件,单件,357,34285.45,353,1,355,40,18,2939.30,350,356,28,1546,11,1,5,3,2,2,5
2018-08,3C数码,电脑配件,单商家多SKU,2,566.90,2,0,2,0,0,12.51,2,2,0,10,0,0,0,0,0,0,0
2018-08,3C数码,电脑配件,同SKU多件,21,5031.11,21,0,21,5,2,208.60,21,21,3,88,4,1,2,0,3,0,0
2018-08,3C数码,电脑配件,多商家,3,437.49,3,0,3,1,0,28.88,3,3,3,5,3,0,0,0,3,0,0
2018-08,服饰鞋包,男装,单件,3,381.69,3,0,3,0,0,29.09,3,3,0,14,0,0,0,0,0,0,0
2018-08,家用电器,空调冷暖,单件,14,2767.30,14,0,14,0,0,102.45,14,14,1,59,1,0,1,0,0,0,0
2018-08,家用电器,空调冷暖,同SKU多件,3,789.60,3,0,3,1,0,27.93,3,3,1,9,0,0,0,0,0,0,0
2018-08,服饰鞋包,箱包配饰,单件,117,7688.83,116,0,117,6,4,823.39,115,117,10,507,1,0,1,0,0,0,2
2018-08,服饰鞋包,箱包配饰,单商家多SKU,2,246.00,2,0,2,0,0,11.94,2,2,2,3,2,0,1,1,1,0,0
2018-08,服饰鞋包,箱包配饰,同SKU多件,2,177.80,2,0,2,0,0,15.76,2,2,0,7,0,0,0,0,0,0,0
2018-08,服饰鞋包,箱包配饰,多商家,1,64.80,1,0,1,0,0,5.66,1,1,1,1,0,0,0,0,0,0,0
2018-08,母婴玩具,纸尿裤卫生,单件,3,231.89,3,0,3,0,0,17.25,3,3,0,14,0,0,0,0,0,0,0
2018-08,美妆个护,美妆健康,单件,719,109794.17,707,6,711,81,53,5605.30,702,717,55,3155,13,0,4,7,3,0,25
2018-08,美妆个护,美妆健康,单商家多SKU,15,3256.56,15,0,15,2,2,140.74,15,15,3,58,1,0,0,0,1,0,2
2018-08,美妆个护,美妆健康,同SKU多件,33,6181.23,32,0,33,3,0,225.26,32,32,7,131,4,0,1,0,3,0,1
2018-08,美妆个护,美妆健康,多商家,7,1528.34,7,0,7,0,0,38.67,7,7,0,32,0,0,0,0,0,0,1
2018-08,家居家纺,艺术品,单件,16,1272.40,16,0,16,8,4,169.57,16,16,2,69,0,0,0,0,0,0,0
2018-08,家居家纺,艺术品,多商家,1,301.48,1,0,1,0,0,6.87,1,1,1,1,0,0,0,0,0,0,1
2018-08,运动户外,运动休闲,单件,397,47528.77,393,2,394,23,20,2889.74,391,396,33,1754,11,0,4,6,1,0,9
2018-08,运动户外,运动休闲,单商家多SKU,4,716.40,4,0,4,1,0,25.89,4,4,1,16,1,0,0,0,1,0,0
2018-08,运动户外,运动休闲,同SKU多件,27,2735.32,27,0,27,0,0,136.51,25,27,2,115,2,0,0,0,2,0,0
2018-08,运动户外,运动休闲,多商家,7,761.54,7,0,7,0,0,38.00,7,7,4,21,1,0,0,0,1,0,0
2018-08,服饰鞋包,运动服饰,单件,1,69.90,1,0,1,0,0,10.92,1,1,0,3,0,0,0,0,0,0,0
2018-08,图书文娱,进口图书,单件,1,749.00,1,0,1,0,0,15.26,1,1,0,5,0,0,0,0,0,0,0
2018-08,食品酒水,酒水饮料,单件,22,1287.29,22,0,22,2,1,111.87,20,22,2,92,1,0,0,0,1,0,1
2018-08,食品酒水,酒水饮料,同SKU多件,2,180.45,1,0,1,0,0,8.29,1,2,2,3,0,0,0,0,0,0,0
2018-08,钟表与潮流好物,钟表礼品,单件,370,68185.44,365,0,369,22,27,2876.66,363,370,39,1567,22,3,15,4,3,0,8
2018-08,钟表与潮流好物,钟表礼品,单商家多SKU,10,1666.80,10,0,10,0,1,71.91,10,10,1,41,1,0,0,0,1,0,1
2018-08,钟表与潮流好物,钟表礼品,同SKU多件,5,933.34,5,0,5,0,0,40.79,5,5,1,18,0,0,0,0,0,0,0
2018-08,钟表与潮流好物,钟表礼品,多商家,5,1353.68,5,0,5,0,0,36.87,5,5,5,7,3,0,1,0,2,0,2
2018-08,服饰鞋包,鞋靴,单件,3,471.30,3,0,3,0,0,20.04,3,3,0,14,0,0,0,0,0,0,0
2018-08,图书文娱,音乐,单件,6,497.81,6,0,6,0,0,55.90,6,6,0,28,0,0,0,0,0,0,0
2018-08,食品酒水,食品,单件,91,6950.80,90,0,91,12,9,498.79,89,91,8,417,1,0,1,0,0,0,2
2018-08,食品酒水,食品,单商家多SKU,2,204.70,2,0,2,0,0,7.04,2,2,0,9,0,0,0,0,0,0,0
2018-08,食品酒水,食品,同SKU多件,9,936.68,9,0,9,0,1,30.79,8,9,1,39,1,0,0,0,1,0,0
2018-08,食品酒水,食品饮料,单件,14,861.63,14,0,14,2,0,84.29,14,14,0,66,0,0,0,0,0,0,0
2018-08,食品酒水,食品饮料,单商家多SKU,1,130.00,1,0,1,0,0,3.77,1,1,0,5,0,0,0,0,0,0,0
2018-08,食品酒水,食品饮料,同SKU多件,1,36.98,1,0,1,0,0,7.47,1,1,0,5,0,0,0,0,0,0,0
2018-08,美妆个护,香水香氛,单件,190,21872.23,187,0,189,12,14,1301.72,187,190,20,835,5,2,2,1,1,0,9
2018-08,美妆个护,香水香氛,单商家多SKU,3,380.06,3,0,3,0,0,29.83,3,2,0,10,0,0,0,0,0,0,0
2018-08,美妆个护,香水香氛,同SKU多件,12,2285.80,11,0,12,1,1,75.44,11,11,3,40,3,1,0,1,2,0,0
2018-08,美妆个护,香水香氛,多商家,2,504.59,2,0,2,0,0,13.42,2,2,1,6,0,0,0,0,0,0,0
